<?xml version="1.0" encoding="UTF-8"?>
<clinical_study rank="325">
  <!-- This xml conforms to an XML Schema at:
    https://clinicaltrials.gov/ct2/html/images/info/public.xsd -->
  <required_header>
    <download_date>ClinicalTrials.gov processed this data on August 15, 2017</download_date>
    <link_text>Link to the current ClinicalTrials.gov record.</link_text>
    <url>https://clinicaltrials.gov/show/NCT00667771</url>
  </required_header>
  <id_info>
    <org_study_id>080125</org_study_id>
    <secondary_id>08-AA-0125</secondary_id>
    <nct_id>NCT00667771</nct_id>
  </id_info>
  <brief_title>The Effect of Naltrexone on Alcohol Craving and on Brain Activity During Alcohol Infusion</brief_title>
  <official_title>Effect of Naltrexone on Craving and Ethanol-Induced Brain Activity</official_title>
  <sponsors>
    <lead_sponsor>
      <agency>National Institute on Alcohol Abuse and Alcoholism (NIAAA)</agency>
      <agency_class>NIH</agency_class>
    </lead_sponsor>
  </sponsors>
  <source>National Institutes of Health Clinical Center (CC)</source>
  <brief_summary>
    <textblock>
      This study will determine whether naltrexone, a medicine used to treat alcoholism, can lessen
      the craving for alcohol during alcohol withdrawal and examine how the drug affects brain
      activity during alcohol infusion.

      People between 21 and 50 years of age who are right-handed, alcohol-dependent, and have at
      least one family member with a history of alcoholism, may be eligible for this study.

      Participants are admitted to the NIH Clinical Center for 1 month for the following
      procedures:

      Screening

        -  Medical history, alcohol-use history and family history of alcoholism

        -  Physical examination, psychological tests and blood tests

        -  Medicine to lessen alcohol withdrawal symptoms, if necessary

      Days 1-7

        -  Alcohol detoxification

        -  Medical and psychological evaluations

        -  Assignment to naltrexone or placebo group

      Days 7 through 28

        -  Drug treatment: Take naltrexone or placebo capsule every morning

        -  Additional alcohol-dependence treatment: Cognitive and behavioral therapies and
           participation in self-help groups, such as Alcoholics Anonymous

        -  Weekly questionnaires to measure mood and desire for alcohol

        -  Blood tests

        -  Alcohol craving stimulation test (day 7): Subjects handle and sniff water and then their
           favorite alcoholic beverage. They then rate their urge to drink alcohol and their level
           of anxiety and their heart rate is measured.

        -  Alcohol infusion test (day 9): Subjects have an MRI scan during infusion through a vein
           of saline (salt water), followed by infusion of alcohol. For this test, a catheter
           (plastic tube) is placed in a vein in each arm, one for administering the saline and
           then alcohol; the other for drawing blood samples to measure blood alcohol level and
           body chemistries. Before, during and after the infusion, subjects are asked to respond
           to questions about their feelings, cravings and mood changes.

      Follow-up

      Subjects are asked to participate in a 3-month outpatient assessment program involving five
      outpatient visits (at 1, 2, 4, 8 and 12 weeks after discharge). At each visit, they fill out
      questionnaires and to take a breathalyzer test and blood and urine tests for drugs. They may
      continue naltrexone therapy and weekly group therapy sessions during this time. Subjects who
      do not participate in the assessment program are contacted at home by phone once a week for 1
      month and then every other week for the next 2 months to monitor alcohol abstinence.
    </textblock>
  </brief_summary>
  <detailed_description>
    <textblock>
      Alcoholism is a chronic, progressive, brain disorder with a profound impact on individuals'
      lives and economic cost to society. The positive reinforcing effect of alcohol is a key
      element in the transitional development from alcohol intake to alcohol addiction. Findings
      from animal and human studies indicate that the rewarding properties of ethanol arise in part
      from a complex interaction between alcohol, endogenous opioids, and dopamine (DA) systems.
      Acute administration of ethanol increases the release of opioid peptides, which in turn,
      increases the release of DA in the mesocorticolimbic system. Naltrexone (NTX), an opioid
      receptor antagonist, has been studied widely in both preclinical and clinical research for
      the treatment of alcoholism. Numerous clinical studies have shown that short-term use of NTX
      on alcohol-dependent patients effectively prevents relapse and reduces the level of craving.
      Genetic studies have suggested that individuals with mu-opioid receptors (OPRMs) encoded by
      the 118G gain-of function variant allele experience a greater therapeutic response to NTX.
      There are no data utilizing functional Magnetic Resonance Imaging (fMRI) to study the effect
      of NTX on brain activity during an intravenous (IV) infusion of ethanol.

      Objectives:

      To study the effect of NTX on the blood oxygen level dependent (BOLD) response in the ventral
      striatum area of the brain in response to an ethanol infusion.

      To study the effect of NTX on cue reactivity (CR) to alcohol-associated cues.

      Study population:

      Alcohol-dependent patients between the ages of 21-50 years.

      Design:

      All participants will complete a screening telephone interview before coming to the NIAAA
      Inpatient Unit. The interviewer will inform eligible participants about the requirements and
      procedures associated with current protocols. Following admission to NIAAA Inpatient Unit,
      all participants will be enrolled in the Assessment and Treatment of People with Alcohol
      Drinking Problems protocol (#05-AA-0121). Protocol 05-AA-0121 will allow us to evaluate each
      participant's general medical and psychiatric conditions and provide standard of care for
      treatment seeking alcoholics.

      Participants, who fulfill the specific requirements of the NTX protocol, will be thoroughly
      informed about the nature of the study before obtaining an informed consent. Consented
      participants will be randomized, using a double-blind design, to receive either 50 mg of NTX
      per day or placebo. Medications will be administered at 8:00 AM on a daily basis by the
      nursing staff.

      Prior to the challenge procedures (CR on Day 7 and fMRI/ethanol infusion on Day 9), a
      clinical nurse specialist who is not involved with the protocol will re-consent each
      participant when they are not in acute withdrawal. The re-consenting process will provide
      reassurance that participants understand the requirements and implications associated with
      participation in the CR and fMRI/ethanol infusion procedures. Individuals who elect not to
      participate in the CR and fMRI/ethanol infusion sessions will be discharged from the
      in-patient unit and encouraged to continue treatment in the NIAAA Outpatient Clinic for the
      next three months.

      Participants who elect to remain in the study will take part in the CR session on Day 7 and
      fMRI/ethanol infusion session on Day 9 (procedures are described on Page 13 under study
      procedures). Following the fMRI/ethanol infusion session, participants will remain in the
      hospital for approximately three weeks to monitor their craving and take part in our
      inpatient treatment program for alcoholism. During the post-challenge hospitalization, all
      participants will be offered 50 mg of NTX once a day. Following discharge from the hospital,
      participants will be encouraged to continue treatment in NIAAA Outpatient Clinic for three
      months.

      Outcome Measures:

      BOLD response during the ethanol infusion challenge.

      BOLD brain response to emotional facial stimuli.

      Self-reported Alcohol Urge Questionnaires (AUQ), Penn Alcohol Craving Scale (PACS), Obsessive
      Compulsive Drinking Scale (OCDS) and Profile of Mood Status (POMS).

      Hormonal responses to the ethanol challenge: plasma ACTH, cortisol, and beta-endorphin.

      Subjective responses to the ethanol challenge as rated by stimulation, sedation, high, and
      intoxication questionnaires.

      Cue-induced craving during the CR session.
    </textblock>
  </detailed_description>
  <overall_status>Completed</overall_status>
  <start_date>April 22, 2008</start_date>
  <completion_date type="Actual">April 4, 2011</completion_date>
  <primary_completion_date type="Actual">December 27, 2010</primary_completion_date>
  <phase>Early Phase 1</phase>
  <study_type>Interventional</study_type>
  <has_expanded_access>No</has_expanded_access>
  <study_design_info>
    <allocation>Randomized</allocation>
    <intervention_model>Parallel Assignment</intervention_model>
    <primary_purpose>Treatment</primary_purpose>
    <masking>Double Blind (masked roles unspecified)</masking>
  </study_design_info>
  <primary_outcome>
    <measure>BOLD response during the ethanol infusion challenge</measure>
  </primary_outcome>
  <secondary_outcome>
    <measure>Self-reported AUQ, PACS, OCDS, POMS and cue-induced craving during the CR session</measure>
  </secondary_outcome>
  <number_of_arms>1</number_of_arms>
  <enrollment type="Actual">70</enrollment>
  <condition>Alcohol Dependence</condition>
  <condition>Alcoholism</condition>
  <intervention>
    <intervention_type>Drug</intervention_type>
    <intervention_name>Naltrexone</intervention_name>
  </intervention>
  <eligibility>
    <criteria>
      <textblock>
        -  INCLUSION CRITERIA:

        All participants must:

          -  be right-handed

          -  between 21 and 50 years of age

          -  meet the DSM-IV diagnostic criteria for alcohol dependence (polysubstance abuse is
             common in younger alcohol-dependent patients, and will not be exclusionary)

          -  have a positive family history of alcoholism (one or more first-degree relatives with
             alcohol problems)

        In addition, female participants:

          -  must have a negative urine pregnancy test (beta-hCG)

          -  of childbearing capability will be required to use a double contraceptive method (such
             as oral contraceptives, condom with spermicide or intra-uterine device with
             spermicide) from the start of the study until at least one month following the last
             dose of NTX.

        EXCLUSION CRITERIA:

        General exclusion criteria for the NIAAA Intramural treatment program:

          -  people who present with complicated medical problems requiring intensive medical or
             diagnostic management, such as uncontrolled hypertension, gastro-intestinal (GI)
             bleeding, major organ or body system dysfunction or thyroid disease

          -  people who are infected with human immunodeficiency virus (HIV)

          -  serious neuro-psychiatric conditions which impair judgment or cognitive function to an
             extent that precludes them from providing informed consent or complying with study
             procedures, such as psychotic illness, or severe dementia (individuals not competent
             to give informed consent)

          -  people who are unlikely or unable to complete the study because they are likely to be
             incarcerated while on the protocol

          -  people who are required to receive treatment by a court of law or who are
             involuntarily committed to treatment

        Specific exclusion criteria for this protocol include:

          -  clinically significant hepatobiliary disease

          -  a history of facial flushing in response to alcohol

          -  a history of seizures

          -  currently psychotic

          -  currently abusing opioids

          -  use of psychotropic medications (antidepressant, lithium, antipsychotic, anxiolytic,
             antiepileptic) regularly within the last 4 weeks prior to admission

          -  having a positive pregnancy test, contemplating pregnancy in the next 3 months,
             nursing, or not using an effective contraceptive method (if the participant is of
             child-bearing potential)

          -  a history of allergy or unusual reactions to NTX

          -  have received treatment with NTX in the six-month period prior to enrollment

          -  presence of ferromagnetic brain aneurysm clips, implanted pacemaker, hearing aid, or
             any other metallic implant, such as pins, screws, plates, dentures, or non-removable
             jewelry, in or on the body

          -  pronounced claustrophobia
      </textblock>
    </criteria>
    <gender>All</gender>
    <minimum_age>21 Years</minimum_age>
    <maximum_age>50 Years</maximum_age>
    <healthy_volunteers>No</healthy_volunteers>
  </eligibility>
  <location>
    <facility>
      <name>National Institutes of Health Clinical Center, 9000 Rockville Pike</name>
      <address>
        <city>Bethesda</city>
        <state>Maryland</state>
        <zip>20892</zip>
        <country>United States</country>
      </address>
    </facility>
  </location>
  <location_countries>
    <country>United States</country>
  </location_countries>
  <reference>
    <citation>Appel SB, Wise L, McDaid J, Koyama S, McElvain MA, Brodie MS. The effects of long chain-length n-alcohols on the firing frequency of dopaminergic neurons of the ventral tegmental area. J Pharmacol Exp Ther. 2006 Sep;318(3):1137-45. Epub 2006 Jun 1.</citation>
    <PMID>16740620</PMID>
  </reference>
  <reference>
    <citation>Barr CS, Schwandt M, Lindell SG, Chen SA, Goldman D, Suomi SJ, Higley JD, Heilig M. Association of a functional polymorphism in the mu-opioid receptor gene with alcohol response and consumption in male rhesus macaques. Arch Gen Psychiatry. 2007 Mar;64(3):369-76.</citation>
    <PMID>17339526</PMID>
  </reference>
  <reference>
    <citation>Bart G, Kreek MJ, Ott J, LaForge KS, Proudnikov D, Pollak L, Heilig M. Increased attributable risk related to a functional mu-opioid receptor gene polymorphism in association with alcohol dependence in central Sweden. Neuropsychopharmacology. 2005 Feb;30(2):417-22.</citation>
    <PMID>15525999</PMID>
  </reference>
  <verification_date>April 4, 2011</verification_date>
  <lastchanged_date>June 30, 2017</lastchanged_date>
  <firstreceived_date>April 25, 2008</firstreceived_date>
  <keyword>Alcohol</keyword>
  <keyword>Naltrexone</keyword>
  <keyword>fMRI</keyword>
  <keyword>Alcoholism</keyword>
  <keyword>Alcoholics</keyword>
  <keyword>Alcohol Dependence</keyword>
  <condition_browse>
    <!-- CAUTION:  The following MeSH terms are assigned with an imperfect algorithm            -->
    <mesh_term>Alcoholism</mesh_term>
  </condition_browse>
  <intervention_browse>
    <!-- CAUTION:  The following MeSH terms are assigned with an imperfect algorithm            -->
    <mesh_term>Ethanol</mesh_term>
    <mesh_term>Naltrexone</mesh_term>
  </intervention_browse>
  <!-- Results have not yet been posted for this study                                          -->
</clinical_study>

