<?xml version="1.0" encoding="UTF-8"?>
<clinical_study rank="495">
  <!-- This xml conforms to an XML Schema at:
    https://clinicaltrials.gov/ct2/html/images/info/public.xsd -->
  <required_header>
    <download_date>ClinicalTrials.gov processed this data on August 25, 2017</download_date>
    <link_text>Link to the current ClinicalTrials.gov record.</link_text>
    <url>https://clinicaltrials.gov/show/NCT00699556</url>
  </required_header>
  <id_info>
    <org_study_id>HIC0508000486</org_study_id>
    <secondary_id>R01AA015596</secondary_id>
    <nct_id>NCT00699556</nct_id>
  </id_info>
  <brief_title>Do Treatments for Smoking Cessation Affect Alcohol Drinking? Study 1: Nicotine Replacement Therapy</brief_title>
  <official_title>Do Treatments for Smoking Cessation Affect Alcohol Drinking? Study 1: Nicotine Replacement Therapy</official_title>
  <sponsors>
    <lead_sponsor>
      <agency>Yale University</agency>
      <agency_class>Other</agency_class>
    </lead_sponsor>
    <collaborator>
      <agency>National Institute on Alcohol Abuse and Alcoholism (NIAAA)</agency>
      <agency_class>NIH</agency_class>
    </collaborator>
  </sponsors>
  <source>Yale University</source>
  <oversight_info>
    <has_dmc>Yes</has_dmc>
  </oversight_info>
  <brief_summary>
    <textblock>
      This study examines the effect of combined nicotine replacement therapy (transdermal patch +
      nasal spray vs. transdermal patch + placebo nasal spray) on reactivity to alcohol and
      self-administration behavior.
    </textblock>
  </brief_summary>
  <overall_status>Completed</overall_status>
  <start_date>January 2006</start_date>
  <completion_date type="Actual">November 2016</completion_date>
  <primary_completion_date type="Actual">November 2016</primary_completion_date>
  <phase>Phase 2</phase>
  <study_type>Interventional</study_type>
  <has_expanded_access>No</has_expanded_access>
  <study_design_info>
    <allocation>Randomized</allocation>
    <intervention_model>Crossover Assignment</intervention_model>
    <primary_purpose>Treatment</primary_purpose>
    <masking>Triple (Participant, Investigator, Outcomes Assessor)</masking>
  </study_design_info>
  <primary_outcome>
    <measure>Number of drinks consumed during an ad-lib period</measure>
    <time_frame>during the laboratory sessions</time_frame>
  </primary_outcome>
  <secondary_outcome>
    <measure>craving for alcohol and tobacco</measure>
    <time_frame>during the laboratory sessions</time_frame>
  </secondary_outcome>
  <number_of_arms>2</number_of_arms>
  <enrollment type="Actual">22</enrollment>
  <condition>Alcohol Drinking</condition>
  <arm_group>
    <arm_group_label>patch+spray</arm_group_label>
    <arm_group_type>Experimental</arm_group_type>
    <description>Within subject design. All volunteers complete two laboratory sessions. In one session they receive nicotine patch + nicotine nasal spray.</description>
  </arm_group>
  <arm_group>
    <arm_group_label>patch+placebo spray</arm_group_label>
    <arm_group_type>Placebo Comparator</arm_group_type>
    <description>Within subject design. All volunteers complete two laboratory sessions. In one session they receive nicotine patch + placebo nicotine nasal spray.</description>
  </arm_group>
  <intervention>
    <intervention_type>Drug</intervention_type>
    <intervention_name>21mg transdermal nicotine patch (Nicoderm CQ)</intervention_name>
    <description>21mg transdermal nicotine patch</description>
    <arm_group_label>patch+spray</arm_group_label>
    <arm_group_label>patch+placebo spray</arm_group_label>
    <other_name>Nicoderm CQ</other_name>
  </intervention>
  <intervention>
    <intervention_type>Drug</intervention_type>
    <intervention_name>1mg nicotine nasal spray</intervention_name>
    <description>two 0.5mg/sprays, one to each nostril (dose = 1mg) The nicotine nasal spray is formulated by the Investigational Drug Service at Yale-New Haven Hospital. It is similar in concentration to Nicotrol.</description>
    <arm_group_label>patch+spray</arm_group_label>
  </intervention>
  <intervention>
    <intervention_type>Drug</intervention_type>
    <intervention_name>placebo nasal spray</intervention_name>
    <description>saline combined with capsaicin to mimic the brief nasal irritation from active nicotine spray The placebo nasal spray is formulated by the Investigational Drug Service at Yale-New Haven Hospital.</description>
    <arm_group_label>patch+placebo spray</arm_group_label>
  </intervention>
  <eligibility>
    <criteria>
      <textblock>
        Inclusion Criteria:

          -  Ages 21 and over

          -  Able to read and write in English

          -  Smoker

          -  Heavy drinker

        Exclusion Criteria:

          -  Any significant current medical or psychiatric conditions that would contraindicate
             the consumption of alcohol or nicotine

          -  Significant hepatocellular injury

          -  Positive test result at intake appointments on urine drug screens conducted for
             opiates, cocaine, or benzodiazepines

          -  Women who are pregnant or nursing

          -  Suicidal, homicidal, or evidence of severe mental illness

          -  Prescription of any psychotropic drug in the 30 days prior to study enrollment

          -  Blood donation within the past 8 weeks

          -  Individuals who are seeking treatment for drinking or smoking who have attempted to
             quit drinking or smoking within the past 3 months

          -  Specific exclusions for administration of nicotine nasal spray not specified above
             including nasal polyps, chronic nasal congestion, allergies, sinusitis

          -  Specific exclusions for administration of nicotine patch not specified above including
             history of dermatoses

          -  Reported sensitivity or allergies to pepper or pepper spray, peppermint, or prior
             adverse reaction to nicotine spray

          -  Participation within the past 8 weeks in other studies that involve additive blood
             sampling and/or interventional measures that would be considered excessive in
             combination with the current study
      </textblock>
    </criteria>
    <gender>All</gender>
    <minimum_age>21 Years</minimum_age>
    <maximum_age>N/A</maximum_age>
    <healthy_volunteers>No</healthy_volunteers>
  </eligibility>
  <overall_official>
    <last_name>Sherry A McKee, PhD</last_name>
    <role>Principal Investigator</role>
    <affiliation>Yale University</affiliation>
  </overall_official>
  <location>
    <facility>
      <name>Connecticut Mental Health Center &amp; Yale-New Haven Hospital</name>
      <address>
        <city>New Haven</city>
        <state>Connecticut</state>
        <zip>06519</zip>
        <country>United States</country>
      </address>
    </facility>
  </location>
  <location_countries>
    <country>United States</country>
  </location_countries>
  <verification_date>November 2016</verification_date>
  <lastchanged_date>November 22, 2016</lastchanged_date>
  <firstreceived_date>December 25, 2007</firstreceived_date>
  <responsible_party>
    <responsible_party_type>Principal Investigator</responsible_party_type>
    <investigator_affiliation>Yale University</investigator_affiliation>
    <investigator_full_name>Sherry McKee</investigator_full_name>
    <investigator_title>Associate Professor of Psychiatry</investigator_title>
  </responsible_party>
  <keyword>alcohol</keyword>
  <keyword>nicotine</keyword>
  <keyword>smoking cessation</keyword>
  <keyword>smoking cessation medications</keyword>
  <condition_browse>
    <!-- CAUTION:  The following MeSH terms are assigned with an imperfect algorithm            -->
    <mesh_term>Alcohol Drinking</mesh_term>
  </condition_browse>
  <intervention_browse>
    <!-- CAUTION:  The following MeSH terms are assigned with an imperfect algorithm            -->
    <mesh_term>Ethanol</mesh_term>
    <mesh_term>Nicotine</mesh_term>
  </intervention_browse>
  <!-- Results have not yet been posted for this study                                          -->
</clinical_study>

