<?xml version="1.0" encoding="UTF-8"?>
<clinical_study rank="63">
  <!-- This xml conforms to an XML Schema at:
    https://clinicaltrials.gov/ct2/html/images/info/public.xsd -->
  <required_header>
    <download_date>ClinicalTrials.gov processed this data on September 15, 2017</download_date>
    <link_text>Link to the current ClinicalTrials.gov record.</link_text>
    <url>https://clinicaltrials.gov/show/NCT01241032</url>
  </required_header>
  <id_info>
    <org_study_id>2006-0086</org_study_id>
    <nct_id>NCT01241032</nct_id>
  </id_info>
  <brief_title>Phase I Study to Investigate the Alcohol Interaction of DA8159</brief_title>
  <acronym>DA8159_DIA_I</acronym>
  <official_title>A Randomized, Open, Crossover Clinical Study to Investigate the Effects of Alcohol on the Pharmacokinetics of Udenafil Tablet in Healthy Male Volunteers</official_title>
  <sponsors>
    <lead_sponsor>
      <agency>Asan Medical Center</agency>
      <agency_class>Other</agency_class>
    </lead_sponsor>
    <collaborator>
      <agency>Dong-A Pharmaceutical Co., Ltd.</agency>
      <agency_class>Industry</agency_class>
    </collaborator>
  </sponsors>
  <source>Asan Medical Center</source>
  <oversight_info>
    <has_dmc>No</has_dmc>
  </oversight_info>
  <brief_summary>
    <textblock>
      This study is designed to to investigate the effects of alcohol on the pharmacokinetics of
      Udenafil tablet in healthy male volunteers
    </textblock>
  </brief_summary>
  <overall_status>Completed</overall_status>
  <start_date>June 2006</start_date>
  <primary_completion_date type="Actual">February 2007</primary_completion_date>
  <phase>Phase 1</phase>
  <study_type>Interventional</study_type>
  <has_expanded_access>No</has_expanded_access>
  <study_design_info>
    <allocation>Randomized</allocation>
    <intervention_model>Crossover Assignment</intervention_model>
    <primary_purpose>Supportive Care</primary_purpose>
    <masking>None (Open Label)</masking>
  </study_design_info>
  <primary_outcome>
    <measure>Pharmacokinetics (AUC and Cmax)</measure>
    <time_frame>48 Hours</time_frame>
  </primary_outcome>
  <number_of_arms>2</number_of_arms>
  <enrollment type="Actual">24</enrollment>
  <condition>Healthy Volunteers</condition>
  <condition>Erectile Dysfunction</condition>
  <arm_group>
    <arm_group_label>Udenafil</arm_group_label>
    <arm_group_type>Experimental</arm_group_type>
    <description>Udenafil 200mg</description>
  </arm_group>
  <arm_group>
    <arm_group_label>Udenafil + Alcohol</arm_group_label>
    <arm_group_type>Active Comparator</arm_group_type>
    <description>Udenafil 200mg + Alcohol</description>
  </arm_group>
  <intervention>
    <intervention_type>Drug</intervention_type>
    <intervention_name>Udenafil</intervention_name>
    <description>200mg Single Oral Dose of</description>
    <arm_group_label>Udenafil</arm_group_label>
    <arm_group_label>Udenafil + Alcohol</arm_group_label>
  </intervention>
  <intervention>
    <intervention_type>Dietary Supplement</intervention_type>
    <intervention_name>Alcohol</intervention_name>
    <description>Alcohol 39g / 240ml</description>
    <arm_group_label>Udenafil + Alcohol</arm_group_label>
  </intervention>
  <eligibility>
    <criteria>
      <textblock>
        Inclusion Criteria:

          -  Adult males aged 19 to 55 years at screening.

          -  Subjects with body weight ≥ 55 kg and within ±20% of the ideal body weight : Ideal
             body weight = (height [cm] - 100)x0.9.

          -  Subjects who have received and understood completely the information regarding the
             current study and given written informed consents to voluntarily participate in the
             study and followed all instructions specified in the protocol.

        Exclusion Criteria:

          -  Subjects with the test results of QTc &gt; 430 ms or non-sinus cardiac rhythm by ECG
             analysis.

          -  Subjects with hypotension or hypertension.

          -  Subjects who have drunken habitually (exceeding 21 units/week, 1 unit = 10 g of pure
             alcohol) or who are unable to abstain from drinking during the study period from 2
             days prior to the first administration of investigational product and during this
             study.

          -  Subjects deemed ineligible by investigator based on other reasons, including abnormal
             laboratory values or diseases.
      </textblock>
    </criteria>
    <gender>Male</gender>
    <minimum_age>19 Years</minimum_age>
    <maximum_age>55 Years</maximum_age>
    <healthy_volunteers>Accepts Healthy Volunteers</healthy_volunteers>
  </eligibility>
  <overall_official>
    <last_name>Kyun-Seop Bae, M.D., Ph.D.</last_name>
    <role>Principal Investigator</role>
    <affiliation>Asan Medical Center</affiliation>
  </overall_official>
  <location>
    <facility>
      <name>Asan Medical Center</name>
      <address>
        <city>Seoul</city>
        <country>Korea, Republic of</country>
      </address>
    </facility>
  </location>
  <location_countries>
    <country>Korea, Republic of</country>
  </location_countries>
  <link>
    <url>http://crc.amc.seoul.kr</url>
    <description>Clinical Research Center, Asan Medical Center</description>
  </link>
  <verification_date>November 2010</verification_date>
  <lastchanged_date>November 15, 2010</lastchanged_date>
  <firstreceived_date>November 15, 2010</firstreceived_date>
  <responsible_party>
    <name_title>Clinical Development Team1</name_title>
    <organization>Dong-A Pharmaceutical Co., Ltd.</organization>
  </responsible_party>
  <keyword>DA-8159</keyword>
  <keyword>Udenafil</keyword>
  <keyword>Alcohol</keyword>
  <condition_browse>
    <!-- CAUTION:  The following MeSH terms are assigned with an imperfect algorithm            -->
    <mesh_term>Erectile Dysfunction</mesh_term>
  </condition_browse>
  <intervention_browse>
    <!-- CAUTION:  The following MeSH terms are assigned with an imperfect algorithm            -->
    <mesh_term>Ethanol</mesh_term>
    <mesh_term>Udenafil</mesh_term>
  </intervention_browse>
  <!-- Results have not yet been posted for this study                                          -->
</clinical_study>

