<?xml version="1.0" encoding="UTF-8"?>
<clinical_study rank="2">
  <!-- This xml conforms to an XML Schema at:
    https://clinicaltrials.gov/ct2/html/images/info/public.xsd -->
  <required_header>
    <download_date>ClinicalTrials.gov processed this data on July 25, 2017</download_date>
    <link_text>Link to the current ClinicalTrials.gov record.</link_text>
    <url>https://clinicaltrials.gov/show/NCT02507115</url>
  </required_header>
  <id_info>
    <org_study_id>1R21AA021014-01A1</org_study_id>
    <nct_id>NCT02507115</nct_id>
  </id_info>
  <brief_title>Text Messaging as a Novel Alcohol Intervention for Community College Students</brief_title>
  <acronym>TMAP</acronym>
  <official_title>Text Messaging as a Novel Alcohol Intervention for Community College Students</official_title>
  <sponsors>
    <lead_sponsor>
      <agency>The Miriam Hospital</agency>
      <agency_class>Other</agency_class>
    </lead_sponsor>
    <collaborator>
      <agency>I Live Inspired LLC</agency>
      <agency_class>Other</agency_class>
    </collaborator>
  </sponsors>
  <source>The Miriam Hospital</source>
  <oversight_info>
    <has_dmc>No</has_dmc>
  </oversight_info>
  <brief_summary>
    <textblock>
      This project will develop an intervention delivered through text messaging to reduce alcohol
      consumption and high risk drinking among adults who are enrolled as students in community
      colleges.
    </textblock>
  </brief_summary>
  <detailed_description>
    <textblock>
      Heavy alcohol use among community college students is a serious problem, leaving students
      vulnerable to social and health impairment, physical or sexual assault, unintentional
      injuries, and death. However, there have been limited efforts to research and treat community
      college students, despite these students comprising nearly 40% of all college students
      nationwide. Community college students are diverse in ethnicity, age, socioeconomic status,
      living situation, and employment status. Thus, successful interventions must be sufficiently
      flexible to apply across a diverse array of individual characteristics and needs.
      Unfortunately, there is evidence of great unmet need among this group; community college
      students drive under the influence of alcohol more frequently than students at four-year
      colleges, and due to lesser time spent on campus, are less available for in-person
      interventions coordinated at their college. The long-term objective of this research program
      is to address a gap in the treatment of heavy alcohol use by the community college
      population. As a first step toward achieving that goal, this R21 application will develop an
      intervention that is tailored to the needs of community college students and which uses
      mobile communications platforms that are already used by the vast majority of this
      population. Taking this approach, the intervention will be mobile, accessible wherever the
      user is located, and able to be tailored to individual characteristics. We will begin by
      presenting out initial intervention design to focus groups (4 groups heavy drinking community
      college students) and obtaining feedback from key informants (advisory board). We will use
      feedback from these groups to finalize the design and develop a working prototype. We will
      then pilot the intervention among heavy drinking community college students (N=10) for six
      weeks to test the usability and acceptability of the prototype intervention. Participants
      will be interviewed at the end of the program to provide feedback and evaluate their
      experience with the system, and content experts will again evaluate the prototype using
      semi-structured interviews. Finally, we will pilot the modified intervention with heaving
      drinking community college students (N=40) for six weeks. These participants will be randomly
      assigned to either the intervention program or a standard intervention (print self-help) with
      a contact-control. Assessments will be conducted at end-of-treatment, and at 3 and 6 months
      follow up. These data will be used to guide the planning of a full-scale clinical trial to
      test the efficacy and cost-effectiveness of the intervention in reducing hazardous drinking
      among community college students
    </textblock>
  </detailed_description>
  <overall_status>Completed</overall_status>
  <start_date>July 2012</start_date>
  <completion_date type="Actual">June 2015</completion_date>
  <primary_completion_date type="Actual">July 2014</primary_completion_date>
  <phase>N/A</phase>
  <study_type>Interventional</study_type>
  <has_expanded_access>No</has_expanded_access>
  <study_design_info>
    <allocation>Randomized</allocation>
    <intervention_model>Parallel Assignment</intervention_model>
    <primary_purpose>Prevention</primary_purpose>
    <masking>Open Label</masking>
  </study_design_info>
  <primary_outcome>
    <measure>Number of heavy drinking episodes at six weeks</measure>
    <time_frame>6 weeks</time_frame>
  </primary_outcome>
  <number_of_arms>2</number_of_arms>
  <enrollment type="Actual">65</enrollment>
  <condition>Alcohol Use</condition>
  <arm_group>
    <arm_group_label>TMAP</arm_group_label>
    <arm_group_type>Experimental</arm_group_type>
    <description>Alcohol-related Text messages 4 days/week for 6 weeks</description>
  </arm_group>
  <arm_group>
    <arm_group_label>Control</arm_group_label>
    <arm_group_type>Sham Comparator</arm_group_type>
    <description>Motivational Text messages 4 days/week for 6 weeks</description>
  </arm_group>
  <intervention>
    <intervention_type>Behavioral</intervention_type>
    <intervention_name>TMAP</intervention_name>
    <description>Text messages for Alcohol Risk Reduction</description>
    <arm_group_label>TMAP</arm_group_label>
  </intervention>
  <intervention>
    <intervention_type>Behavioral</intervention_type>
    <intervention_name>Mojo Texts</intervention_name>
    <description>Motivational texts not alcohol related</description>
    <arm_group_label>Control</arm_group_label>
  </intervention>
  <eligibility>
    <criteria>
      <textblock>
        Inclusion Criteria:

          -  age 18 to 28 Community College student Consume at least 4 drinks in one sitting in the
             past week

        Exclusion Criteria:
      </textblock>
    </criteria>
    <gender>All</gender>
    <minimum_age>18 Years</minimum_age>
    <maximum_age>28 Years</maximum_age>
    <healthy_volunteers>Accepts Healthy Volunteers</healthy_volunteers>
  </eligibility>
  <location>
    <facility>
      <name>The Miriam Hospital- CORO building</name>
      <address>
        <city>Providence</city>
        <state>Rhode Island</state>
        <zip>02903</zip>
        <country>United States</country>
      </address>
    </facility>
  </location>
  <location_countries>
    <country>United States</country>
  </location_countries>
  <reference>
    <citation>Bock BC, Rosen RK, Barnett NP, Thind H, Walaska K, Foster R, Deutsch C, Traficante R. Translating Behavioral Interventions Onto mHealth Platforms: Developing Text Message Interventions for Smoking and Alcohol. JMIR Mhealth Uhealth. 2015 Feb 24;3(1):e22. doi: 10.2196/mhealth.3779.</citation>
    <PMID>25714907</PMID>
  </reference>
  <verification_date>July 2015</verification_date>
  <lastchanged_date>July 22, 2015</lastchanged_date>
  <firstreceived_date>July 22, 2015</firstreceived_date>
  <responsible_party>
    <responsible_party_type>Sponsor</responsible_party_type>
  </responsible_party>
  <intervention_browse>
    <!-- CAUTION:  The following MeSH terms are assigned with an imperfect algorithm            -->
    <mesh_term>Ethanol</mesh_term>
  </intervention_browse>
  <!-- Results have not yet been posted for this study                                          -->
</clinical_study>

