<?xml version="1.0" encoding="UTF-8"?>
<clinical_study rank="87">
  <!-- This xml conforms to an XML Schema at:
    https://clinicaltrials.gov/ct2/html/images/info/public.xsd -->
  <required_header>
    <download_date>ClinicalTrials.gov processed this data on September 01, 2017</download_date>
    <link_text>Link to the current ClinicalTrials.gov record.</link_text>
    <url>https://clinicaltrials.gov/show/NCT02087358</url>
  </required_header>
  <id_info>
    <org_study_id>P110908</org_study_id>
    <nct_id>NCT02087358</nct_id>
  </id_info>
  <brief_title>Alcohol Consumption and Stress at Patients Alcohol-dependants</brief_title>
  <acronym>CASPA</acronym>
  <official_title>Alcohol Consumption and Stress at Patients Alcohol-dependants</official_title>
  <sponsors>
    <lead_sponsor>
      <agency>Assistance Publique - Hôpitaux de Paris</agency>
      <agency_class>Other</agency_class>
    </lead_sponsor>
  </sponsors>
  <source>Assistance Publique - Hôpitaux de Paris</source>
  <oversight_info>
    <has_dmc>Yes</has_dmc>
  </oversight_info>
  <brief_summary>
    <textblock>
      This 3 weeks study examines the correlation between stress and alcohol using an ecological,
      prospective design.
    </textblock>
  </brief_summary>
  <detailed_description>
    <textblock>
      This 3 weeks study examines the correlation between stress and alcohol using an ecological,
      prospective design. Participants will be given phone calls 4 times a day for 3 weeks,
      assessing perceived stress and alcohol related craving.
    </textblock>
  </detailed_description>
  <overall_status>Recruiting</overall_status>
  <start_date>July 2014</start_date>
  <completion_date type="Anticipated">August 2016</completion_date>
  <primary_completion_date type="Anticipated">August 2016</primary_completion_date>
  <phase>N/A</phase>
  <study_type>Observational</study_type>
  <has_expanded_access>No</has_expanded_access>
  <study_design_info>
    <observational_model>Cohort</observational_model>
    <time_perspective>Prospective</time_perspective>
  </study_design_info>
  <primary_outcome>
    <measure>Stress level</measure>
    <time_frame>3 weeks follow-up</time_frame>
    <description>correlation between stress and alcohol related craving using a prospective ecological design</description>
  </primary_outcome>
  <secondary_outcome>
    <measure>Genetic association with stress level</measure>
    <time_frame>3 weeks follow-up</time_frame>
    <description>Correlation between stress and alcohol related craving using a prospective ecological design stratified for CRHR1 variant</description>
  </secondary_outcome>
  <number_of_groups>1</number_of_groups>
  <enrollment type="Anticipated">140</enrollment>
  <condition>Alcohol Dependence</condition>
  <arm_group>
    <arm_group_label>Stresse and craving</arm_group_label>
    <description>This 3 weeks study examines the correlation between stress and alcohol using an ecological, prospective design. Participants will be given phone calls 4 times a day for 3 weeks, assessing perceived stress and alcohol related craving.</description>
  </arm_group>
  <biospec_retention>Samples With DNA</biospec_retention>
  <biospec_descr>
    <textblock>
      CRHR1 gene polymorphisisme
    </textblock>
  </biospec_descr>
  <eligibility>
    <study_pop>
      <textblock>
        This study includes alcohol dependent inpatients participating in a 3 weeks detoxification
        program.
      </textblock>
    </study_pop>
    <sampling_method>Non-Probability Sample</sampling_method>
    <criteria>
      <textblock>
        Inclusion criteria:

          -  Males or Females aged 18-65 years

          -  Alcohol use disorder defined by DSM 5 criteria

          -  Fluent in French

          -  Hospitalized for alcohol withdrawal for at least 7 days

          -  Viable (working) telephone number

        Exclusion criteria:

          -  Participants without social care insurance

          -  Any DSM Axis I disorder not defined in the inclusion criteria

          -  Mandatory psychiatric treatment
      </textblock>
    </criteria>
    <gender>All</gender>
    <minimum_age>18 Years</minimum_age>
    <maximum_age>65 Years</maximum_age>
    <healthy_volunteers>No</healthy_volunteers>
  </eligibility>
  <overall_official>
    <last_name>Yann Le Strat, Psychiatrist</last_name>
    <role>Principal Investigator</role>
    <affiliation>Psychiatrist Service</affiliation>
  </overall_official>
  <overall_contact>
    <last_name>Yann Le Strat, Doctor</last_name>
    <phone>+33-1-47-60-64-16</phone>
    <email>yann.lestrat@inserm.fr</email>
  </overall_contact>
  <overall_contact_backup>
    <last_name>Sofia Zemouri, CRA</last_name>
    <phone>+33-1-47-60-67-25</phone>
    <email>sofia.zemouri@lmr.aphp.fr</email>
  </overall_contact_backup>
  <location>
    <facility>
      <name>Hopital Louis Mourier</name>
      <address>
        <city>Service de psychiatrie 178 rue des Renouillers</city>
        <state>Colombes</state>
        <zip>92701</zip>
        <country>France</country>
      </address>
    </facility>
    <status>Recruiting</status>
    <contact>
      <last_name>Sofia Zemouri, CRA</last_name>
      <phone>+33-1-47-60-67-25</phone>
      <email>sofia.zemouri@lmr.aphp.fr</email>
    </contact>
    <contact_backup>
      <last_name>Nessima Yelles, Manager</last_name>
      <phone>+33-1-40-25-79-37</phone>
      <email>nessima.yelles@bch.aphp.fr</email>
    </contact_backup>
    <investigator>
      <last_name>Yann Le Strat, Psychiatrist</last_name>
      <role>Principal Investigator</role>
    </investigator>
  </location>
  <location_countries>
    <country>France</country>
  </location_countries>
  <verification_date>November 2015</verification_date>
  <lastchanged_date>November 11, 2015</lastchanged_date>
  <firstreceived_date>February 24, 2014</firstreceived_date>
  <responsible_party>
    <responsible_party_type>Sponsor</responsible_party_type>
  </responsible_party>
  <keyword>alcohol dependence</keyword>
  <keyword>Stress- correlation</keyword>
  <keyword>genetic</keyword>
  <keyword>CRHR1</keyword>
  <condition_browse>
    <!-- CAUTION:  The following MeSH terms are assigned with an imperfect algorithm            -->
    <mesh_term>Alcoholism</mesh_term>
    <mesh_term>Alcohol Drinking</mesh_term>
  </condition_browse>
  <intervention_browse>
    <!-- CAUTION:  The following MeSH terms are assigned with an imperfect algorithm            -->
    <mesh_term>Ethanol</mesh_term>
  </intervention_browse>
  <!-- Results have not yet been posted for this study                                          -->
</clinical_study>

