<?xml version="1.0" encoding="UTF-8"?>
<clinical_study rank="174">
  <!-- This xml conforms to an XML Schema at:
    https://clinicaltrials.gov/ct2/html/images/info/public.xsd -->
  <required_header>
    <download_date>ClinicalTrials.gov processed this data on August 29, 2017</download_date>
    <link_text>Link to the current ClinicalTrials.gov record.</link_text>
    <url>https://clinicaltrials.gov/show/NCT03184298</url>
  </required_header>
  <id_info>
    <org_study_id>417402</org_study_id>
    <secondary_id>W81XWH-15-2-0055</secondary_id>
    <nct_id>NCT03184298</nct_id>
  </id_info>
  <brief_title>Perceptions of Male Soldiers on Sex, Dating, and Alcohol-Use at Fort Bragg</brief_title>
  <official_title>Perceptions of Male Soldiers on Sex, Dating, and Alcohol-Use at Fort Bragg</official_title>
  <sponsors>
    <lead_sponsor>
      <agency>Womack Army Medical Center</agency>
      <agency_class>U.S. Fed</agency_class>
    </lead_sponsor>
    <collaborator>
      <agency>Rhode Island Hospital</agency>
      <agency_class>Other</agency_class>
    </collaborator>
    <collaborator>
      <agency>University of North Carolina, Charlotte</agency>
      <agency_class>Other</agency_class>
    </collaborator>
  </sponsors>
  <source>Womack Army Medical Center</source>
  <oversight_info>
    <has_dmc>Yes</has_dmc>
    <is_fda_regulated_drug>No</is_fda_regulated_drug>
    <is_fda_regulated_device>No</is_fda_regulated_device>
  </oversight_info>
  <brief_summary>
    <textblock>
      The proposed project will provide data concerning dating and sexual interactions that occur
      on Fort Bragg, North Carolina. The investigators will be able to use data from this research
      to develop a program that promotes health in men's sexual and dating relationships and
      address the role of alcohol in sex and dating in subsequent research studies. The long term
      goal of this research is to reduce rates of sexual assault in the military by providing a
      sexual assault prevention program tailored to at risk male Soldiers that can be disseminated
      across military posts.
    </textblock>
  </brief_summary>
  <detailed_description>
    <textblock>
      Research has shown that one beneficial preliminary step to sexual assault prevention is the
      examination of a population's social norms pertaining to sex, dating, and alcohol- use.
      Studies show that the social norms surrounding these behaviors can be risk factors that
      increase the likelihood that certain high-risk men will perpetrate sexual assault.

      Among college-age men, research on social norms has been used to inform the development of a
      sexual assault prevention program that positively impacts high-risk men. A hallmark of this
      approach is its exploration of the climate of a given population with regard to sex, dating
      and alcohol-use, and its use of data gathered to inform the development of a sexual assault
      program. Researchers have yet to study the effectiveness of this approach in the U.S. Army.

      It has been well documented that sexual assault in the Army carries a significant threat to
      the readiness of the force. As such, the Army continues to make strong and laudable efforts
      to reduce sexual assault. However, there remains a need to better understand how young
      at-risk men behave in the social situations where sexual assault can occur and what they
      subjectively believe about these behaviors in order to effectively reduce perpetration.

      In order to fill this gap, the investigators propose to conduct exploratory research on the
      climate of sex, dating, and alcohol-use at Fort Bragg via anonymous questionnaires and
      confidential interviews and focus groups. The data from this research has the potential to
      produce insights that could help leaders and the investigators more effectively promote
      health in male Soldiers' dating and sexual relationships.
    </textblock>
  </detailed_description>
  <overall_status>Recruiting</overall_status>
  <start_date type="Actual">May 11, 2016</start_date>
  <completion_date type="Anticipated">December 31, 2017</completion_date>
  <primary_completion_date type="Anticipated">September 30, 2017</primary_completion_date>
  <phase>N/A</phase>
  <study_type>Interventional</study_type>
  <has_expanded_access>No</has_expanded_access>
  <study_design_info>
    <allocation>Non-Randomized</allocation>
    <intervention_model>Single Group Assignment</intervention_model>
    <primary_purpose>Prevention</primary_purpose>
    <masking>None (Open Label)</masking>
  </study_design_info>
  <primary_outcome>
    <measure>To investigate the climate of sex, dating, and alcohol-use among active duty male Army Service members, Activated Reservists, and Activated National Guardsmen assigned to Fort Bragg as assessed by a social norms survey</measure>
    <time_frame>12 months</time_frame>
    <description>The purpose of this survey is to collect quantitative data from an online questionnaire that will be used to describe the climate of dating and sexual activities among male Soldiers at Fort Bragg, NC.</description>
  </primary_outcome>
  <primary_outcome>
    <measure>To investigate the climate of sex, dating, and alcohol-use among active duty male Army Service members, Activated Reservists, and Activated National Guardsmen assigned to Fort Bragg as assessed by an individual interview</measure>
    <time_frame>12 months</time_frame>
    <description>These interviews aim to gather qualitative data related to the opinions that participants have regarding alcohol as a risk factor for sexual aggression.</description>
  </primary_outcome>
  <primary_outcome>
    <measure>To investigate the climate of sex, dating, and alcohol-use among active duty male Army Service members, Activated Reservists, and Activated National Guardsmen assigned to Fort Bragg as assessed by focus group sessions</measure>
    <time_frame>12 months</time_frame>
    <description>The purpose of the focus group is to collect qualitative data using a semi-structured open-ended format. Results from the focus group will be used to further revise a program that aims to address alcohol as a risk factor for sexual aggression among Fort Bragg servicemen.</description>
  </primary_outcome>
  <number_of_arms>3</number_of_arms>
  <enrollment type="Anticipated">290</enrollment>
  <condition>Sexual Assault and Rape</condition>
  <condition>Risk Behavior</condition>
  <condition>Alcohol Abuse</condition>
  <arm_group>
    <arm_group_label>Social Norms Survey</arm_group_label>
    <arm_group_type>Other</arm_group_type>
    <description>The purpose of this social norms questionnaire is to collect quantitative data from an online questionnaire that will be used to describe the climate of dating and sexual activities among male Soldiers at Fort Bragg, NC.</description>
  </arm_group>
  <arm_group>
    <arm_group_label>Individual Interview</arm_group_label>
    <arm_group_type>Other</arm_group_type>
    <description>These standardized interviews aim to gather qualitative data related to the opinions that participants have regarding dating and sexual behaviors with women and the role that alcohol may play in relation to these behaviors.</description>
  </arm_group>
  <arm_group>
    <arm_group_label>Focus Groups</arm_group_label>
    <arm_group_type>Other</arm_group_type>
    <description>The purpose of the focus group discussion is to collect qualitative data using a semi-structured open-ended format. Results from the focus group will be used to further revise a program that aims to address the role that alcohol may play in the dating and sexual behaviors of Fort Bragg servicemen.</description>
  </arm_group>
  <intervention>
    <intervention_type>Other</intervention_type>
    <intervention_name>Social Norms Questionnaire</intervention_name>
    <arm_group_label>Social Norms Survey</arm_group_label>
  </intervention>
  <intervention>
    <intervention_type>Other</intervention_type>
    <intervention_name>Standardized Interview</intervention_name>
    <arm_group_label>Individual Interview</arm_group_label>
  </intervention>
  <intervention>
    <intervention_type>Other</intervention_type>
    <intervention_name>Group Discussion</intervention_name>
    <arm_group_label>Focus Groups</arm_group_label>
  </intervention>
  <eligibility>
    <criteria>
      <textblock>
        Inclusion Criteria:

          -  Male

          -  Active-duty Soldier (Active-duty Army, Activated Reservist or National Guardsmen) at
             Fort Bragg, NC

          -  Between the ages of 18 and 24; usage of &quot;18-24&quot; means at least 18 years of age but
             less than 25 years of age

          -  Report having engaged in oral, vaginal, or anal sex with a female partner in past 4
             months

          -  Report having 5 or more alcoholic drinks on more than one occasion in the past month

          -  Able to speak and comprehend English sufficiently to complete the study procedures

          -  Indicate an AUDIT-C Score of less than 4

        Exclusion Criteria:

          -  Screen positive for alcohol withdrawal

          -  Report or indicate suicidal or homicidal ideation
      </textblock>
    </criteria>
    <gender>Male</gender>
    <gender_based>Yes</gender_based>
    <gender_description>Male, Active duty Soldier (Active-duty Army, Activated Reservist and National Guardsmen) at Fort Bragg, NC</gender_description>
    <minimum_age>18 Years</minimum_age>
    <maximum_age>24 Years</maximum_age>
    <healthy_volunteers>Accepts Healthy Volunteers</healthy_volunteers>
  </eligibility>
  <overall_official>
    <last_name>Cristobal Berry-Caban, PhD</last_name>
    <role>Principal Investigator</role>
    <affiliation>Womack Army Medical Center</affiliation>
  </overall_official>
  <overall_contact>
    <last_name>Kara Prisock, MPH</last_name>
    <phone>910-643-2082</phone>
    <email>kara.l.prisock.ctr@mail.mil</email>
  </overall_contact>
  <location>
    <facility>
      <name>Womack Army Medical Center</name>
      <address>
        <city>Fort Bragg</city>
        <state>North Carolina</state>
        <zip>28310</zip>
        <country>United States</country>
      </address>
    </facility>
    <status>Recruiting</status>
    <contact>
      <last_name>Kara Prisock, MPH</last_name>
      <phone>910-643-2082</phone>
      <email>kara.l.prisock.ctr@mail.mil</email>
    </contact>
  </location>
  <location_countries>
    <country>United States</country>
  </location_countries>
  <verification_date>June 2017</verification_date>
  <lastchanged_date>June 9, 2017</lastchanged_date>
  <firstreceived_date>June 2, 2017</firstreceived_date>
  <responsible_party>
    <responsible_party_type>Sponsor</responsible_party_type>
  </responsible_party>
  <keyword>Military Personnel</keyword>
  <keyword>Sexual Assault</keyword>
  <keyword>Military Sexual Trauma</keyword>
  <keyword>Alcohol and Substance Abuse</keyword>
  <condition_browse>
    <!-- CAUTION:  The following MeSH terms are assigned with an imperfect algorithm            -->
    <mesh_term>Alcoholism</mesh_term>
  </condition_browse>
  <intervention_browse>
    <!-- CAUTION:  The following MeSH terms are assigned with an imperfect algorithm            -->
    <mesh_term>Ethanol</mesh_term>
  </intervention_browse>
  <patient_data>
    <sharing_ipd>No</sharing_ipd>
    <ipd_description>Individual participant data will be housed on a secure server in the Department of Clinical Investigation at Womack Army Medical Center. All information will be treated as confidential material and access will be restricted to research staff.</ipd_description>
  </patient_data>
  <!-- Results have not yet been posted for this study                                          -->
</clinical_study>

