<?xml version="1.0" encoding="UTF-8"?>
<clinical_study rank="417">
  <!-- This xml conforms to an XML Schema at:
    https://clinicaltrials.gov/ct2/html/images/info/public.xsd -->
  <required_header>
    <download_date>ClinicalTrials.gov processed this data on August 25, 2017</download_date>
    <link_text>Link to the current ClinicalTrials.gov record.</link_text>
    <url>https://clinicaltrials.gov/show/NCT01361997</url>
  </required_header>
  <id_info>
    <org_study_id>2011HRAEB001</org_study_id>
    <nct_id>NCT01361997</nct_id>
  </id_info>
  <brief_title>Isopropyl Alcohol Against Chlorhexidine - Isopropyl Alcohol as Antiseptics to Prevent Hemoculture's Contamination</brief_title>
  <official_title>Comparative Study of 70% Isopropyl Alcohol Against 2% Chlorhexidine- 70% Isopropyl Alcohol as Antiseptics to Prevent Hemoculture's Contamination</official_title>
  <sponsors>
    <lead_sponsor>
      <agency>Universidad de Guanajuato</agency>
      <agency_class>Other</agency_class>
    </lead_sponsor>
  </sponsors>
  <source>Universidad de Guanajuato</source>
  <oversight_info>
    <has_dmc>No</has_dmc>
  </oversight_info>
  <brief_summary>
    <textblock>
      The purpose of this study is to determinate if 70% isopropyl alcohol is not inferior
      preventing contamination of peripheral hemocultures, compared with 2% chlorhexidine in 70%
      isopropyl alcohol.
    </textblock>
  </brief_summary>
  <detailed_description>
    <textblock>
      The develop of contaminants in blood cultures is a problem of great impact to health
      institutions and patients, as they represent a waste of resources, and additionally increases
      the patient's hospital stay. The principal source of contaminant is the bacteria in the skin
      flora, so the greatest way to improve the sensibility of this test is to do an optimal skin
      antisepsis. It has been reported that 2% chlorhexidine gluconate in 70% isopropyl alcohol is
      superior that other skin disinfectants, and that 70% isopropyl alcohol has a high efficacy
      reducing the presence of bacteria on the skin, so both antiseptics are good options for skin
      antisepsis.
    </textblock>
  </detailed_description>
  <overall_status>Completed</overall_status>
  <start_date>June 2011</start_date>
  <completion_date type="Actual">August 2012</completion_date>
  <primary_completion_date type="Actual">August 2012</primary_completion_date>
  <phase>Phase 3</phase>
  <study_type>Interventional</study_type>
  <has_expanded_access>No</has_expanded_access>
  <study_design_info>
    <allocation>Randomized</allocation>
    <intervention_model>Factorial Assignment</intervention_model>
    <primary_purpose>Prevention</primary_purpose>
    <masking>Single (Outcomes Assessor)</masking>
  </study_design_info>
  <primary_outcome>
    <measure>Determine if 70% isopropyl alcohol is not inferior preventing contamination of peripheral hemoculture, compared with 2% chlorhexidine in 70% isopropyl alcohol.</measure>
    <time_frame>120 hours</time_frame>
    <description>It will determine the growth of contaminating germs in hemocultures taken with each antiseptic tested.</description>
  </primary_outcome>
  <secondary_outcome>
    <measure>Determine the rate of contamination of each antiseptic used.</measure>
    <time_frame>1 year</time_frame>
    <description>It will determine the rate of contamination at the date of primary completion and the date of study completion. We will consider contaminants the development of Staphylococcus coagulase negative and gram positive bacilli.</description>
  </secondary_outcome>
  <secondary_outcome>
    <measure>Description of the most frequent bacterial contaminants.</measure>
    <time_frame>1 year</time_frame>
    <description>It will determine the rate of contamination at the date of primary completion and the date of study completion. We will consider contaminants the development of Staphylococcus coagulase negative and gram positive bacilli.</description>
  </secondary_outcome>
  <number_of_arms>2</number_of_arms>
  <enrollment type="Actual">1102</enrollment>
  <condition>Infectious Diseases</condition>
  <arm_group>
    <arm_group_label>Chlorhexidine in isopropyl alcohol</arm_group_label>
    <arm_group_type>Experimental</arm_group_type>
    <description>This arm is composed of 545 hospitalized patients with suspected blood stream infection, to test 2% chlorhexidine gluconate in 70% isopropyl alcohol.</description>
  </arm_group>
  <arm_group>
    <arm_group_label>Isopropyl alcohol</arm_group_label>
    <arm_group_type>Experimental</arm_group_type>
    <description>This arm is composed of 572 hospitalized patients with suspected blood stream infection, to test 70% isopropyl alcohol.</description>
  </arm_group>
  <intervention>
    <intervention_type>Biological</intervention_type>
    <intervention_name>chlorhexidine in isopropyl alcohol</intervention_name>
    <description>When a hemoculture is ordered, the laboratory technician will prepare the necessary materials for venipuncture. Previously the technician must take randomly a sealed envelope, where will be writing the antiseptic to be used for antisepsis. The technician will select a site for venipuncture, preferably in the forearm, and will do the antisepsis in the site selected, letting act the substance for 45 seconds. After this procedure, the venipuncture shall be done. The sample will be cultured for 120 hours at 35 +/- 2°C.</description>
    <arm_group_label>Chlorhexidine in isopropyl alcohol</arm_group_label>
    <other_name>Chloraprep, Enturia Inc., Texas.</other_name>
    <other_name>BacT/ALERT FA, Biomérieux Inc., North Carolina.</other_name>
  </intervention>
  <intervention>
    <intervention_type>Biological</intervention_type>
    <intervention_name>Isopropyl alcohol</intervention_name>
    <description>When a hemoculture is ordered, the laboratory technician will prepare the necessary materials for venipuncture. Previously the technician must take randomly a sealed envelope, where will be writing the antiseptic to be used for antisepsis. The technician will select a site for venipuncture, preferably in the forearm, and will do the antisepsis in the site selected, letting act the substance for 45 seconds. After this procedure, the venipuncture shall be done. The sample will be cultured for 120 hours at 35 +/- 2°C.</description>
    <arm_group_label>Isopropyl alcohol</arm_group_label>
    <other_name>Alcohol Swabs, BD, Madrid.</other_name>
    <other_name>BacT/ALERT FA, Biomérieux Inc., North Carolina.</other_name>
  </intervention>
  <eligibility>
    <criteria>
      <textblock>
        Inclusion Criteria:

          -  Patients with suspected blood stream infection.

          -  Patients allocated in admission, hospitalization and intensive care units.

        Exclusion Criteria:

          -  Patients with a single peripheral hemoculture.
      </textblock>
    </criteria>
    <gender>All</gender>
    <minimum_age>18 Years</minimum_age>
    <maximum_age>70 Years</maximum_age>
    <healthy_volunteers>No</healthy_volunteers>
  </eligibility>
  <overall_official>
    <last_name>Alejandro E. Macias, M. D.</last_name>
    <role>Principal Investigator</role>
    <affiliation>Universidad de Guanajuato</affiliation>
  </overall_official>
  <location>
    <facility>
      <name>University of Guanajuato School of Medicine</name>
      <address>
        <city>Leon</city>
        <state>Guanajuato</state>
        <zip>37000</zip>
        <country>Mexico</country>
      </address>
    </facility>
  </location>
  <location_countries>
    <country>Mexico</country>
  </location_countries>
  <verification_date>August 2012</verification_date>
  <lastchanged_date>August 17, 2016</lastchanged_date>
  <firstreceived_date>May 23, 2011</firstreceived_date>
  <responsible_party>
    <responsible_party_type>Principal Investigator</responsible_party_type>
    <investigator_affiliation>Universidad de Guanajuato</investigator_affiliation>
    <investigator_full_name>Alejandro E. Macias</investigator_full_name>
    <investigator_title>Full-time professor</investigator_title>
  </responsible_party>
  <keyword>Antiseptics</keyword>
  <keyword>Hemoculture contamination</keyword>
  <keyword>Anti-infecting agents, local</keyword>
  <condition_browse>
    <!-- CAUTION:  The following MeSH terms are assigned with an imperfect algorithm            -->
    <mesh_term>Communicable Diseases</mesh_term>
    <mesh_term>Infection</mesh_term>
  </condition_browse>
  <intervention_browse>
    <!-- CAUTION:  The following MeSH terms are assigned with an imperfect algorithm            -->
    <mesh_term>Ethanol</mesh_term>
    <mesh_term>Chlorhexidine</mesh_term>
    <mesh_term>Chlorhexidine gluconate</mesh_term>
    <mesh_term>Anti-Infective Agents, Local</mesh_term>
  </intervention_browse>
  <!-- Results have not yet been posted for this study                                          -->
</clinical_study>

