<?xml version="1.0" encoding="UTF-8"?>
<clinical_study rank="222">
  <!-- This xml conforms to an XML Schema at:
    https://clinicaltrials.gov/ct2/html/images/info/public.xsd -->
  <required_header>
    <download_date>ClinicalTrials.gov processed this data on August 15, 2017</download_date>
    <link_text>Link to the current ClinicalTrials.gov record.</link_text>
    <url>https://clinicaltrials.gov/show/NCT02045108</url>
  </required_header>
  <id_info>
    <org_study_id>20-520</org_study_id>
    <secondary_id>1R21AA021201-01A1</secondary_id>
    <nct_id>NCT02045108</nct_id>
  </id_info>
  <brief_title>Cognitive Retraining and Brain Stimulation for Alcohol Use</brief_title>
  <official_title>Modifying Alcohol Approach Motivations With tDCS and Cognitive Retraining</official_title>
  <sponsors>
    <lead_sponsor>
      <agency>The Mind Research Network</agency>
      <agency_class>Other</agency_class>
    </lead_sponsor>
    <collaborator>
      <agency>National Institute on Alcohol Abuse and Alcoholism (NIAAA)</agency>
      <agency_class>NIH</agency_class>
    </collaborator>
  </sponsors>
  <source>The Mind Research Network</source>
  <oversight_info>
    <has_dmc>No</has_dmc>
  </oversight_info>
  <brief_summary>
    <textblock>
      The overarching goal of this study is to determine whether combined cognitive training and
      Transcranial Direct Current Stimulation (tDCS) reduces drinking in high-risk drinkers. To
      this end, specific study purposes are: 1) replicate previous findings that cognitive
      retraining reduces drinking levels, 2) test whether cognitive retraining can be enhanced with
      tDCS, and 3) investigate the neural changes that result from cognitive retraining and tDCS.
      We hypothesize that those participants who receive alcohol avoidance cognitive training will
      have greater reductions in drinking. In turn, those participants who receive a higher level
      of applied tDCS during alcohol avoidance response training will have better avoidance
      learning, as well as, a larger reduction in drinking behavior. Finally, those participants
      receiving a higher level of applied tDCS will have more neuronal response associated with
      alcohol avoidance during the brain imaging session.
    </textblock>
  </brief_summary>
  <overall_status>Completed</overall_status>
  <start_date>January 2014</start_date>
  <completion_date type="Actual">December 2015</completion_date>
  <primary_completion_date type="Actual">December 2015</primary_completion_date>
  <phase>N/A</phase>
  <study_type>Interventional</study_type>
  <has_expanded_access>No</has_expanded_access>
  <study_design_info>
    <allocation>Randomized</allocation>
    <intervention_model>Factorial Assignment</intervention_model>
    <primary_purpose>Prevention</primary_purpose>
    <masking>Double Blind (Participant, Care Provider, Outcomes Assessor)</masking>
  </study_design_info>
  <primary_outcome>
    <measure>Drinks per drinking day</measure>
    <time_frame>Baseline</time_frame>
    <description>Number of standard drinks will be assessed using the Timeline Follow-back method to obtain the number of drinks consumed on each day of the prior 30 days. Drinks per drinking day will be the mean number of drinks consumed on days on which alcohol was consumed.</description>
  </primary_outcome>
  <primary_outcome>
    <measure>Alcohol approach bias</measure>
    <time_frame>Baseline</time_frame>
    <description>Response times to approaching alcohol pictures - response times to avoiding alcohol pictures, as measured with a pull or push of a joystick</description>
  </primary_outcome>
  <primary_outcome>
    <measure>Drinks per Drinking Day</measure>
    <time_frame>1 week post-baseline</time_frame>
    <description>Number of standard drinks will be assessed using the Timeline Follow-back method to obtain the number of drinks consumed on each day since the last administration of the Timeline Follow-back. Drinks per drinking day will be the mean number of drinks consumed on days on which alcohol was consumed.</description>
  </primary_outcome>
  <primary_outcome>
    <measure>Drinks per Drinking Day</measure>
    <time_frame>2 weeks post-baseline</time_frame>
    <description>Number of standard drinks will be assessed using the Timeline Follow-back method to obtain the number of drinks consumed on each day since the last administration of the Timeline Follow-back. Drinks per drinking day will be the mean number of drinks consumed on days on which alcohol was consumed.</description>
  </primary_outcome>
  <primary_outcome>
    <measure>Drinks per Drinking Day</measure>
    <time_frame>3 weeks post-baseline</time_frame>
    <description>Number of standard drinks will be assessed using the Timeline Follow-back method to obtain the number of drinks consumed on each day since the last administration of the Timeline Follow-back. Drinks per drinking day will be the mean number of drinks consumed on days on which alcohol was consumed.</description>
  </primary_outcome>
  <primary_outcome>
    <measure>Drinks per Drinking Day</measure>
    <time_frame>4 weeks post-baseline</time_frame>
    <description>Number of standard drinks will be assessed using the Timeline Follow-back method to obtain the number of drinks consumed on each day since the last administration of the Timeline Follow-back. Drinks per drinking day will be the mean number of drinks consumed on days on which alcohol was consumed.</description>
  </primary_outcome>
  <primary_outcome>
    <measure>Drinks per Drinking Day</measure>
    <time_frame>5 weeks post-baseline</time_frame>
    <description>Number of standard drinks will be assessed using the Timeline Follow-back method to obtain the number of drinks consumed on each day since the last administration of the Timeline Follow-back. Drinks per drinking day will be the mean number of drinks consumed on days on which alcohol was consumed.</description>
  </primary_outcome>
  <primary_outcome>
    <measure>Drinks per Drinking Day</measure>
    <time_frame>8 weeks post-baseline</time_frame>
    <description>Number of standard drinks will be assessed using the Timeline Follow-back method to obtain the number of drinks consumed on each day since the last administration of the Timeline Follow-back. Drinks per drinking day will be the mean number of drinks consumed on days on which alcohol was consumed.</description>
  </primary_outcome>
  <primary_outcome>
    <measure>Alcohol approach bias</measure>
    <time_frame>1 week after treatment</time_frame>
    <description>Response times to approaching alcohol pictures - response times to avoiding alcohol pictures, as measured with a pull or push of a joystick</description>
  </primary_outcome>
  <secondary_outcome>
    <measure>BOLD response during approach and avoid responses to alcohol</measure>
    <time_frame>Baseline</time_frame>
    <description>Blood oxygen level dependent responses will be examined prior to and post-treatment to determine if these responses change differentially by treatment group. The BOLD response is a proxy measure of blood flow in the brain that occurs in response to the presentation of a sensory stimulus, in this case pictures of alcohol-contain beverages. We will examine the change in BOLD response from before treatment to after treatment in a subset (~1/2 of the total sample, distributed across all 4 treatment arms) of the participants who complete the MRI assessments.</description>
  </secondary_outcome>
  <secondary_outcome>
    <measure>BOLD response during approach and avoid responses to alcohol</measure>
    <time_frame>1 week post-treatment</time_frame>
    <description>Blood oxygen level dependent responses will be examined prior to and post-treatment to determine if these responses change differentially by treatment group. The BOLD response is a proxy measure of blood flow in the brain that occurs in response to the presentation of a sensory stimulus, in this case pictures of alcohol-contain beverages. We will examine the change in BOLD response from before treatment to after treatment in a subset (~1/2 of the total sample, distributed across all 4 treatment arms) of the participants who complete the MRI assessments.</description>
  </secondary_outcome>
  <number_of_arms>4</number_of_arms>
  <enrollment type="Actual">93</enrollment>
  <condition>Binge Drinking</condition>
  <arm_group>
    <arm_group_label>Active TDCS + Active Retraining</arm_group_label>
    <arm_group_type>Experimental</arm_group_type>
    <description>2.0 milliamps (mA) of TDCS applied during active alcohol avoidance retraining</description>
  </arm_group>
  <arm_group>
    <arm_group_label>Sham TDCS + Active Retraining</arm_group_label>
    <arm_group_type>Experimental</arm_group_type>
    <description>.1 mA of TDCS applied during active alcohol avoidance retraining</description>
  </arm_group>
  <arm_group>
    <arm_group_label>Active TDCS + Sham retraining</arm_group_label>
    <arm_group_type>Experimental</arm_group_type>
    <description>2.0 mA of TDCS applied during sham alcohol avoidance retraining</description>
  </arm_group>
  <arm_group>
    <arm_group_label>Sham TDCS + Sham Retraining</arm_group_label>
    <arm_group_type>Sham Comparator</arm_group_type>
    <description>0.1 mA of TDCS applied during sham alcohol avoidance retraining</description>
  </arm_group>
  <intervention>
    <intervention_type>Behavioral</intervention_type>
    <intervention_name>Active Retraining</intervention_name>
    <arm_group_label>Active TDCS + Active Retraining</arm_group_label>
    <arm_group_label>Sham TDCS + Active Retraining</arm_group_label>
  </intervention>
  <intervention>
    <intervention_type>Device</intervention_type>
    <intervention_name>Sham TDCS</intervention_name>
    <arm_group_label>Sham TDCS + Active Retraining</arm_group_label>
    <arm_group_label>Sham TDCS + Sham Retraining</arm_group_label>
  </intervention>
  <intervention>
    <intervention_type>Device</intervention_type>
    <intervention_name>Active TDCS</intervention_name>
    <arm_group_label>Active TDCS + Active Retraining</arm_group_label>
    <arm_group_label>Active TDCS + Sham retraining</arm_group_label>
  </intervention>
  <intervention>
    <intervention_type>Behavioral</intervention_type>
    <intervention_name>Sham Retraining</intervention_name>
    <arm_group_label>Active TDCS + Sham retraining</arm_group_label>
    <arm_group_label>Sham TDCS + Sham Retraining</arm_group_label>
  </intervention>
  <eligibility>
    <criteria>
      <textblock>
        Inclusion Criteria:

          -  Age 21-30 years

          -  At least five binge drinking episodes (4+ drinks for men; 3+ drinks for women) for the
             past month

          -  Alcohol Use Disorder Identification Test (AUDIT) score greater than 8

          -  Right handed

        Exclusion Criteria:

          -  History of treatment for alcohol dependence (AD) or desire for treatment

          -  History of alcohol withdrawal

          -  History of brain injury

          -  Currently taking psychotropic medications (e.g. antidepressants, antipsychotics)

          -  Female subjects who are pregnant

          -  Evidence of recent illicit drug use on a urine screen

          -  Left handed

          -  Prior participation in a brain stimulation study

          -  Implanted brain medical devices

          -  Electromedical devices

          -  Latex allergy
      </textblock>
    </criteria>
    <gender>All</gender>
    <minimum_age>21 Years</minimum_age>
    <maximum_age>30 Years</maximum_age>
    <healthy_volunteers>No</healthy_volunteers>
  </eligibility>
  <overall_official>
    <last_name>Eric D Claus, Ph.D.</last_name>
    <role>Principal Investigator</role>
    <affiliation>Mind Research Network and LBERI</affiliation>
  </overall_official>
  <location>
    <facility>
      <name>The Mind Research Network and University of New Mexico Center on Alcoholism, Substance Abuse and Addiction</name>
      <address>
        <city>Albuquerque</city>
        <state>New Mexico</state>
        <zip>87106</zip>
        <country>United States</country>
      </address>
    </facility>
  </location>
  <location_countries>
    <country>United States</country>
  </location_countries>
  <verification_date>March 2016</verification_date>
  <lastchanged_date>March 14, 2016</lastchanged_date>
  <firstreceived_date>January 20, 2014</firstreceived_date>
  <responsible_party>
    <responsible_party_type>Sponsor</responsible_party_type>
  </responsible_party>
  <condition_browse>
    <!-- CAUTION:  The following MeSH terms are assigned with an imperfect algorithm            -->
    <mesh_term>Binge Drinking</mesh_term>
  </condition_browse>
  <intervention_browse>
    <!-- CAUTION:  The following MeSH terms are assigned with an imperfect algorithm            -->
    <mesh_term>Ethanol</mesh_term>
  </intervention_browse>
  <!-- Results have not yet been posted for this study                                          -->
</clinical_study>

