<?xml version="1.0" encoding="UTF-8"?>
<clinical_study rank="414">
  <!-- This xml conforms to an XML Schema at:
    https://clinicaltrials.gov/ct2/html/images/info/public.xsd -->
  <required_header>
    <download_date>ClinicalTrials.gov processed this data on August 15, 2017</download_date>
    <link_text>Link to the current ClinicalTrials.gov record.</link_text>
    <url>https://clinicaltrials.gov/show/NCT00879047</url>
  </required_header>
  <id_info>
    <org_study_id>R01AA018001</org_study_id>
    <nct_id>NCT00879047</nct_id>
  </id_info>
  <brief_title>Interaction of Alcohol and Highly Active Antiretroviral Therapy (HAART) in HIV/AIDS and HIV/AIDS With Hepatitis C Virus (HCV) Co-Infection</brief_title>
  <official_title>Interaction of Alcohol &amp; HAART in HIV/AIDS and HIV/AIDS With HCV Co-Infection</official_title>
  <sponsors>
    <lead_sponsor>
      <agency>University of California, San Francisco</agency>
      <agency_class>Other</agency_class>
    </lead_sponsor>
  </sponsors>
  <source>University of California, San Francisco</source>
  <oversight_info>
    <has_dmc>Yes</has_dmc>
  </oversight_info>
  <brief_summary>
    <textblock>
      The proposed studies will examine the extent of pharmacokinetic and pharmacodynamic
      interactions between alcohol and various antiretroviral therapies in those with HIV/AIDS,
      HIV/HCV co-infection, mild HCV and healthy subjects.
    </textblock>
  </brief_summary>
  <detailed_description>
    <textblock>
      The goal of this research study is to improve the clinical care of human immunodeficiency
      virus (HIV)-infected or HIV/Hepatitis C (HCV) co-infected, alcohol-using patients by
      identifying significant interactions which may occur between drugs commonly used to treat HIV
      disease known to be cytochrome P450 (CYP450) inducers or inhibitors and alcohol, the most
      frequently abused substance in the United States. We hypothesize that concomitant use of
      alcohol and currently utilized antiretroviral therapy (ART) will be associated with
      significant drug interactions including alteration of alcohol and ART pharmacokinetics as
      well as altered responses to alcohol administration. We plan to conduct alcohol and ART
      administration studies in 6 study samples (n=10 each): 1. those with HIV/AIDS and eligible
      for efavirenz-containing HAART, 2. those with HIV/AIDS and eligible for a ritonavir-boosted
      protease inhibitor based HAART, 3. those with HIV/AIDS and HCV eligible for an
      efavirenz-containing HAART, 4. those with HIV/AIDS and HCV eligible for a ritonavir-boosted
      protease inhibitor regimen, 5. healthy subjects taking clinically relevant doses of maraviroc
      and 6. those with mild HCV taking clinically relevant doses of maraviroc. Pharmacokinetics,
      subjective, and cognitive data will be serially collected over the course of study sessions
      where either alcohol or placebo is administered prior to and following ART. Data collected
      will elucidate the presence and clinical significance of drug interactions, both
      pharmacokinetic and pharmacodynamic, between alcohol and ART in these populations.
    </textblock>
  </detailed_description>
  <overall_status>Completed</overall_status>
  <start_date>April 2009</start_date>
  <completion_date type="Actual">April 2013</completion_date>
  <primary_completion_date type="Actual">April 2013</primary_completion_date>
  <phase>Phase 1</phase>
  <study_type>Interventional</study_type>
  <has_expanded_access>No</has_expanded_access>
  <study_design_info>
    <allocation>Non-Randomized</allocation>
    <intervention_model>Crossover Assignment</intervention_model>
    <masking>Double Blind (Participant, Investigator)</masking>
  </study_design_info>
  <primary_outcome>
    <measure>Plasma levels of antiretroviral medications.</measure>
    <time_frame>Baseline, two weeks, and three weeks.</time_frame>
  </primary_outcome>
  <primary_outcome>
    <measure>Plasma levels of alcohol.</measure>
    <time_frame>Baseline, two weeks, and three weeks.</time_frame>
  </primary_outcome>
  <secondary_outcome>
    <measure>Measures of cognitive and behavioral change/impairment.</measure>
    <time_frame>Baseline, two weeks, and three weeks.</time_frame>
  </secondary_outcome>
  <number_of_arms>5</number_of_arms>
  <enrollment type="Actual">30</enrollment>
  <condition>HIV Infections</condition>
  <condition>Hepatitis C</condition>
  <arm_group>
    <arm_group_label>HIV+, Ritonavir-regimen</arm_group_label>
    <arm_group_type>Experimental</arm_group_type>
    <description>10 subjects will be HIV+ and will begin receiving Ritonavir-containing regimen, and their PK interactions with alcohol/placebo will be evaluated.</description>
  </arm_group>
  <arm_group>
    <arm_group_label>HIV+/HCV+ Co-infected, Ritonavir-regimen</arm_group_label>
    <arm_group_type>Experimental</arm_group_type>
    <description>10 subjects will be HIV+/HCV+ co-infected and will begin receiving Ritonavir-containing regimen, and their PK interactions with alcohol/placebo will be evaluated.</description>
  </arm_group>
  <arm_group>
    <arm_group_label>HIV+, Efavirenz-regimen</arm_group_label>
    <arm_group_type>Experimental</arm_group_type>
    <description>10 subjects will be HIV+ and will begin receiving Efavirenz-containing regimen, and their PK interactions with alcohol/placebo will be evaluated.</description>
  </arm_group>
  <arm_group>
    <arm_group_label>HIV+/HCV+ Co-infected, Efavirenz-regimen</arm_group_label>
    <arm_group_type>Experimental</arm_group_type>
    <description>10 subjects will be HIV+/HCV+ co-infected and will begin receiving Efavirenz-containing regimen, and their PK interactions with alcohol/placebo will be evaluated.</description>
  </arm_group>
  <arm_group>
    <arm_group_label>Maraviroc in Healthy Subjects</arm_group_label>
    <arm_group_type>Experimental</arm_group_type>
    <description>10 healthy subjects will begin receiving maraviroc, and their PK interactions with alcohol/placebo will be evaluated.</description>
  </arm_group>
  <intervention>
    <intervention_type>Drug</intervention_type>
    <intervention_name>Alcohol</intervention_name>
    <description>Consumed orally as liquid mixed with a juice beverage, 1 g/kg formula, administered once at baseline and again at either 2 or 3 weeks</description>
    <arm_group_label>HIV+, Ritonavir-regimen</arm_group_label>
    <arm_group_label>HIV+/HCV+ Co-infected, Ritonavir-regimen</arm_group_label>
    <arm_group_label>HIV+, Efavirenz-regimen</arm_group_label>
    <arm_group_label>HIV+/HCV+ Co-infected, Efavirenz-regimen</arm_group_label>
    <arm_group_label>Maraviroc in Healthy Subjects</arm_group_label>
    <other_name>grain alcohol</other_name>
  </intervention>
  <intervention>
    <intervention_type>Drug</intervention_type>
    <intervention_name>Alcohol placebo</intervention_name>
    <description>Liquid alcohol spritzed on top of juice beverage immediately prior to administration in order to give smell of alcohol, administered once at baseline and again at either 2 or 3 weeks</description>
    <arm_group_label>HIV+, Ritonavir-regimen</arm_group_label>
    <arm_group_label>HIV+/HCV+ Co-infected, Ritonavir-regimen</arm_group_label>
    <arm_group_label>HIV+, Efavirenz-regimen</arm_group_label>
    <arm_group_label>HIV+/HCV+ Co-infected, Efavirenz-regimen</arm_group_label>
    <arm_group_label>Maraviroc in Healthy Subjects</arm_group_label>
    <other_name>grain alcohol</other_name>
  </intervention>
  <eligibility>
    <criteria>
      <textblock>
        Inclusion Criteria:

          -  Participants will be diagnosed with HIV/AIDS, HIV/AIDS and Hepatitis C, mild Hepatitis
             C or will be healthy as determined by history and physical examination, screening
             laboratory tests and urinalysis, and will be eligible for treatment with HAART

          -  Participants will be experienced with alcohol consumption

          -  They may meet diagnostic criteria for alcohol abuse or non-physiological alcohol
             dependence, but may not be dependent on any other substances including opioids,
             stimulants, cannabis, hallucinogens or other substances, prescribed or illicit

          -  For those with HCV coinfection, HCV must be at a stage consistent with no more than
             mild liver fibrosis (fibrosis stage assessed by two methods: the AST to platelet ratio
             (APRI) (at a score of &lt;0.5 for eligibility) and the FIB-4 fibrosis index (score of
             &lt;1.5 for eligibility), both of which indicate mild liver disease.)

          -  Age 21 or older

          -  Hemoglobin Men &gt; 11 g/dL, Women &gt; 10 g/dL5

          -  Able to give voluntary, signed, informed consent.

        Exclusion Criteria:

          -  Patients who are receiving concurrently other drugs that are inducers or inhibitors of
             hepatic microsomal enzymes

          -  Patients with a known sensitivity to the HIV therapeutics to be studied

          -  Pregnant women or nursing mothers.

          -  All women who are sexually active and capable of becoming pregnant must have a
             negative pregnancy test within one week prior to entry into these studies.

          -  Major psychotic illness or suicidality.

          -  Clinically active hepatitis with liver enzyme elevations &gt; 3 times the upper limit of
             normal or evidence of liver fibrosis at a stage indicative of greater than mild stage
             for fibrosis (see Inclusion Criteria).

          -  Those with obesity (BMI &gt; 30), diabetes, hyperlipidemia, coagulation disorders, or
             renal disease will be excluded.

          -  Hemoglobin Men &lt; 11 g/dL, Women &lt; 10 g/dL

          -  Physical dependence on alcohol.
      </textblock>
    </criteria>
    <gender>All</gender>
    <minimum_age>21 Years</minimum_age>
    <maximum_age>N/A</maximum_age>
    <healthy_volunteers>Accepts Healthy Volunteers</healthy_volunteers>
  </eligibility>
  <overall_official>
    <last_name>Elinore F McCance-Katz, M.D., Ph.D.</last_name>
    <role>Principal Investigator</role>
    <affiliation>University of California, San Francisco</affiliation>
  </overall_official>
  <location>
    <facility>
      <name>University of California, San Francisco</name>
      <address>
        <city>San Francisco</city>
        <state>California</state>
        <zip>94115</zip>
        <country>United States</country>
      </address>
    </facility>
  </location>
  <location_countries>
    <country>United States</country>
  </location_countries>
  <verification_date>May 2014</verification_date>
  <lastchanged_date>May 2, 2014</lastchanged_date>
  <firstreceived_date>March 24, 2009</firstreceived_date>
  <responsible_party>
    <responsible_party_type>Sponsor</responsible_party_type>
  </responsible_party>
  <keyword>HIV</keyword>
  <keyword>Hepatitis C</keyword>
  <condition_browse>
    <!-- CAUTION:  The following MeSH terms are assigned with an imperfect algorithm            -->
    <mesh_term>Infection</mesh_term>
    <mesh_term>Communicable Diseases</mesh_term>
    <mesh_term>Hepatitis</mesh_term>
    <mesh_term>Hepatitis A</mesh_term>
    <mesh_term>Hepatitis C</mesh_term>
    <mesh_term>HIV Infections</mesh_term>
    <mesh_term>Coinfection</mesh_term>
  </condition_browse>
  <intervention_browse>
    <!-- CAUTION:  The following MeSH terms are assigned with an imperfect algorithm            -->
    <mesh_term>Ethanol</mesh_term>
    <mesh_term>Efavirenz</mesh_term>
    <mesh_term>Ritonavir</mesh_term>
  </intervention_browse>
  <!-- Results have not yet been posted for this study                                          -->
</clinical_study>

