<?xml version="1.0" encoding="UTF-8"?>
<clinical_study rank="454">
  <!-- This xml conforms to an XML Schema at:
    https://clinicaltrials.gov/ct2/html/images/info/public.xsd -->
  <required_header>
    <download_date>ClinicalTrials.gov processed this data on August 25, 2017</download_date>
    <link_text>Link to the current ClinicalTrials.gov record.</link_text>
    <url>https://clinicaltrials.gov/show/NCT00280488</url>
  </required_header>
  <id_info>
    <org_study_id>NIAAAMON-009892-11A1</org_study_id>
    <secondary_id>3R01AA009892-15S1</secondary_id>
    <secondary_id>NIH grant AA009892-11A1</secondary_id>
    <nct_id>NCT00280488</nct_id>
  </id_info>
  <brief_title>Enhanced Motivational Interviewing With Alcohol Positive Trauma Patients</brief_title>
  <official_title>Enhanced MI With Alcohol Positive Trauma Patients</official_title>
  <sponsors>
    <lead_sponsor>
      <agency>Brown University</agency>
      <agency_class>Other</agency_class>
    </lead_sponsor>
    <collaborator>
      <agency>National Institute on Alcohol Abuse and Alcoholism (NIAAA)</agency>
      <agency_class>NIH</agency_class>
    </collaborator>
  </sponsors>
  <source>Brown University</source>
  <oversight_info>
    <has_dmc>Yes</has_dmc>
  </oversight_info>
  <brief_summary>
    <textblock>
      The primary goal of this study is to test the efficacy of a brief intervention that includes
      the patient and a significant other, relative to an intervention including the patient only,
      for reducing alcohol use and alcohol-related problems among trauma patients.
    </textblock>
  </brief_summary>
  <detailed_description>
    <textblock>
      Alcohol-positive trauma patients are more likely to be readmitted to a trauma center or
      subsequently die from an injury than are alcohol-negative patients. Empirically supported
      treatments to reduce alcohol use and alcohol-related problems (e.g., injuries, drinking and
      driving) in this high-risk population are needed, but few exist. This randomized controlled
      clinical trial assesses the efficacy of a brief intervention that includes the patient and a
      significant other, relative to an intervention including the patient only, for reducing
      alcohol use and alcohol-related problems among trauma patients.

      Motivational Interviewing (MI), a brief, directive, non-confrontational intervention, has
      demonstrated some promise in this setting. Further, inclusion of a significant other (SO) in
      prolonged, intensive alcohol treatment appears to improve treatment retention and efficacy.
      Although inclusion of an SO in MI has been suggested, there are few data to support this
      endorsement.

      Accordingly, this study will address whether motivational interviewing including both the
      trauma patient and an SO can more effectively decrease and maintain reductions in alcohol use
      and alcohol-related problems 6 and 12 months following discharge from the trauma unit than MI
      with the individual patient or an assessment-only condition.

      The 2 MI groups will each receive 2 intervention sessions timed to occur in the hospital, and
      1 booster session, occurring 1 month following discharge.

      In the assessment-only condition, patients will receive only assessment of their drinking at
      baseline. This proposal will allow us to address the next phase of our program of research
      designed to develop easily disseminable treatments for these high-risk populations in medical
      settings. This study will also address potential mediators (motivation to change alcohol use,
      self-efficacy, alcohol treatment attendance, and social support for abstinence) and
      moderators of MI effects. The cost-effectiveness of the intervention will also be addressed.

      Thus, this study will address both a significant public health problem and provide important
      information about MI mechanisms that may be relevant to the broader addiction treatment
      community.
    </textblock>
  </detailed_description>
  <overall_status>Unknown status</overall_status>
  <last_known_status>Active, not recruiting</last_known_status>
  <start_date>May 2005</start_date>
  <completion_date type="Anticipated">April 2011</completion_date>
  <primary_completion_date type="Anticipated">April 2011</primary_completion_date>
  <phase>Phase 3</phase>
  <study_type>Interventional</study_type>
  <has_expanded_access>No</has_expanded_access>
  <study_design_info>
    <allocation>Randomized</allocation>
    <intervention_model>Parallel Assignment</intervention_model>
    <primary_purpose>Treatment</primary_purpose>
    <masking>None (Open Label)</masking>
  </study_design_info>
  <primary_outcome>
    <measure>Alcohol Consumption</measure>
    <time_frame>12 months</time_frame>
  </primary_outcome>
  <primary_outcome>
    <measure>Alcohol-related problems (e.g., drinking and driving)</measure>
    <time_frame>12 months</time_frame>
  </primary_outcome>
  <secondary_outcome>
    <measure>Cost-effectiveness of intervention</measure>
    <time_frame>12 months</time_frame>
  </secondary_outcome>
  <number_of_arms>3</number_of_arms>
  <enrollment type="Anticipated">300</enrollment>
  <condition>Alcohol Abuse</condition>
  <condition>Alcohol Dependence</condition>
  <arm_group>
    <arm_group_label>1) MI with SO</arm_group_label>
    <arm_group_type>Active Comparator</arm_group_type>
    <description>Motivational Interviewing (MI), a brief, directive, non-confrontational intervention, with inclusion of a significant other (SO) in prolonged, intensive alcohol treatment.</description>
  </arm_group>
  <arm_group>
    <arm_group_label>2) MI with patient only</arm_group_label>
    <arm_group_type>Active Comparator</arm_group_type>
    <description>Motivational Interviewing (MI), a brief, directive, non-confrontational intervention, with the individual patient</description>
  </arm_group>
  <arm_group>
    <arm_group_label>3) Assessment only</arm_group_label>
    <arm_group_type>Active Comparator</arm_group_type>
    <description>In the assessment-only condition, patients will receive only assessment of their drinking at baseline.</description>
  </arm_group>
  <intervention>
    <intervention_type>Behavioral</intervention_type>
    <intervention_name>Motivational Interview</intervention_name>
    <description>Two intervention sessions timed to occur in the hospital, and 1 booster session, occurring 1 month following discharge.</description>
    <arm_group_label>2) MI with patient only</arm_group_label>
  </intervention>
  <intervention>
    <intervention_type>Behavioral</intervention_type>
    <intervention_name>Assessment</intervention_name>
    <description>In the assessment-only condition, patients will receive only assessment of their drinking at baseline.</description>
    <arm_group_label>3) Assessment only</arm_group_label>
  </intervention>
  <intervention>
    <intervention_type>Behavioral</intervention_type>
    <intervention_name>Motivational Interview</intervention_name>
    <description>Two intervention sessions timed to occur in the hospital, and 1 booster session, occurring 1 month following discharge.</description>
    <arm_group_label>1) MI with SO</arm_group_label>
  </intervention>
  <eligibility>
    <criteria>
      <textblock>
        Inclusion Criteria:

          -  admitted to trauma unit

          -  greater than 18 years old

          -  had a blood alcohol concentration (BAC) greater than .01% according to a biochemical
             test OR self-reported drinking alcohol in the 6 hours prior to the event that caused
             their hospital visit OR scored 8 or higher on the Alcohol Use Disorders Identification
             Test (AUDIT)

          -  identify at least one eligible significant other

        Exclusion Criteria:

          -  not English-speaking

          -  had a self-inflicted injury

          -  in police custody

          -  did not pass a mental status exam
      </textblock>
    </criteria>
    <gender>All</gender>
    <minimum_age>18 Years</minimum_age>
    <maximum_age>N/A</maximum_age>
    <healthy_volunteers>No</healthy_volunteers>
  </eligibility>
  <overall_official>
    <last_name>Peter Monti, PhD</last_name>
    <role>Principal Investigator</role>
    <affiliation>Brown University</affiliation>
  </overall_official>
  <location>
    <facility>
      <name>Rhode Island Hospital</name>
      <address>
        <city>Providence</city>
        <state>Rhode Island</state>
        <zip>02903</zip>
        <country>United States</country>
      </address>
    </facility>
  </location>
  <location>
    <facility>
      <name>Brown University</name>
      <address>
        <city>Providence</city>
        <state>Rhode Island</state>
        <zip>02912</zip>
        <country>United States</country>
      </address>
    </facility>
  </location>
  <location_countries>
    <country>United States</country>
  </location_countries>
  <verification_date>June 2010</verification_date>
  <lastchanged_date>June 24, 2010</lastchanged_date>
  <firstreceived_date>January 19, 2006</firstreceived_date>
  <responsible_party>
    <name_title>Peter Monti, Ph.D., Principal Investigator</name_title>
    <organization>Brown University</organization>
  </responsible_party>
  <keyword>Motivational Interviewing</keyword>
  <keyword>Alcohol Abuse</keyword>
  <keyword>Alcohol Dependence</keyword>
  <keyword>Emergency Care Setting</keyword>
  <condition_browse>
    <!-- CAUTION:  The following MeSH terms are assigned with an imperfect algorithm            -->
    <mesh_term>Alcoholism</mesh_term>
  </condition_browse>
  <intervention_browse>
    <!-- CAUTION:  The following MeSH terms are assigned with an imperfect algorithm            -->
    <mesh_term>Ethanol</mesh_term>
  </intervention_browse>
  <!-- Results have not yet been posted for this study                                          -->
</clinical_study>

