<?xml version="1.0" encoding="UTF-8"?>
<clinical_study rank="18">
  <!-- This xml conforms to an XML Schema at:
    https://clinicaltrials.gov/ct2/html/images/info/public.xsd -->
  <required_header>
    <download_date>ClinicalTrials.gov processed this data on August 15, 2017</download_date>
    <link_text>Link to the current ClinicalTrials.gov record.</link_text>
    <url>https://clinicaltrials.gov/show/NCT01343628</url>
  </required_header>
  <id_info>
    <org_study_id>13464</org_study_id>
    <secondary_id>K01AA015331</secondary_id>
    <nct_id>NCT01343628</nct_id>
  </id_info>
  <brief_title>A Gene by Medication Interaction to the Acute Effects of Alcohol</brief_title>
  <acronym>ATX</acronym>
  <official_title>A Gene by Medication Interaction to the Acute Effects of Alcohol</official_title>
  <sponsors>
    <lead_sponsor>
      <agency>University of Virginia</agency>
      <agency_class>Other</agency_class>
    </lead_sponsor>
    <collaborator>
      <agency>National Institute on Alcohol Abuse and Alcoholism (NIAAA)</agency>
      <agency_class>NIH</agency_class>
    </collaborator>
  </sponsors>
  <source>University of Virginia</source>
  <oversight_info>
    <has_dmc>Yes</has_dmc>
  </oversight_info>
  <brief_summary>
    <textblock>
      Alcohol dependence, or &quot;alcoholism&quot;, affects approximately 14 million Americans. Currently,
      only three pharmacotherapies (disulfiram, naltrexone, and acamprosate) have been approved for
      the treatment of alcohol dependence and these medications are, at best, moderately
      successful. Thus, there is a great need for the examination of other biological systems,
      which contribute/influence the drug reward/addiction pathways within the brain, such that the
      discovery of new targets and new pharmacotherapies will be possible. Other biological systems
      in addition to dopamine, such as serotonin, and norepinephrine (NE) are thought to be
      important in several aspects of addiction, including reward, craving and depression.

      This study will examine the effects of a 5 day course of atomoxetine (a selective NE
      transporter (NET) inhibitor) (80 mg/day; Strattera or placebo) on alcohol-elicited craving
      and sensitivity to alcohol. The novelty of this study is that of atomoxetine and the fact
      that it targets NET, neither of which has heretofore been examined in the context of alcohol
      dependence. It is hopeful that this study, of 64 total individuals, will provide the PI with
      sufficient preliminary data to submit a subsequent R01 application to study atomoxetine and
      the involvement of specific single nucleotide polymorphisms within the NET gene on
      alcohol-related phenotypes in alcohol dependent and non-dependent populations. The long-term
      objective of this research is to develop more efficacious treatment interventions for alcohol
      abuse and dependence.
    </textblock>
  </brief_summary>
  <detailed_description>
    <textblock>
      Design:

      NET genotype groups for rs11648486 SNP (CC 61%; CT 33%; TT 4%) (e.g., C/C and C/T) will be
      compared to one another in a 2 (NET Genotype: C/C vs. C/T &amp; T/T) x 2 (Medication: atomoxetine
      80 mg/day (~ vs. placebo) x 3 (Drink: Drink 1, 2, and 3) mixed factorial repeated measures
      design using PROC MIXED in SAS by calculating difference scores. Of interest are the possible
      interactions of the NET SNPs and atomoxetine on cue-elicited craving and the rewarding
      effects of alcohol across trials.
    </textblock>
  </detailed_description>
  <overall_status>Terminated</overall_status>
  <why_stopped>
    Terminated due to lack of funding
  </why_stopped>
  <start_date>January 2008</start_date>
  <completion_date type="Actual">April 2012</completion_date>
  <primary_completion_date type="Actual">February 2012</primary_completion_date>
  <phase>Phase 1</phase>
  <study_type>Interventional</study_type>
  <has_expanded_access>No</has_expanded_access>
  <study_design_info>
    <allocation>Randomized</allocation>
    <intervention_model>Crossover Assignment</intervention_model>
    <primary_purpose>Basic Science</primary_purpose>
    <masking>Double Blind (Participant, Investigator)</masking>
  </study_design_info>
  <primary_outcome>
    <measure>Alcohol urge questionnaire</measure>
    <time_frame>On day 5 of medication</time_frame>
    <description>This questionnaire is used to assess craving. The AUQ consists of eight items related to urge drink that are rated on a 7-point Likert scale with the extremes anchored by &quot;Strongly Disagree&quot; and &quot;Strongly Agree.&quot; The AUQ has demonstrated internal consistency and reliability (Bohn et al., 1995).</description>
  </primary_outcome>
  <secondary_outcome>
    <measure>Biphasic Alcohol Effects Scale (BAES)</measure>
    <time_frame>On day 5 of medication</time_frame>
  </secondary_outcome>
  <number_of_arms>2</number_of_arms>
  <enrollment type="Actual">43</enrollment>
  <condition>Alcohol-induced Cue-craving</condition>
  <condition>Alcohol Sensitivity</condition>
  <arm_group>
    <arm_group_label>Placebo, Atomoxetine</arm_group_label>
    <arm_group_type>Placebo Comparator</arm_group_type>
  </arm_group>
  <arm_group>
    <arm_group_label>Atomoxetine, Placebo</arm_group_label>
    <arm_group_type>Active Comparator</arm_group_type>
  </arm_group>
  <intervention>
    <intervention_type>Drug</intervention_type>
    <intervention_name>Placebo Comparator</intervention_name>
    <description>16 NET SNP rs 11648486 CC and CT individuals will receive placebo and then after one week washout period, receive atomoxetine. Medications will be given as 2 capsules 1x day for 5 days; active atomoxetine groups will receive 40 mg for 3 days, followed by 80 or 120mg (.91-1.4 mg/kg) on days 4 and 5</description>
    <arm_group_label>Placebo, Atomoxetine</arm_group_label>
  </intervention>
  <intervention>
    <intervention_type>Drug</intervention_type>
    <intervention_name>Active Comparator: Atomoxetine, Placebo</intervention_name>
    <description>16 NET SNP rs 11648486 CC and CT individuals will receive atomoxetine and then after one week washout period, receive placebo.Medications will be given as 2 capsules 1x day for 5 days; active atomoxetine groups will receive 40 mg for 3 days, followed by 80 or 120mg (.91-1.4 mg/kg) on days 4 and 5.</description>
    <arm_group_label>Atomoxetine, Placebo</arm_group_label>
  </intervention>
  <eligibility>
    <criteria>
      <textblock>
        Inclusion Criteria:

          -  Males and females age 21 - 45, as verified upon the presentation of a valid,
             government issued form of ID

          -  Current DSM-IV diagnosis of alcohol dependence using the Mini International
             Neuropsychiatric Interview (MINI). Which is a shortened form of the Structured
             Clinical Interview for the Diagnostic and Statistical Manual of Mental Disorders or
             SCID. The MINI will also be used to exclude patients with other diagnoses.

          -  Participants do not meet DSM-IV criteria for any current (i.e., criteria met at any
             point in the past 30 days) Axis I disorder (including ADHD treated with medication),
             other than cocaine dependence or those listed above, that warrants treatment or would
             preclude safe participation in the protocol

          -  Not currently take medications that are contraindicated for concurrent use with
             alcohol;

          -  No subjects who have trouble reading the English language or visual or hearing
             problems that may interfere with the collection of data;

          -  No recurring past history of severe hypertension, glaucoma, hyperthyroidism,
             circulatory disease, hepatitis, chronic liver disease, ulcer disease, seizure
             disorder, brain disease, cardiac disease, obstructed bowel, or other current treatment
             of medical conditions that could determine ineligibility;

          -  Female subjects must not be breastfeeding and must not be pregnant, as indicated by a
             pregnancy test that will be conducted immediately prior dispensing of medication.

          -  Subjects have to have normal EKGs results

          -  Pulse less than 100 beats per minute

          -  Participants have to weigh between 125-290; weighing between 125-195 lbs (57 - 88.5
             kg)

        Exclusion Criteria:

          -  Significant medical illness (including severe hypertension) as determined by history
             and/or complete physical examination. (Note: Presence of mild to moderate chronic
             diseases not otherwise specifically excluded, that are well controlled by
             medications/interventions will not be considered clinically significant. However the
             presence of medical disease that is not well controlled will be considered
             exclusionary.)

          -  tachycardia

          -  seizure disorder

          -  prior history of myocardial infarction

          -  Clinically significant cardiovascular disease that precludes safe participation

          -  hepatic or renal impairment; (ie: liver or kidney enzymes &gt; 3x normal limits)

          -  pregnant

          -  currently using MAO inhibitors within 14 days

               -  narrow angle glaucoma

               -  currently taking antidepressants or have taken within the last month

               -  currently taking pressor agents such as:

               -  Alprenolol

               -  Carteolol

               -  Levobunolol

               -  Mepindolol

               -  Metipranolol

               -  Nadolol

               -  Oxprenolol

               -  Penbutolol

               -  Pindolol

               -  Propranolol

               -  Sotalol

               -  Timolol

               -  Acebutolol

               -  Atenolol

               -  Betaxolol

               -  Bisoprolol[16]

               -  Esmolol

               -  Metoprolol

               -  Nebivolol

               -  Carvedilol

               -  Celiprolol

               -  Labetalol

               -  Butaxamine
      </textblock>
    </criteria>
    <gender>All</gender>
    <minimum_age>21 Years</minimum_age>
    <maximum_age>45 Years</maximum_age>
    <healthy_volunteers>Accepts Healthy Volunteers</healthy_volunteers>
  </eligibility>
  <overall_official>
    <last_name>Heather M Haughey, PhD</last_name>
    <role>Principal Investigator</role>
    <affiliation>University of Virginia</affiliation>
  </overall_official>
  <location>
    <facility>
      <name>Center for Addiction Research and Education</name>
      <address>
        <city>Charlottesville/ Richmond</city>
        <state>Virginia</state>
        <zip>22903</zip>
        <country>United States</country>
      </address>
    </facility>
  </location>
  <location_countries>
    <country>United States</country>
  </location_countries>
  <verification_date>May 2012</verification_date>
  <lastchanged_date>May 30, 2012</lastchanged_date>
  <firstreceived_date>April 26, 2011</firstreceived_date>
  <responsible_party>
    <responsible_party_type>Sponsor</responsible_party_type>
  </responsible_party>
  <keyword>Alcohol, atomoxetine, Strattera, alcohol dependence, alcoholism</keyword>
  <intervention_browse>
    <!-- CAUTION:  The following MeSH terms are assigned with an imperfect algorithm            -->
    <mesh_term>Ethanol</mesh_term>
    <mesh_term>Atomoxetine Hydrochloride</mesh_term>
  </intervention_browse>
  <!-- Results have not yet been posted for this study                                          -->
</clinical_study>

