<?xml version="1.0" encoding="UTF-8"?>
<clinical_study rank="52">
  <!-- This xml conforms to an XML Schema at:
    https://clinicaltrials.gov/ct2/html/images/info/public.xsd -->
  <required_header>
    <download_date>ClinicalTrials.gov processed this data on August 29, 2017</download_date>
    <link_text>Link to the current ClinicalTrials.gov record.</link_text>
    <url>https://clinicaltrials.gov/show/NCT00223444</url>
  </required_header>
  <id_info>
    <org_study_id>R21AA013435-03A1</org_study_id>
    <secondary_id>AA13435-03A1</secondary_id>
    <nct_id>NCT00223444</nct_id>
  </id_info>
  <brief_title>Clinical-Genetic Variation in GABA/Alcohol Sensitivity</brief_title>
  <acronym>GABA-Alcohol</acronym>
  <official_title>Clinical-Genetic Variation in GABA/Alcohol Sensitivity</official_title>
  <sponsors>
    <lead_sponsor>
      <agency>The University of Texas Health Science Center at San Antonio</agency>
      <agency_class>Other</agency_class>
    </lead_sponsor>
    <collaborator>
      <agency>National Institute on Alcohol Abuse and Alcoholism (NIAAA)</agency>
      <agency_class>NIH</agency_class>
    </collaborator>
  </sponsors>
  <source>The University of Texas Health Science Center at San Antonio</source>
  <oversight_info>
    <has_dmc>No</has_dmc>
  </oversight_info>
  <brief_summary>
    <textblock>
      The purpose of the study is to better understand how genetic factors influence individual
      sensitivity to alcohol.
    </textblock>
  </brief_summary>
  <detailed_description>
    <textblock>
      We want to find out if there are specific characteristics of a person's genes which will
      cause them to respond differently to alcohol. Genes are parts of the chromosomes found in the
      cells of our bodies which control our physical characteristics such the color of our hair,
      eyes, and other features. Genes are made up of molecules called &quot;DNA&quot; which carry the genetic
      information we receive from our parents. Just as genes control our physical characteristics,
      differences in genetic information may also explain why some people are more sensitive to
      alcohol or have problems drinking too much.
    </textblock>
  </detailed_description>
  <overall_status>Completed</overall_status>
  <start_date>August 2002</start_date>
  <completion_date type="Actual">December 2008</completion_date>
  <primary_completion_date type="Actual">December 2008</primary_completion_date>
  <phase>Phase 1/Phase 2</phase>
  <study_type>Observational</study_type>
  <has_expanded_access>No</has_expanded_access>
  <study_design_info>
    <observational_model>Case Control</observational_model>
    <time_perspective>Prospective</time_perspective>
  </study_design_info>
  <number_of_groups>2</number_of_groups>
  <enrollment type="Actual">23</enrollment>
  <condition>Alcoholism</condition>
  <arm_group>
    <arm_group_label>1</arm_group_label>
    <description>Genotype group Pro/Pro</description>
  </arm_group>
  <arm_group>
    <arm_group_label>2</arm_group_label>
    <description>Genotype group Pro/Ser</description>
  </arm_group>
  <biospec_retention>Samples With DNA</biospec_retention>
  <biospec_descr>
    <textblock>
      Specifically, we will determine whether the subject's gene for a brain protein called
      GABA-alpha-6 is of the &quot;Pro&quot; type or &quot;Ser&quot; type.
    </textblock>
  </biospec_descr>
  <eligibility>
    <study_pop>
      <textblock>
        Subjects who are English-speaking, children of Hispanic ancestry, 21-25 years of age, who
        drink alcohol but are not alcohol dependent will be recruited.
      </textblock>
    </study_pop>
    <sampling_method>Non-Probability Sample</sampling_method>
    <criteria>
      <textblock>
        Inclusion Criteria:

          -  The subject is male or female with at least one Hispanic birth parent of Mexican
             ancestry, 21-25 years of age, and able to read the English-language consent form.

          -  The subject self-reports current use of 3-30 standard drinks

          -  The subject is in good physical health as determined by history, physical and
             laboratory studies of hematology and chemistry

          -  The subject has a Body Mass Index (BMI) between 20-28

          -  The subject is not concurrently using psychoactive medication or illicit drugs

          -  If subject is female, she is not pregnant (determined by weekly urine pregnancy
             screens), is practicing barrier or chemical methods of birth control, and not nursing
             babies

        Exclusion Criteria:

          -  The subject meets DSM-IV criteria for any lifetime history of alcohol dependence, or
             dependence or abuse on any other drug in the past two years excepting tobacco
             dependence

          -  The subject currently meets DSM-IV for any other psychiatric (Axis I) disorder,
             excepting tobacco dependence

          -  The subject cannot consistently provide alcohol-free breath samples and drug-free
             urine samples

          -  The subject uses &gt; 20 cigarettes per day or &gt; 500 mg caffeine per day

          -  The subject's physical exam, lab tests, and medical histories indicate medical illness
             requiring treatment or interacting with the alcohol or benzodiazepine treatments

          -  The subject has a sleep apnea or narrow angle-glaucoma (contraindications for
             benzodiazepines)

          -  The subject reports extreme hypersensitivity or allergic reactions to benzodiazepines
             or unusual hypersensitivity to multiple medications

          -  The subject is unwilling or unable to consent to all experimental procedures including
             confidential family history interviews and genetic testing specified by the protocol
      </textblock>
    </criteria>
    <gender>All</gender>
    <minimum_age>21 Years</minimum_age>
    <maximum_age>25 Years</maximum_age>
    <healthy_volunteers>No</healthy_volunteers>
  </eligibility>
  <overall_official>
    <last_name>John D. Roache, Ph.D.</last_name>
    <role>Principal Investigator</role>
    <affiliation>The University of Texas Health Science Center at San Antonio</affiliation>
  </overall_official>
  <removed_countries>
    <country>United States</country>
  </removed_countries>
  <verification_date>April 2009</verification_date>
  <lastchanged_date>April 30, 2009</lastchanged_date>
  <firstreceived_date>September 13, 2005</firstreceived_date>
  <responsible_party>
    <name_title>John D. Roache/Professor</name_title>
    <organization>The University of Texas Health Science Center at San Antonio</organization>
  </responsible_party>
  <keyword>alcohol</keyword>
  <keyword>GABA</keyword>
  <keyword>genetic variation</keyword>
  <condition_browse>
    <!-- CAUTION:  The following MeSH terms are assigned with an imperfect algorithm            -->
    <mesh_term>Alcoholism</mesh_term>
  </condition_browse>
  <intervention_browse>
    <!-- CAUTION:  The following MeSH terms are assigned with an imperfect algorithm            -->
    <mesh_term>Ethanol</mesh_term>
  </intervention_browse>
  <!-- Results have not yet been posted for this study                                          -->
</clinical_study>

