<?xml version="1.0" encoding="UTF-8"?>
<clinical_study rank="468">
  <!-- This xml conforms to an XML Schema at:
    https://clinicaltrials.gov/ct2/html/images/info/public.xsd -->
  <required_header>
    <download_date>ClinicalTrials.gov processed this data on September 01, 2017</download_date>
    <link_text>Link to the current ClinicalTrials.gov record.</link_text>
    <url>https://clinicaltrials.gov/show/NCT03131843</url>
  </required_header>
  <id_info>
    <org_study_id>33391</org_study_id>
    <nct_id>NCT03131843</nct_id>
  </id_info>
  <brief_title>Effectiveness of Alcohol Swabs for Preventing Infections During Vaccination</brief_title>
  <official_title>A Pilot Randomized Controlled Trial Assessing the Effectiveness of Alcohol Swabs in Preventing Infections in Pediatric Patients Receiving Vaccinations</official_title>
  <sponsors>
    <lead_sponsor>
      <agency>University of Toronto</agency>
      <agency_class>Other</agency_class>
    </lead_sponsor>
  </sponsors>
  <source>University of Toronto</source>
  <oversight_info>
    <has_dmc>Yes</has_dmc>
    <is_fda_regulated_drug>No</is_fda_regulated_drug>
    <is_fda_regulated_device>No</is_fda_regulated_device>
  </oversight_info>
  <brief_summary>
    <textblock>
      Alcohol is used to disinfect the skin prior to injections in order to prevent infections
      caused by bacteria on the skin being injected within tissue. At present, however, clinical
      trials do not demonstrate a clinical impact of using or not using alcohol swabs on infections
      and infection symptoms calling into question the practice of using it prior to all
      injections. These studies are methodologically flawed, and do not specifically examine
      vaccine injections. The present study is being undertaken to provide some preliminary data
      for the risk of infection and infection symptoms when alcohol swabs are not used to perform
      vaccine injections.
    </textblock>
  </brief_summary>
  <detailed_description>
    <textblock>
      Alcohol is used to disinfect the skin prior to injections in order to prevent infections
      caused by bacteria on the skin being injected within tissue. Alcohol has been shown to be a
      good disinfectant, reducing the number of bacteria on skin by 47-91%. However, in previous
      clinical trials, there has been no clinical impact of using or not using alcohol swabs on
      infections and infection symptoms calling into question the practice of using it prior to all
      injections. These studies, however, are generally of low scientific rigor (e.g., not
      randomized, not blinded, did not use standard case definitions of the adverse reactions being
      measured). Moreover, it is important to note that none of them specifically evaluated vaccine
      injections, the most common type of injection worldwide.

      At present, based on the available evidence base, the World Health Organization (WHO) and the
      Centre for Disease Control (CDC) do not recommend the use of alcohol swabs before vaccine
      injections. As a result, immunizers in many countries around the world currently do not
      cleanse the skin with alcohol prior to vaccination. Despite these recommendations, clinicians
      in our community and across Canada commonly use alcohol swabs prior to all vaccine
      injections. In this application, investigators will undertake a pilot randomized study to
      evaluate the incidence of infection symptoms and infections in children undergoing
      vaccination with and without skin cleansing with alcohol swabs.
    </textblock>
  </detailed_description>
  <overall_status>Recruiting</overall_status>
  <start_date type="Actual">May 1, 2017</start_date>
  <completion_date type="Anticipated">December 2018</completion_date>
  <primary_completion_date type="Anticipated">December 2018</primary_completion_date>
  <phase>Phase 3</phase>
  <study_type>Interventional</study_type>
  <has_expanded_access>No</has_expanded_access>
  <study_design_info>
    <allocation>Randomized</allocation>
    <intervention_model>Parallel Assignment</intervention_model>
    <intervention_model_description>Parallel randomized controlled trial</intervention_model_description>
    <primary_purpose>Treatment</primary_purpose>
    <masking>Triple (Participant, Care Provider, Outcomes Assessor)</masking>
    <masking_description>Participants, parents, care providers and outcomes assessors will not be aware of whether the participant was swabbed in the location of the vaccine injection. Only the investigator will know where alcohol was applied on the skin relative to the vaccine injection site.</masking_description>
  </study_design_info>
  <primary_outcome>
    <measure>Skin infection</measure>
    <time_frame>within 14 days of injection</time_frame>
    <description>skin infection (cellulitis, abscess), defined as per Brighton Collaboration definition (2007)</description>
  </primary_outcome>
  <secondary_outcome>
    <measure>Skin infection symptoms</measure>
    <time_frame>within 14 days of injection</time_frame>
    <description>skin infection symptoms (redness, swelling, pain, warmth, discharge), defined as per Brighton Collaboration definition (2007)</description>
  </secondary_outcome>
  <secondary_outcome>
    <measure>Feasibility of recruitment</measure>
    <time_frame>from date of first enrollment until the date of final enrollment, up to 1 year</time_frame>
    <description>recruitment rate for study</description>
  </secondary_outcome>
  <secondary_outcome>
    <measure>Compliance with protocol</measure>
    <time_frame>within 30 days of injection</time_frame>
    <description>rate of parent compliance with study procedures</description>
  </secondary_outcome>
  <secondary_outcome>
    <measure>Feasibility of protocol</measure>
    <time_frame>from the date of first enrollment until the date of the last follow-up, or study completion, up to 1 year</time_frame>
    <description>descriptives of adverse events relative to follow-up</description>
  </secondary_outcome>
  <number_of_arms>2</number_of_arms>
  <enrollment type="Anticipated">170</enrollment>
  <condition>Skin Infection</condition>
  <arm_group>
    <arm_group_label>Alcohol</arm_group_label>
    <arm_group_type>Experimental</arm_group_type>
    <description>Alcohol will be wiped on the vaccine injection site immediately before vaccine injection.</description>
  </arm_group>
  <arm_group>
    <arm_group_label>No alcohol</arm_group_label>
    <arm_group_type>Placebo Comparator</arm_group_type>
    <description>Alcohol will be wiped adjacent to the vaccine injection site immediately before vaccine injection.</description>
  </arm_group>
  <intervention>
    <intervention_type>Drug</intervention_type>
    <intervention_name>Alcohol</intervention_name>
    <description>Alcohol cleansing swab/wipe</description>
    <arm_group_label>Alcohol</arm_group_label>
  </intervention>
  <intervention>
    <intervention_type>Drug</intervention_type>
    <intervention_name>No alcohol</intervention_name>
    <description>No alcohol will be used; alcohol cleansing swab/wipe will be used at a different injection site</description>
    <arm_group_label>No alcohol</arm_group_label>
  </intervention>
  <eligibility>
    <criteria>
      <textblock>
        Inclusion Criteria:

          -  healthy pediatric patients undergoing routine vaccinations

        Exclusion Criteria:

          -  no contra-indications to vaccination or alcohol swab,

          -  ability to understand English and consent to the study
      </textblock>
    </criteria>
    <gender>All</gender>
    <minimum_age>2 Months</minimum_age>
    <maximum_age>18 Years</maximum_age>
    <healthy_volunteers>Accepts Healthy Volunteers</healthy_volunteers>
  </eligibility>
  <overall_official>
    <last_name>Anna Taddio, PhD</last_name>
    <role>Principal Investigator</role>
    <affiliation>University of Toronto</affiliation>
  </overall_official>
  <overall_contact>
    <last_name>Anna Taddio, PhD</last_name>
    <phone>416-813-6235</phone>
    <email>anna.taddio@utoronto.ca</email>
  </overall_contact>
  <overall_contact_backup>
    <last_name>Steven Moss, MD</last_name>
    <phone>416-492-5888</phone>
    <email>stevenmoss@me.com</email>
  </overall_contact_backup>
  <location>
    <facility>
      <name>Pediatrician Clinic</name>
      <address>
        <city>North York</city>
        <state>Ontario</state>
        <zip>M2J 2K9</zip>
        <country>Canada</country>
      </address>
    </facility>
    <status>Recruiting</status>
    <contact>
      <last_name>Horace Wong, BSc</last_name>
      <phone>416-492-5888</phone>
      <email>horace.wong@mail.utoronto.ca</email>
    </contact>
    <contact_backup>
      <last_name>Anna Taddio, PhD</last_name>
      <phone>416-978-8822</phone>
      <email>anna.taddio@utoronto.ca</email>
    </contact_backup>
  </location>
  <location_countries>
    <country>Canada</country>
  </location_countries>
  <verification_date>May 2017</verification_date>
  <lastchanged_date>May 1, 2017</lastchanged_date>
  <firstreceived_date>April 17, 2017</firstreceived_date>
  <responsible_party>
    <responsible_party_type>Principal Investigator</responsible_party_type>
    <investigator_affiliation>University of Toronto</investigator_affiliation>
    <investigator_full_name>Anna Taddio</investigator_full_name>
    <investigator_title>Professor</investigator_title>
  </responsible_party>
  <keyword>skin infection</keyword>
  <keyword>vaccination</keyword>
  <keyword>children</keyword>
  <keyword>alcohol swab</keyword>
  <keyword>skin preparation</keyword>
  <condition_browse>
    <!-- CAUTION:  The following MeSH terms are assigned with an imperfect algorithm            -->
    <mesh_term>Infection</mesh_term>
    <mesh_term>Communicable Diseases</mesh_term>
    <mesh_term>Skin Diseases, Infectious</mesh_term>
  </condition_browse>
  <intervention_browse>
    <!-- CAUTION:  The following MeSH terms are assigned with an imperfect algorithm            -->
    <mesh_term>Vaccines</mesh_term>
    <mesh_term>Ethanol</mesh_term>
  </intervention_browse>
  <patient_data>
    <sharing_ipd>No</sharing_ipd>
    <ipd_description>There is no plan to make IPD available to other researchers.</ipd_description>
  </patient_data>
  <!-- Results have not yet been posted for this study                                          -->
</clinical_study>

