<?xml version="1.0" encoding="UTF-8"?>
<clinical_study rank="437">
  <!-- This xml conforms to an XML Schema at:
    https://clinicaltrials.gov/ct2/html/images/info/public.xsd -->
  <required_header>
    <download_date>ClinicalTrials.gov processed this data on August 29, 2017</download_date>
    <link_text>Link to the current ClinicalTrials.gov record.</link_text>
    <url>https://clinicaltrials.gov/show/NCT01886716</url>
  </required_header>
  <id_info>
    <org_study_id>1R21AA021151</org_study_id>
    <secondary_id>1R21AA021151</secondary_id>
    <nct_id>NCT01886716</nct_id>
  </id_info>
  <brief_title>Retraining Attention to Treat Alcohol Dependence and Social Anxiety</brief_title>
  <acronym>AMP</acronym>
  <official_title>Cognitive Bias Modification: A Novel Intervention for Alcohol Dependence and Social Anxiety</official_title>
  <sponsors>
    <lead_sponsor>
      <agency>University of Cincinnati</agency>
      <agency_class>Other</agency_class>
    </lead_sponsor>
    <collaborator>
      <agency>Miami University</agency>
      <agency_class>Other</agency_class>
    </collaborator>
    <collaborator>
      <agency>Brown University</agency>
      <agency_class>Other</agency_class>
    </collaborator>
    <collaborator>
      <agency>National Institute on Alcohol Abuse and Alcoholism (NIAAA)</agency>
      <agency_class>NIH</agency_class>
    </collaborator>
  </sponsors>
  <source>University of Cincinnati</source>
  <oversight_info>
    <has_dmc>No</has_dmc>
  </oversight_info>
  <brief_summary>
    <textblock>
      The purpose of this research is to test a computerized intervention for people with
      co-occurring social anxiety and alcohol dependence. The intervention seeks to reduce symptoms
      by shifting attention away from alcohol-relevant and/or socially threatening cues. The
      investigators expect that participants receiving alcohol or anxiety training will experience
      reductions in those specific symptoms compared to participants in a control condition. The
      investigators also expect that participants receiving combined alcohol and anxiety training
      will show the largest reductions in alcohol and anxiety symptoms, relative to participants in
      any other condition.
    </textblock>
  </brief_summary>
  <detailed_description>
    <textblock>
      Alcohol Use Disorders (AUDs) and Social Anxiety Disorder are disabling and chronic
      conditions. In spite of these common and significantly overlapping problems, insight into the
      mechanisms linking alcohol dependence and social anxiety symptoms is minimal, and there are
      not well established treatment guidelines for this population. In this study, the
      investigators seek to develop a computerized intervention for individuals with symptoms of
      social anxiety and alcohol dependence. The intervention attempts to reduce symptoms by
      shifting attention away from alcohol-relevant and/or socially threatening cues. The
      investigators expect that participants receiving alcohol or anxiety training will experience
      reductions in those specific symptoms compared to participants in a control condition. The
      investigators also expect that participants receiving combined alcohol and anxiety training
      will show the largest reductions in alcohol and anxiety symptoms, relative to participants in
      any other condition.
    </textblock>
  </detailed_description>
  <overall_status>Completed</overall_status>
  <start_date>July 2013</start_date>
  <completion_date type="Actual">December 2014</completion_date>
  <primary_completion_date type="Actual">December 2014</primary_completion_date>
  <phase>N/A</phase>
  <study_type>Interventional</study_type>
  <has_expanded_access>No</has_expanded_access>
  <study_design_info>
    <allocation>Randomized</allocation>
    <intervention_model>Parallel Assignment</intervention_model>
    <primary_purpose>Treatment</primary_purpose>
    <masking>Double (Participant, Outcomes Assessor)</masking>
  </study_design_info>
  <primary_outcome>
    <measure>Liebowitz Social Anxiety Scale</measure>
    <time_frame>Baseline, weekly throughout the 4-week trial, and in the follow-up sessions (1 week and 1 month follow-ups)</time_frame>
    <description>The experimenter-administered Liebowitz Social Anxiety Scale (Liebowitz, 1987) was the primary measure to assess social anxiety symptoms. This well-validated instrument assesses fear and avoidance across a range of 24 social and performance situations during the course of the previous week. A total LSAS score was computed, ranging from 0 (no fear or avoidance) to 144 (the greatest level of fear and avoidance).</description>
  </primary_outcome>
  <primary_outcome>
    <measure>The Daily Drinking Questionnaire</measure>
    <time_frame>Baseline, weekly throughout the 4-week trial, and in the follow-up sessions (1 week and 1 month follow-ups)</time_frame>
    <description>The Daily Drinking Questionnaire (Collins, Parks, &amp; Marlatt, 1985) was the primary measure used to assess weekly alcohol consumption. This calendar-based measure was administered by the experimenter once per week to monitor changes in symptoms. The measure assessed the total number of drinks in the past week.</description>
  </primary_outcome>
  <number_of_arms>4</number_of_arms>
  <enrollment type="Actual">115</enrollment>
  <condition>Alcohol Drinking</condition>
  <condition>Anxiety Disorders</condition>
  <arm_group>
    <arm_group_label>Anxiety Attention Training only</arm_group_label>
    <arm_group_type>Experimental</arm_group_type>
    <description>Participants will receive Anxiety Attention Training and placebo Alcohol training.</description>
  </arm_group>
  <arm_group>
    <arm_group_label>Alcohol Attention Training only</arm_group_label>
    <arm_group_type>Experimental</arm_group_type>
    <description>Participants will receive Alcohol Attention Training and placebo Anxiety training.</description>
  </arm_group>
  <arm_group>
    <arm_group_label>Anxiety + Alcohol Attention Training</arm_group_label>
    <arm_group_type>Experimental</arm_group_type>
    <description>Participants will receive both Anxiety Attention Training and Alcohol Attention Training.</description>
  </arm_group>
  <arm_group>
    <arm_group_label>Control Training</arm_group_label>
    <arm_group_type>Placebo Comparator</arm_group_type>
    <description>Participants will receive placebo Anxiety Training and placebo Alcohol training.</description>
  </arm_group>
  <intervention>
    <intervention_type>Behavioral</intervention_type>
    <intervention_name>Anxiety Attention Training</intervention_name>
    <description>Anxiety Attention Training will preferentially direct participants' attention away from reminders of anxiety.</description>
    <arm_group_label>Anxiety Attention Training only</arm_group_label>
    <arm_group_label>Anxiety + Alcohol Attention Training</arm_group_label>
  </intervention>
  <intervention>
    <intervention_type>Behavioral</intervention_type>
    <intervention_name>Alcohol Attention Training</intervention_name>
    <description>Alcohol Attention Training will preferentially direct participants' attention away from reminders of alcohol.</description>
    <arm_group_label>Alcohol Attention Training only</arm_group_label>
    <arm_group_label>Anxiety + Alcohol Attention Training</arm_group_label>
  </intervention>
  <intervention>
    <intervention_type>Behavioral</intervention_type>
    <intervention_name>Control Training</intervention_name>
    <description>Placebo Anxiety Training and Placebo Alcohol Training will not preferentially direct participants' attention away from reminders of anxiety or alcohol.</description>
    <arm_group_label>Control Training</arm_group_label>
  </intervention>
  <eligibility>
    <criteria>
      <textblock>
        Inclusion Criteria:

          -  Current alcohol dependence

          -  Elevated social anxiety symptoms

          -  Willingness to consider cutting down on drinking

        Exclusion Criteria:

          -  Current psychosis

          -  Unmanaged manic symptoms

          -  Significant cognitive impairment

          -  Other drug use in past month

          -  Receiving cognitive behavioral therapy for alcohol use disorder or social anxiety

          -  Unable to read
      </textblock>
    </criteria>
    <gender>All</gender>
    <minimum_age>18 Years</minimum_age>
    <maximum_age>N/A</maximum_age>
    <healthy_volunteers>No</healthy_volunteers>
  </eligibility>
  <overall_official>
    <last_name>Joshua C Magee, Ph.D.</last_name>
    <role>Principal Investigator</role>
    <affiliation>University of Cincinnati</affiliation>
  </overall_official>
  <location>
    <facility>
      <name>University of Cincinnati Department of Family and Community Medicine</name>
      <address>
        <city>Cincinnati</city>
        <state>Ohio</state>
        <zip>45206</zip>
        <country>United States</country>
      </address>
    </facility>
  </location>
  <location_countries>
    <country>United States</country>
  </location_countries>
  <verification_date>December 2016</verification_date>
  <lastchanged_date>December 15, 2016</lastchanged_date>
  <firstreceived_date>June 17, 2013</firstreceived_date>
  <firstreceived_results_date>July 15, 2016</firstreceived_results_date>
  <responsible_party>
    <responsible_party_type>Principal Investigator</responsible_party_type>
    <investigator_affiliation>University of Cincinnati</investigator_affiliation>
    <investigator_full_name>Joshua Magee</investigator_full_name>
    <investigator_title>Assistant Research Professor</investigator_title>
  </responsible_party>
  <keyword>Alcohol Abuse</keyword>
  <keyword>Alcohol Dependence</keyword>
  <keyword>Alcohol Drinking</keyword>
  <keyword>Social Anxiety</keyword>
  <keyword>Social Phobia</keyword>
  <keyword>Anxiety Disorders</keyword>
  <condition_browse>
    <!-- CAUTION:  The following MeSH terms are assigned with an imperfect algorithm            -->
    <mesh_term>Anxiety Disorders</mesh_term>
    <mesh_term>Alcoholism</mesh_term>
    <mesh_term>Alcohol Drinking</mesh_term>
  </condition_browse>
  <intervention_browse>
    <!-- CAUTION:  The following MeSH terms are assigned with an imperfect algorithm            -->
    <mesh_term>Ethanol</mesh_term>
  </intervention_browse>
  <patient_data>
    <sharing_ipd>No</sharing_ipd>
  </patient_data>

  <clinical_results>

    <participant_flow>
      <pre_assignment_details>Random assignment occurred during Week 1, the next visit after the baseline orientation session. Out of 115 participants completing the baseline session, 21 dropped out prior to random assignment. To ensure current symptoms, another 8 were excluded due to baseline reports of no or extremely low alcohol consumption and/or social anxiety, leaving 86.</pre_assignment_details>
      <group_list>
        <group group_id="P1">
          <title>Anxiety Attention Training Only</title>
          <description>Participants will receive Anxiety Attention Training and placebo Alcohol training.
Anxiety Attention Training: Anxiety Attention Training will preferentially direct participants' attention away from reminders of anxiety.</description>
        </group>
        <group group_id="P2">
          <title>Alcohol Attention Training Only</title>
          <description>Participants will receive Alcohol Attention Training and placebo Anxiety training.
Alcohol Attention Training: Alcohol Attention Training will preferentially direct participants' attention away from reminders of alcohol.</description>
        </group>
        <group group_id="P3">
          <title>Anxiety + Alcohol Attention Training</title>
          <description>Participants will receive both Anxiety Attention Training and Alcohol Attention Training.
Anxiety Attention Training: Anxiety Attention Training will preferentially direct participants' attention away from reminders of anxiety.
Alcohol Attention Training: Alcohol Attention Training will preferentially direct participants' attention away from reminders of alcohol.</description>
        </group>
        <group group_id="P4">
          <title>Control Training</title>
          <description>Participants will receive placebo Anxiety Training and placebo Alcohol training.
Control Training: Placebo Anxiety Training and Placebo Alcohol Training will not preferentially direct participants' attention away from reminders of anxiety or alcohol.</description>
        </group>
      </group_list>
      <period_list>
        <period>
          <title>Week 1</title>
          <milestone_list>
            <milestone>
              <title>STARTED</title>
              <participants_list>
                <participants group_id="P1" count="24"/>
                <participants group_id="P2" count="20"/>
                <participants group_id="P3" count="22"/>
                <participants group_id="P4" count="20"/>
              </participants_list>
            </milestone>
            <milestone>
              <title>COMPLETED</title>
              <participants_list>
                <participants group_id="P1" count="24"/>
                <participants group_id="P2" count="20"/>
                <participants group_id="P3" count="20"/>
                <participants group_id="P4" count="18"/>
              </participants_list>
            </milestone>
            <milestone>
              <title>NOT COMPLETED</title>
              <participants_list>
                <participants group_id="P1" count="0"/>
                <participants group_id="P2" count="0"/>
                <participants group_id="P3" count="2"/>
                <participants group_id="P4" count="2"/>
              </participants_list>
            </milestone>
          </milestone_list>
          <drop_withdraw_reason_list>
            <drop_withdraw_reason>
              <title>Lost to Follow-up</title>
              <participants_list>
                <participants group_id="P1" count="0"/>
                <participants group_id="P2" count="0"/>
                <participants group_id="P3" count="2"/>
                <participants group_id="P4" count="2"/>
              </participants_list>
            </drop_withdraw_reason>
          </drop_withdraw_reason_list>
        </period>
        <period>
          <title>Week 2</title>
          <milestone_list>
            <milestone>
              <title>STARTED</title>
              <participants_list>
                <participants group_id="P1" count="24"/>
                <participants group_id="P2" count="20"/>
                <participants group_id="P3" count="20"/>
                <participants group_id="P4" count="18"/>
              </participants_list>
            </milestone>
            <milestone>
              <title>COMPLETED</title>
              <participants_list>
                <participants group_id="P1" count="21"/>
                <participants group_id="P2" count="18"/>
                <participants group_id="P3" count="19"/>
                <participants group_id="P4" count="15"/>
              </participants_list>
            </milestone>
            <milestone>
              <title>NOT COMPLETED</title>
              <participants_list>
                <participants group_id="P1" count="3"/>
                <participants group_id="P2" count="2"/>
                <participants group_id="P3" count="1"/>
                <participants group_id="P4" count="3"/>
              </participants_list>
            </milestone>
          </milestone_list>
          <drop_withdraw_reason_list>
            <drop_withdraw_reason>
              <title>Lost to Follow-up</title>
              <participants_list>
                <participants group_id="P1" count="3"/>
                <participants group_id="P2" count="2"/>
                <participants group_id="P3" count="1"/>
                <participants group_id="P4" count="3"/>
              </participants_list>
            </drop_withdraw_reason>
          </drop_withdraw_reason_list>
        </period>
        <period>
          <title>Week 3</title>
          <milestone_list>
            <milestone>
              <title>STARTED</title>
              <participants_list>
                <participants group_id="P1" count="21"/>
                <participants group_id="P2" count="18"/>
                <participants group_id="P3" count="19"/>
                <participants group_id="P4" count="15"/>
              </participants_list>
            </milestone>
            <milestone>
              <title>COMPLETED</title>
              <participants_list>
                <participants group_id="P1" count="20"/>
                <participants group_id="P2" count="17"/>
                <participants group_id="P3" count="19"/>
                <participants group_id="P4" count="14"/>
              </participants_list>
            </milestone>
            <milestone>
              <title>NOT COMPLETED</title>
              <participants_list>
                <participants group_id="P1" count="1"/>
                <participants group_id="P2" count="1"/>
                <participants group_id="P3" count="0"/>
                <participants group_id="P4" count="1"/>
              </participants_list>
            </milestone>
          </milestone_list>
          <drop_withdraw_reason_list>
            <drop_withdraw_reason>
              <title>Lost to Follow-up</title>
              <participants_list>
                <participants group_id="P1" count="1"/>
                <participants group_id="P2" count="1"/>
                <participants group_id="P3" count="0"/>
                <participants group_id="P4" count="1"/>
              </participants_list>
            </drop_withdraw_reason>
          </drop_withdraw_reason_list>
        </period>
        <period>
          <title>Week 4</title>
          <milestone_list>
            <milestone>
              <title>STARTED</title>
              <participants_list>
                <participants group_id="P1" count="20"/>
                <participants group_id="P2" count="17"/>
                <participants group_id="P3" count="19"/>
                <participants group_id="P4" count="14"/>
              </participants_list>
            </milestone>
            <milestone>
              <title>COMPLETED</title>
              <participants_list>
                <participants group_id="P1" count="20"/>
                <participants group_id="P2" count="17"/>
                <participants group_id="P3" count="19"/>
                <participants group_id="P4" count="14"/>
              </participants_list>
            </milestone>
            <milestone>
              <title>NOT COMPLETED</title>
              <participants_list>
                <participants group_id="P1" count="0"/>
                <participants group_id="P2" count="0"/>
                <participants group_id="P3" count="0"/>
                <participants group_id="P4" count="0"/>
              </participants_list>
            </milestone>
          </milestone_list>
        </period>
        <period>
          <title>1-Week Post Follow-Up</title>
          <milestone_list>
            <milestone>
              <title>STARTED</title>
              <participants_list>
                <participants group_id="P1" count="20"/>
                <participants group_id="P2" count="17"/>
                <participants group_id="P3" count="19"/>
                <participants group_id="P4" count="14"/>
              </participants_list>
            </milestone>
            <milestone>
              <title>COMPLETED</title>
              <participants_list>
                <participants group_id="P1" count="20"/>
                <participants group_id="P2" count="17"/>
                <participants group_id="P3" count="19"/>
                <participants group_id="P4" count="14"/>
              </participants_list>
            </milestone>
            <milestone>
              <title>NOT COMPLETED</title>
              <participants_list>
                <participants group_id="P1" count="0"/>
                <participants group_id="P2" count="0"/>
                <participants group_id="P3" count="0"/>
                <participants group_id="P4" count="0"/>
              </participants_list>
            </milestone>
          </milestone_list>
        </period>
        <period>
          <title>1-Month Post Follow-Up</title>
          <milestone_list>
            <milestone>
              <title>STARTED</title>
              <participants_list>
                <participants group_id="P1" count="20"/>
                <participants group_id="P2" count="17"/>
                <participants group_id="P3" count="19"/>
                <participants group_id="P4" count="14"/>
              </participants_list>
            </milestone>
            <milestone>
              <title>COMPLETED</title>
              <participants_list>
                <participants group_id="P1" count="20"/>
                <participants group_id="P2" count="17"/>
                <participants group_id="P3" count="19"/>
                <participants group_id="P4" count="14"/>
              </participants_list>
            </milestone>
            <milestone>
              <title>NOT COMPLETED</title>
              <participants_list>
                <participants group_id="P1" count="0"/>
                <participants group_id="P2" count="0"/>
                <participants group_id="P3" count="0"/>
                <participants group_id="P4" count="0"/>
              </participants_list>
            </milestone>
          </milestone_list>
        </period>
      </period_list>
    </participant_flow>

    <baseline>
      <population>Participants who remained in the study through the initial Week 1 session in which random assignment occurred, as well as who reported current symptoms on alcohol consumption and social anxiety measures at the baseline orientation session (see Pre-Assignment Details and Participant Flow).</population>
      <group_list>
        <group group_id="B1">
          <title>Anxiety Attention Training Only</title>
          <description>Participants will receive Anxiety Attention Training and placebo Alcohol training.
Anxiety Attention Training: Anxiety Attention Training will preferentially direct participants' attention away from reminders of anxiety.</description>
        </group>
        <group group_id="B2">
          <title>Alcohol Attention Training Only</title>
          <description>Participants will receive Alcohol Attention Training and placebo Anxiety training.
Alcohol Attention Training: Alcohol Attention Training will preferentially direct participants' attention away from reminders of alcohol.</description>
        </group>
        <group group_id="B3">
          <title>Anxiety + Alcohol Attention Training</title>
          <description>Participants will receive both Anxiety Attention Training and Alcohol Attention Training.
Anxiety Attention Training: Anxiety Attention Training will preferentially direct participants' attention away from reminders of anxiety.
Alcohol Attention Training: Alcohol Attention Training will preferentially direct participants' attention away from reminders of alcohol.</description>
        </group>
        <group group_id="B4">
          <title>Control Training</title>
          <description>Participants will receive placebo Anxiety Training and placebo Alcohol training.
Control Training: Placebo Anxiety Training and Placebo Alcohol Training will not preferentially direct participants' attention away from reminders of anxiety or alcohol.</description>
        </group>
        <group group_id="B5">
          <title>Total</title>
          <description>Total of all reporting groups</description>
        </group>
      </group_list>
      <analyzed_list>
        <analyzed>
          <units>Participants</units>
          <scope>Overall</scope>
          <count_list>
            <count group_id="B1" value="24"/>
            <count group_id="B2" value="20"/>
            <count group_id="B3" value="22"/>
            <count group_id="B4" value="20"/>
            <count group_id="B5" value="86"/>
          </count_list>
        </analyzed>
      </analyzed_list>
      <measure_list>
        <measure>
          <title>Age</title>
          <units>Participants</units>
          <param>Count of Participants</param>
          <class_list>
            <class>
              <category_list>
                <category>
                  <title>&lt;=18 years</title>
                  <measurement_list>
                    <measurement group_id="B1" value="0"/>
                    <measurement group_id="B2" value="0"/>
                    <measurement group_id="B3" value="0"/>
                    <measurement group_id="B4" value="0"/>
                    <measurement group_id="B5" value="0"/>
                  </measurement_list>
                </category>
                <category>
                  <title>Between 18 and 65 years</title>
                  <measurement_list>
                    <measurement group_id="B1" value="24"/>
                    <measurement group_id="B2" value="19"/>
                    <measurement group_id="B3" value="21"/>
                    <measurement group_id="B4" value="20"/>
                    <measurement group_id="B5" value="84"/>
                  </measurement_list>
                </category>
                <category>
                  <title>&gt;=65 years</title>
                  <measurement_list>
                    <measurement group_id="B1" value="0"/>
                    <measurement group_id="B2" value="1"/>
                    <measurement group_id="B3" value="1"/>
                    <measurement group_id="B4" value="0"/>
                    <measurement group_id="B5" value="2"/>
                  </measurement_list>
                </category>
              </category_list>
            </class>
          </class_list>
        </measure>
        <measure>
          <title>Age</title>
          <units>years</units>
          <param>Mean</param>
          <dispersion>Standard Deviation</dispersion>
          <class_list>
            <class>
              <category_list>
                <category>
                  <measurement_list>
                    <measurement group_id="B1" value="42.50" spread="10.95"/>
                    <measurement group_id="B2" value="47.40" spread="10.94"/>
                    <measurement group_id="B3" value="47.68" spread="9.83"/>
                    <measurement group_id="B4" value="39.70" spread="10.62"/>
                    <measurement group_id="B5" value="44.31" spread="10.93"/>
                  </measurement_list>
                </category>
              </category_list>
            </class>
          </class_list>
        </measure>
        <measure>
          <title>Gender</title>
          <units>Participants</units>
          <param>Count of Participants</param>
          <class_list>
            <class>
              <category_list>
                <category>
                  <title>Female</title>
                  <measurement_list>
                    <measurement group_id="B1" value="9"/>
                    <measurement group_id="B2" value="9"/>
                    <measurement group_id="B3" value="7"/>
                    <measurement group_id="B4" value="10"/>
                    <measurement group_id="B5" value="35"/>
                  </measurement_list>
                </category>
                <category>
                  <title>Male</title>
                  <measurement_list>
                    <measurement group_id="B1" value="15"/>
                    <measurement group_id="B2" value="11"/>
                    <measurement group_id="B3" value="15"/>
                    <measurement group_id="B4" value="10"/>
                    <measurement group_id="B5" value="51"/>
                  </measurement_list>
                </category>
              </category_list>
            </class>
          </class_list>
        </measure>
        <measure>
          <title>Race (NIH/OMB)</title>
          <units>Participants</units>
          <param>Count of Participants</param>
          <class_list>
            <class>
              <category_list>
                <category>
                  <title>American Indian or Alaska Native</title>
                  <measurement_list>
                    <measurement group_id="B1" value="0"/>
                    <measurement group_id="B2" value="0"/>
                    <measurement group_id="B3" value="1"/>
                    <measurement group_id="B4" value="0"/>
                    <measurement group_id="B5" value="1"/>
                  </measurement_list>
                </category>
                <category>
                  <title>Asian</title>
                  <measurement_list>
                    <measurement group_id="B1" value="0"/>
                    <measurement group_id="B2" value="1"/>
                    <measurement group_id="B3" value="0"/>
                    <measurement group_id="B4" value="0"/>
                    <measurement group_id="B5" value="1"/>
                  </measurement_list>
                </category>
                <category>
                  <title>Native Hawaiian or Other Pacific Islander</title>
                  <measurement_list>
                    <measurement group_id="B1" value="0"/>
                    <measurement group_id="B2" value="0"/>
                    <measurement group_id="B3" value="0"/>
                    <measurement group_id="B4" value="0"/>
                    <measurement group_id="B5" value="0"/>
                  </measurement_list>
                </category>
                <category>
                  <title>Black or African American</title>
                  <measurement_list>
                    <measurement group_id="B1" value="14"/>
                    <measurement group_id="B2" value="10"/>
                    <measurement group_id="B3" value="11"/>
                    <measurement group_id="B4" value="10"/>
                    <measurement group_id="B5" value="45"/>
                  </measurement_list>
                </category>
                <category>
                  <title>White</title>
                  <measurement_list>
                    <measurement group_id="B1" value="10"/>
                    <measurement group_id="B2" value="9"/>
                    <measurement group_id="B3" value="9"/>
                    <measurement group_id="B4" value="6"/>
                    <measurement group_id="B5" value="34"/>
                  </measurement_list>
                </category>
                <category>
                  <title>More than one race</title>
                  <measurement_list>
                    <measurement group_id="B1" value="0"/>
                    <measurement group_id="B2" value="0"/>
                    <measurement group_id="B3" value="1"/>
                    <measurement group_id="B4" value="4"/>
                    <measurement group_id="B5" value="5"/>
                  </measurement_list>
                </category>
                <category>
                  <title>Unknown or Not Reported</title>
                  <measurement_list>
                    <measurement group_id="B1" value="0"/>
                    <measurement group_id="B2" value="0"/>
                    <measurement group_id="B3" value="0"/>
                    <measurement group_id="B4" value="0"/>
                    <measurement group_id="B5" value="0"/>
                  </measurement_list>
                </category>
              </category_list>
            </class>
          </class_list>
        </measure>
        <measure>
          <title>Region of Enrollment</title>
          <units>participants</units>
          <param>Number</param>
          <class_list>
            <class>
              <title>United States</title>
              <category_list>
                <category>
                  <measurement_list>
                    <measurement group_id="B1" value="24"/>
                    <measurement group_id="B2" value="20"/>
                    <measurement group_id="B3" value="22"/>
                    <measurement group_id="B4" value="20"/>
                    <measurement group_id="B5" value="86"/>
                  </measurement_list>
                </category>
              </category_list>
            </class>
          </class_list>
        </measure>
      </measure_list>
    </baseline>

    <outcome_list>
      <outcome>
        <type>Primary</type>
        <title>Liebowitz Social Anxiety Scale</title>
        <description>The experimenter-administered Liebowitz Social Anxiety Scale (Liebowitz, 1987) was the primary measure to assess social anxiety symptoms. This well-validated instrument assesses fear and avoidance across a range of 24 social and performance situations during the course of the previous week. A total LSAS score was computed, ranging from 0 (no fear or avoidance) to 144 (the greatest level of fear and avoidance).</description>
        <time_frame>Baseline, weekly throughout the 4-week trial, and in the follow-up sessions (1 week and 1 month follow-ups)</time_frame>
        <group_list>
          <group group_id="O1">
            <title>Anxiety Attention Training Only</title>
            <description>Participants will receive Anxiety Attention Training and placebo Alcohol training.
Anxiety Attention Training: Anxiety Attention Training will preferentially direct participants' attention away from reminders of anxiety.</description>
          </group>
          <group group_id="O2">
            <title>Alcohol Attention Training Only</title>
            <description>Participants will receive Alcohol Attention Training and placebo Anxiety training.
Alcohol Attention Training: Alcohol Attention Training will preferentially direct participants' attention away from reminders of alcohol.</description>
          </group>
          <group group_id="O3">
            <title>Anxiety + Alcohol Attention Training</title>
            <description>Participants will receive both Anxiety Attention Training and Alcohol Attention Training.
Anxiety Attention Training: Anxiety Attention Training will preferentially direct participants' attention away from reminders of anxiety.
Alcohol Attention Training: Alcohol Attention Training will preferentially direct participants' attention away from reminders of alcohol.</description>
          </group>
          <group group_id="O4">
            <title>Control Training</title>
            <description>Participants will receive placebo Anxiety Training and placebo Alcohol training.
Control Training: Placebo Anxiety Training and Placebo Alcohol Training will not preferentially direct participants' attention away from reminders of anxiety or alcohol.</description>
          </group>
        </group_list>
        <measure>
          <title>Liebowitz Social Anxiety Scale</title>
          <description>The experimenter-administered Liebowitz Social Anxiety Scale (Liebowitz, 1987) was the primary measure to assess social anxiety symptoms. This well-validated instrument assesses fear and avoidance across a range of 24 social and performance situations during the course of the previous week. A total LSAS score was computed, ranging from 0 (no fear or avoidance) to 144 (the greatest level of fear and avoidance).</description>
          <units>units on a scale</units>
          <param>Mean</param>
          <dispersion>Standard Deviation</dispersion>
          <analyzed_list>
            <analyzed>
              <units>Participants</units>
              <scope>Measure</scope>
              <count_list>
                <count group_id="O1" value="20"/>
                <count group_id="O2" value="17"/>
                <count group_id="O3" value="19"/>
                <count group_id="O4" value="14"/>
              </count_list>
            </analyzed>
          </analyzed_list>
          <class_list>
            <class>
              <category_list>
                <category>
                  <measurement_list>
                    <measurement group_id="O1" value="56.80" spread="30.82"/>
                    <measurement group_id="O2" value="60.94" spread="27.70"/>
                    <measurement group_id="O3" value="52.05" spread="27.23"/>
                    <measurement group_id="O4" value="55.05" spread="26.08"/>
                  </measurement_list>
                </category>
              </category_list>
            </class>
          </class_list>
        </measure>
        <analysis_list>
          <analysis>
            <group_id_list>
              <group_id>O1</group_id>
              <group_id>O2</group_id>
              <group_id>O3</group_id>
              <group_id>O4</group_id>
            </group_id_list>
            <groups_desc>The analyses used multilevel modeling to capture both the trajectories of symptoms within individuals (i.e., level 1) and the hypothesized between-subject moderators of these trajectories, alcohol and anxiety attention training (i.e., level 2) across all 7 time points.
Note, although all 4 groups are included in this analysis, this analysis specifically compares anxiety vs. control training.</groups_desc>
            <non_inferiority_type>Superiority or Other</non_inferiority_type>
            <p_value>=.40</p_value>
            <method>Mixed Models Analysis</method>
            <param_type>Slope</param_type>
            <param_value>-.80</param_value>
            <dispersion_type>Standard Error of the Mean</dispersion_type>
            <dispersion_value>.95</dispersion_value>
            <ci_n_sides>2-Sided</ci_n_sides>
            <estimate_desc>F(1,517) = .71</estimate_desc>
          </analysis>
          <analysis>
            <group_id_list>
              <group_id>O1</group_id>
              <group_id>O2</group_id>
              <group_id>O3</group_id>
              <group_id>O4</group_id>
            </group_id_list>
            <groups_desc>The analyses used multilevel modeling to capture both the trajectories of symptoms within individuals (i.e., level 1) and the hypothesized between-subject moderators of these trajectories, alcohol and anxiety attention training (i.e., level 2) across all 7 time points.
Note, although all 4 groups are included in this analysis, this analysis specifically compares alcohol vs. control training.</groups_desc>
            <non_inferiority_type>Superiority or Other</non_inferiority_type>
            <p_value>=.78</p_value>
            <method>Mixed Models Analysis</method>
            <param_type>Slope</param_type>
            <param_value>.27</param_value>
            <dispersion_type>Standard Error of the Mean</dispersion_type>
            <dispersion_value>.95</dispersion_value>
            <ci_n_sides>2-Sided</ci_n_sides>
            <estimate_desc>F(1,517) = .08</estimate_desc>
          </analysis>
        </analysis_list>
      </outcome>
      <outcome>
        <type>Primary</type>
        <title>The Daily Drinking Questionnaire</title>
        <description>The Daily Drinking Questionnaire (Collins, Parks, &amp; Marlatt, 1985) was the primary measure used to assess weekly alcohol consumption. This calendar-based measure was administered by the experimenter once per week to monitor changes in symptoms. The measure assessed the total number of drinks in the past week.</description>
        <time_frame>Baseline, weekly throughout the 4-week trial, and in the follow-up sessions (1 week and 1 month follow-ups)</time_frame>
        <group_list>
          <group group_id="O1">
            <title>Anxiety Attention Training Only</title>
            <description>Participants will receive Anxiety Attention Training and placebo Alcohol training.
Anxiety Attention Training: Anxiety Attention Training will preferentially direct participants' attention away from reminders of anxiety.</description>
          </group>
          <group group_id="O2">
            <title>Alcohol Attention Training Only</title>
            <description>Participants will receive Alcohol Attention Training and placebo Anxiety training.
Alcohol Attention Training: Alcohol Attention Training will preferentially direct participants' attention away from reminders of alcohol.</description>
          </group>
          <group group_id="O3">
            <title>Anxiety + Alcohol Attention Training</title>
            <description>Participants will receive both Anxiety Attention Training and Alcohol Attention Training.
Anxiety Attention Training: Anxiety Attention Training will preferentially direct participants' attention away from reminders of anxiety.
Alcohol Attention Training: Alcohol Attention Training will preferentially direct participants' attention away from reminders of alcohol.</description>
          </group>
          <group group_id="O4">
            <title>Control Training</title>
            <description>Participants will receive placebo Anxiety Training and placebo Alcohol training.
Control Training: Placebo Anxiety Training and Placebo Alcohol Training will not preferentially direct participants' attention away from reminders of anxiety or alcohol.</description>
          </group>
        </group_list>
        <measure>
          <title>The Daily Drinking Questionnaire</title>
          <description>The Daily Drinking Questionnaire (Collins, Parks, &amp; Marlatt, 1985) was the primary measure used to assess weekly alcohol consumption. This calendar-based measure was administered by the experimenter once per week to monitor changes in symptoms. The measure assessed the total number of drinks in the past week.</description>
          <units>number of drinks</units>
          <param>Mean</param>
          <dispersion>Standard Deviation</dispersion>
          <analyzed_list>
            <analyzed>
              <units>Participants</units>
              <scope>Measure</scope>
              <count_list>
                <count group_id="O1" value="20"/>
                <count group_id="O2" value="17"/>
                <count group_id="O3" value="19"/>
                <count group_id="O4" value="14"/>
              </count_list>
            </analyzed>
          </analyzed_list>
          <class_list>
            <class>
              <category_list>
                <category>
                  <measurement_list>
                    <measurement group_id="O1" value="30.25" spread="39.49"/>
                    <measurement group_id="O2" value="22.82" spread="23.03"/>
                    <measurement group_id="O3" value="24.65" spread="24.93"/>
                    <measurement group_id="O4" value="18.48" spread="24.09"/>
                  </measurement_list>
                </category>
              </category_list>
            </class>
          </class_list>
        </measure>
        <analysis_list>
          <analysis>
            <group_id_list>
              <group_id>O1</group_id>
              <group_id>O2</group_id>
              <group_id>O3</group_id>
              <group_id>O4</group_id>
            </group_id_list>
            <groups_desc>The analyses used multilevel modeling to capture both the trajectories of symptoms within individuals (i.e., level 1) and the hypothesized between-subject moderators of these trajectories, alcohol and anxiety attention training (i.e., level 2) across all 7 time points.
Note, although all 4 groups are included in this analysis, this analysis specifically compares alcohol vs. control training</groups_desc>
            <non_inferiority_type>Superiority or Other</non_inferiority_type>
            <p_value>=.67</p_value>
            <method>Mixed Models Analysis</method>
            <param_type>Slope</param_type>
            <param_value>-.03</param_value>
            <dispersion_type>Standard Error of the Mean</dispersion_type>
            <dispersion_value>.07</dispersion_value>
            <ci_n_sides>2-Sided</ci_n_sides>
            <estimate_desc>F(1,517) = .18</estimate_desc>
          </analysis>
          <analysis>
            <group_id_list>
              <group_id>O1</group_id>
              <group_id>O2</group_id>
              <group_id>O3</group_id>
              <group_id>O4</group_id>
            </group_id_list>
            <groups_desc>The analyses used multilevel modeling to capture both the trajectories of symptoms within individuals (i.e., level 1) and the hypothesized between-subject moderators of these trajectories, alcohol and anxiety attention training (i.e., level 2) across all 7 time points.
Note, although all 4 groups are included in this analysis, this analysis specifically compares anxiety vs. control training</groups_desc>
            <non_inferiority_type>Superiority or Other</non_inferiority_type>
            <p_value>=.32</p_value>
            <method>Mixed Models Analysis</method>
            <param_type>Slope</param_type>
            <param_value>.07</param_value>
            <dispersion_type>Standard Error of the Mean</dispersion_type>
            <dispersion_value>.07</dispersion_value>
            <ci_n_sides>2-Sided</ci_n_sides>
            <estimate_desc>F(1,517) = 1.01</estimate_desc>
          </analysis>
        </analysis_list>
      </outcome>
    </outcome_list>

    <reported_events>
      <time_frame>Monitoring for adverse events occurred at baseline, weekly throughout the 4-week trial, and in the follow-up sessions (1 week and 1 month follow-ups).</time_frame>
      <desc>Research assistants completed check-ins for concerns. Two measures were also monitored for significant negative changes,the LSAS and AWSC. Participants scoring ≥9 points above their baseline LSAS score or ≥23 on the AWSC were evaluated by the site principal investigator for the possibility of clinical deterioration and/or symptoms requiring emergency intervention (e.g., suicidal ideation with intent).</desc>
      <group_list>
        <group group_id="E1">
          <title>Anxiety Attention Training Only</title>
          <description>Participants will receive Anxiety Attention Training and placebo Alcohol training.
Anxiety Attention Training: Anxiety Attention Training will preferentially direct participants' attention away from reminders of anxiety.</description>
        </group>
        <group group_id="E2">
          <title>Alcohol Attention Training Only</title>
          <description>Participants will receive Alcohol Attention Training and placebo Anxiety training.
Alcohol Attention Training: Alcohol Attention Training will preferentially direct participants' attention away from reminders of alcohol.</description>
        </group>
        <group group_id="E3">
          <title>Anxiety + Alcohol Attention Training</title>
          <description>Participants will receive both Anxiety Attention Training and Alcohol Attention Training.
Anxiety Attention Training: Anxiety Attention Training will preferentially direct participants' attention away from reminders of anxiety.
Alcohol Attention Training: Alcohol Attention Training will preferentially direct participants' attention away from reminders of alcohol.</description>
        </group>
        <group group_id="E4">
          <title>Control Training</title>
          <description>Participants will receive placebo Anxiety Training and placebo Alcohol training.
Control Training: Placebo Anxiety Training and Placebo Alcohol Training will not preferentially direct participants' attention away from reminders of anxiety or alcohol.</description>
        </group>
      </group_list>
      <serious_events>
        <category_list>
          <category>
            <title>Total</title>
            <event_list>
              <event>
                <sub_title>Total, serious adverse events</sub_title>
                <counts group_id="E1" subjects_affected="0" subjects_at_risk="24"/>
                <counts group_id="E2" subjects_affected="0" subjects_at_risk="20"/>
                <counts group_id="E3" subjects_affected="0" subjects_at_risk="22"/>
                <counts group_id="E4" subjects_affected="0" subjects_at_risk="20"/>
              </event>
            </event_list>
          </category>
        </category_list>
      </serious_events>
      <other_events>
        <frequency_threshold>0</frequency_threshold>
        <category_list>
          <category>
            <title>Total</title>
            <event_list>
              <event>
                <sub_title>Total, other adverse events</sub_title>
                <counts group_id="E1" subjects_affected="0" subjects_at_risk="24"/>
                <counts group_id="E2" subjects_affected="0" subjects_at_risk="20"/>
                <counts group_id="E3" subjects_affected="0" subjects_at_risk="22"/>
                <counts group_id="E4" subjects_affected="0" subjects_at_risk="20"/>
              </event>
            </event_list>
          </category>
        </category_list>
      </other_events>
    </reported_events>

    <certain_agreements>
      <pi_employee>Principal Investigators are NOT employed by the organization sponsoring the study.</pi_employee>
      <restrictive_agreement>There is NOT an agreement between Principal Investigators and the Sponsor (or its agents) that restricts the PI's rights to discuss or publish trial results after the trial is completed. </restrictive_agreement>
    </certain_agreements>
    <point_of_contact>
      <name_or_title>Dr. Elise Clerkin</name_or_title>
      <organization>Miami University</organization>
      <phone>513-529-2483</phone>
      <email>clerkiem@miamioh.edu</email>
    </point_of_contact>
  </clinical_results>
</clinical_study>

