<?xml version="1.0" encoding="UTF-8"?>
<clinical_study rank="324">
  <!-- This xml conforms to an XML Schema at:
    https://clinicaltrials.gov/ct2/html/images/info/public.xsd -->
  <required_header>
    <download_date>ClinicalTrials.gov processed this data on August 08, 2017</download_date>
    <link_text>Link to the current ClinicalTrials.gov record.</link_text>
    <url>https://clinicaltrials.gov/show/NCT01326663</url>
  </required_header>
  <id_info>
    <org_study_id>PT075168</org_study_id>
    <nct_id>NCT01326663</nct_id>
  </id_info>
  <brief_title>Divalproex Sodium for Mood Swings and Alcohol Use Following Head Injury.</brief_title>
  <official_title>A Double Blind Trial Of Divalproex Sodium For Affective Lability And Alcohol Use Following Traumatic Brain Injury</official_title>
  <sponsors>
    <lead_sponsor>
      <agency>Paul Saenger</agency>
      <agency_class>Other</agency_class>
    </lead_sponsor>
  </sponsors>
  <source>Denver Research Institute</source>
  <oversight_info>
    <has_dmc>No</has_dmc>
  </oversight_info>
  <brief_summary>
    <textblock>
      Despite the body's natural healing during the first year after a head injury, many veterans
      who have suffered even mild brain injuries find themselves easily upset or fearful as they go
      about their daily lives. While these reactions to the world around them were easily managed
      before the head injury, they now occur with little or no interruption and are exceedingly
      difficult to manage. Such reactions include a sense of always being upset or fearful that
      often makes it difficult to get along with family members, friends, coworkers, and employers.
      This may lead to broken marriages, unemployment, and even homelessness.

      Some people with head injuries try to manage their unmanageable moods by drinking alcohol
      because it can create a sense of calm. However, alcohol's actions are short in duration. Most
      find that they have to drink more and more for a similar calming effect, and they soon become
      dependent on alcohol. This makes working and being part of their families even more
      difficult.

      To treat the unmanageable mood, we tried a medicine called valproate, one that eases mood
      problems in people without head injury. We gave valproate to head injured persons with mood
      problems in a &quot;non-blinded&quot; study where both the doctor and the patient knew that the
      medicine was valproate and both were optimistic that it would work. In a small sample of
      eighteen people, 85% found mood relief and most of those either stopped drinking alcohol or
      drank much less than before. However, this might have been because both the doctor and
      patient were hopeful that the medication would make the patient feel better or because the
      medicine actually worked.

      The only way to know for sure if the medicine works is to perform a study in which people
      receive either valproate or a sugar pill while neither they nor their doctor know which one
      they are taking. This is called a double blind study, as proposed here, and will involve
      nearly three times as many head injured persons as the first study.

      If it is successful, this study will show that valproate treatment helps head injured people
      manage their moods and allows them to return to families, friends, and work. It will also
      show that they drink alcohol less or not at all, improving their health even further. Then
      doctors will know that they can use this medicine for large numbers of people who suffer from
      head injury and help them to lead normal lives. If the outcome of the study shows that the
      medicine works well, doctors can then use this medicine to treat people with head injury
      immediately after the study results are published.
    </textblock>
  </brief_summary>
  <overall_status>Unknown status</overall_status>
  <last_known_status>Recruiting</last_known_status>
  <start_date>October 2009</start_date>
  <completion_date type="Anticipated">December 2013</completion_date>
  <primary_completion_date type="Anticipated">May 2013</primary_completion_date>
  <phase>N/A</phase>
  <study_type>Interventional</study_type>
  <has_expanded_access>No</has_expanded_access>
  <study_design_info>
    <allocation>Randomized</allocation>
    <intervention_model>Parallel Assignment</intervention_model>
    <primary_purpose>Treatment</primary_purpose>
    <masking>Double Blind (Participant, Care Provider, Investigator, Outcomes Assessor)</masking>
  </study_design_info>
  <primary_outcome>
    <measure>Reduced Affective Lability</measure>
    <time_frame>Study weeks 1-10</time_frame>
    <description>The primary analysis addresses our primary hypothesis that treatment with divalproex sodium will lessen affective lability significantly (p&lt;0.05) as compared to placebo. We will characterize affective lability using discrete variables of presence or extent of symptoms yielded by the Neurobehavioral Rating Scale-Revised (Levin et al., 1990) as well as eight target items from the Agitated Behavior Scale (Bogner et al., 2000). Average intensity and duration of affective lability will be compared between groups.</description>
  </primary_outcome>
  <secondary_outcome>
    <measure>Reduced Alcohol Use</measure>
    <time_frame>Study weeks 1-10</time_frame>
    <description>The secondary analysis first addresses our secondary hypothesis that treatment with divalproex sodium will lessen quantity and frequency of ethanol use significantly (p&lt;0.05) as compared to placebo in a sample of TBI subjects. We will characterize drinking using the Time Line Follow-Back for Drugs and Alcohol method, developed by Sobell et al (Sobell et al., 1979).</description>
  </secondary_outcome>
  <number_of_arms>2</number_of_arms>
  <enrollment type="Anticipated">50</enrollment>
  <condition>Veterans</condition>
  <condition>TBI</condition>
  <condition>Alcoholism</condition>
  <condition>Irritable Mood</condition>
  <arm_group>
    <arm_group_label>divalproex sodium</arm_group_label>
    <arm_group_type>Active Comparator</arm_group_type>
  </arm_group>
  <arm_group>
    <arm_group_label>sugar pill</arm_group_label>
    <arm_group_type>Placebo Comparator</arm_group_type>
  </arm_group>
  <intervention>
    <intervention_type>Drug</intervention_type>
    <intervention_name>Medication Trial</intervention_name>
    <arm_group_label>divalproex sodium</arm_group_label>
    <arm_group_label>sugar pill</arm_group_label>
  </intervention>
  <eligibility>
    <criteria>
      <textblock>
        Inclusion Criteria:

          -  a history of remote (≥ 1 year prior to study enrollment) non-penetrating TBI

          -  currently using alcohol

          -  symptoms of affective lability: mood swings, irritability, frustration

        Exclusion Criteria:

          -  a history of bipolar disorder or anxiety disorder prior to any head injury

          -  a history of head injury in which the cranium was opened either traumatically or
             surgically

          -  a history of stroke

          -  a history of seizure disorder other than those caused by ethanol withdrawal

          -  evidence of active liver disease

          -  current diagnosis or past history of major psychosis, the alcohol amnesic syndrome, or
             any type of dementia

          -  current suicidal/homicidal ideations

          -  any medical conditions that would constitute contraindications to treatment with
             divalproex sodium

          -  currently taking any medications that are known to affect the metabolism of divalproex
             sodium
      </textblock>
    </criteria>
    <gender>All</gender>
    <minimum_age>18 Years</minimum_age>
    <maximum_age>65 Years</maximum_age>
    <healthy_volunteers>No</healthy_volunteers>
  </eligibility>
  <overall_contact>
    <last_name>Brandon Schmidt, MA</last_name>
    <phone>720-854-4200</phone>
  </overall_contact>
  <overall_contact_backup>
    <last_name>Thomas Beresford, MD</last_name>
    <phone>303-315-9130</phone>
  </overall_contact_backup>
  <location>
    <facility>
      <name>Denver Veteran's Affairs Medical Center</name>
      <address>
        <city>Denver</city>
        <state>Colorado</state>
        <zip>80220</zip>
        <country>United States</country>
      </address>
    </facility>
    <status>Recruiting</status>
    <contact>
      <last_name>Brandon Schmidt, MA</last_name>
      <phone>720-854-4200</phone>
    </contact>
  </location>
  <location_countries>
    <country>United States</country>
  </location_countries>
  <verification_date>September 2012</verification_date>
  <lastchanged_date>September 6, 2012</lastchanged_date>
  <firstreceived_date>March 29, 2011</firstreceived_date>
  <responsible_party>
    <responsible_party_type>Sponsor-Investigator</responsible_party_type>
    <investigator_affiliation>Denver Research Institute</investigator_affiliation>
    <investigator_full_name>Paul Saenger</investigator_full_name>
    <investigator_title>Executive Director</investigator_title>
  </responsible_party>
  <keyword>Veterans</keyword>
  <keyword>TBI</keyword>
  <keyword>Alcoholism</keyword>
  <keyword>Mood</keyword>
  <condition_browse>
    <!-- CAUTION:  The following MeSH terms are assigned with an imperfect algorithm            -->
    <mesh_term>Alcoholism</mesh_term>
  </condition_browse>
  <intervention_browse>
    <!-- CAUTION:  The following MeSH terms are assigned with an imperfect algorithm            -->
    <mesh_term>Valproic Acid</mesh_term>
  </intervention_browse>
  <!-- Results have not yet been posted for this study                                          -->
</clinical_study>

