<?xml version="1.0" encoding="UTF-8"?>
<clinical_study rank="286">
  <!-- This xml conforms to an XML Schema at:
    https://clinicaltrials.gov/ct2/html/images/info/public.xsd -->
  <required_header>
    <download_date>ClinicalTrials.gov processed this data on August 29, 2017</download_date>
    <link_text>Link to the current ClinicalTrials.gov record.</link_text>
    <url>https://clinicaltrials.gov/show/NCT02027324</url>
  </required_header>
  <id_info>
    <org_study_id>2013P002037</org_study_id>
    <nct_id>NCT02027324</nct_id>
  </id_info>
  <brief_title>Prevention of Surgical Site Infection After Cesarean Delivery</brief_title>
  <acronym>CAPISSI</acronym>
  <official_title>Chlorhexidine-Alcohol Vs. Povidone-Iodine for Prevention of Surgical Site Infection After Cesarean Delivery: A Randomized Trial</official_title>
  <sponsors>
    <lead_sponsor>
      <agency>Brigham and Women's Hospital</agency>
      <agency_class>Other</agency_class>
    </lead_sponsor>
  </sponsors>
  <source>Brigham and Women's Hospital</source>
  <oversight_info>
    <has_dmc>Yes</has_dmc>
  </oversight_info>
  <brief_summary>
    <textblock>
      There are approximately 1.4 million cesarean deliveries in the United States each year, and
      an average of 1250 elective cesarean deliveries each year at the Brigham and Women's Hospital
      (BWH) in Boston, Massachusetts. Among cesarean deliveries performed at BWH, approximately 2%
      of patients are diagnosed with a surgical site infection (SSI). Because SSI is associated
      with significant morbidity and increased cost of care, numerous guidelines exist to guide
      preoperative administration of prophylactic antibiotics. However, there are no
      recommendations for the choice of antiseptic solution for prevention of SSI. Among the
      currently popular antisepsis preparations, chlorhexidine-alcohol (CA) is known to decrease
      SSI in non-obstetric surgeries. However, the time required for CA to dry (~ 3 min) to
      minimize flammability risk is disadvantageous in the setting of emergent cesarean delivery.
      Many institutions use povidone-iodine, another antisepsis preparation that does not require
      the mandatory drying time. Our randomized study aims to compare the incidence of SSI in
      patients receiving either CA or PI during elective cesarean delivery, and we hypothesize that
      CA would be associated with a lower incidence of SSI.
    </textblock>
  </brief_summary>
  <detailed_description>
    <textblock>
      This study will be conducted over three years with an estimated sample size of 4500 patients.
      Prior to enrollment of study subjects, each year will be divided into 3-month blocks and each
      block will be assigned one of the two study antiseptic solutions — 2% chlorhexidine gluconate
      in 70% isopropyl alcohol (CA) or 10% Povidone-Iodine (PI) — in an alternating manner. All
      patients undergoing elective cesarean deliveries during a block will receive the same
      preoperative skin preparation, in concordance with guidelines for its use. The block
      assignments will alternate within each year and the order will be reversed after one year to
      minimize or eliminate seasonal variation in skin infection rates. All patients will receive
      routine history and physical examination, blood tests, pre-procedure bathing instructions,
      and preoperative body hair clipping as desired by their primary obstetric provider. Age, body
      mass index (BMI), gestational age, history of smoking, previous abdominal surgery, number of
      pregnancies, and live births will be documented before entry into the study. Eligible
      patients will receive antibiotic prophylaxis with weight-based cefazolin within 60 min before
      skin incision. We will collect data on preoperative preparation of the surgical site
      (clipping vs. shaving), type of skin and uterine incision, method of fascia and skin closure,
      duration of the procedure, use of postoperative antibiotics, and adverse reactions to the
      skin preparation. The primary endpoint for this study will be any SSI diagnosed within 30
      days of cesarean delivery. Our secondary outcomes will be the type of SSI (based on the
      Center for Disease Control infection classification) and the time to diagnosis of SSI.

      The Infectious Disease department at BWH will perform the surveillance for SSI/endometritis.
      This team will be blinded to the choice of anti-sepsis preparation during the study period.
      Briefly, surveillance will include daily, weekly, monthly, and quarterly reviews of data. The
      infectious disease team will perform a daily review of microbiology results for positive
      wound and blood cultures, and assess whether the patient had cesarean section within 30 days
      prior to cultures. On a weekly basis, a report of obstetric patients readmitted within 30
      days will be generated, and patients will be selected with an admitting diagnosis consistent
      with infection in the setting of a history of recent cesarean delivery. Each month, a report
      of patients will be generated with ICD-9 discharge code for cesarean section as well as ICD-9
      codes for other complications of obstetrical surgical wound and major puerperal infection.
      Post-cesarean delivery patients receiving antibiotics for at least 2 days after the first
      postoperative day, and those that receive antibiotics during readmission will also be
      identified and recorded. During every quarter, the number of elective cesarean deliveries
      performed will be quantified, and the incidence of specific sub-types of SSI (superficial,
      deep, organ space/endometritis) will be documented. In addition to inpatient surveillance,
      the electronic clinic records for all patients will be reviewed, and data will be recorded
      for any SSI that is diagnosed and treated on an outpatient basis. Documentation from
      discharge to the six-week postpartum visit will be reviewed to ensure data fidelity, but only
      infections that occur within 30 days of cesarean delivery will be included in the final
      analyses. Active SSI will be treated according to prevailing guidelines.
    </textblock>
  </detailed_description>
  <overall_status>Withdrawn</overall_status>
  <why_stopped>
    Another study with similar methods was recently published
  </why_stopped>
  <start_date>June 2015</start_date>
  <completion_date type="Anticipated">February 2017</completion_date>
  <primary_completion_date type="Anticipated">February 2017</primary_completion_date>
  <phase>N/A</phase>
  <study_type>Interventional</study_type>
  <has_expanded_access>No</has_expanded_access>
  <study_design_info>
    <allocation>Randomized</allocation>
    <intervention_model>Parallel Assignment</intervention_model>
    <primary_purpose>Prevention</primary_purpose>
    <masking>None (Open Label)</masking>
  </study_design_info>
  <primary_outcome>
    <measure>Incidence of Surgical Site Infection within 30 days of Cesarean Delivery</measure>
    <time_frame>At 3 years after first patient enrollment</time_frame>
  </primary_outcome>
  <secondary_outcome>
    <measure>Type of SSI (based on CDC classification)</measure>
    <time_frame>3 years after initial enrollment</time_frame>
  </secondary_outcome>
  <secondary_outcome>
    <measure>Time to diagnosis of SSI</measure>
    <time_frame>3 years after initial enrollment</time_frame>
  </secondary_outcome>
  <number_of_arms>2</number_of_arms>
  <enrollment type="Actual">0</enrollment>
  <condition>Surgical Site Infection</condition>
  <arm_group>
    <arm_group_label>Chlorhexidine-alcohol group</arm_group_label>
    <arm_group_type>Experimental</arm_group_type>
    <description>2% chlorhexidine in 70% isopropyl alcohol in accordance with manufacturer's instructions for safe usage.</description>
  </arm_group>
  <arm_group>
    <arm_group_label>Povidone-Iodine group</arm_group_label>
    <arm_group_type>Experimental</arm_group_type>
    <description>10% Povidone-iodine applied topically according to manufacturer's instructions</description>
  </arm_group>
  <intervention>
    <intervention_type>Drug</intervention_type>
    <intervention_name>Chlorhexidine-alcohol group</intervention_name>
    <description>2% chlorhexidine in 70% isopropyl alcohol in accordance with manufacturer's instructions for safe usage.</description>
    <arm_group_label>Chlorhexidine-alcohol group</arm_group_label>
    <other_name>Chloraprep</other_name>
  </intervention>
  <intervention>
    <intervention_type>Drug</intervention_type>
    <intervention_name>Povidone-Iodine Group</intervention_name>
    <description>10% Povidone-Iodine for surgical antisepsis according to manufacturer's instructions.</description>
    <arm_group_label>Povidone-Iodine group</arm_group_label>
    <other_name>Betadine</other_name>
  </intervention>
  <eligibility>
    <criteria>
      <textblock>
        Inclusion Criteria:

          -  All patients scheduled for elective cesarean delivery

        Exclusion Criteria:

          -  Allergy to either of the antiseptic preparations

          -  Ongoing active skin or systemic infection

          -  Pre-operative antibiotic therapy for non-surgical reasons

          -  Those unable to receive antibiotic prophylaxis
      </textblock>
    </criteria>
    <gender>Female</gender>
    <minimum_age>18 Years</minimum_age>
    <maximum_age>45 Years</maximum_age>
    <healthy_volunteers>No</healthy_volunteers>
  </eligibility>
  <overall_official>
    <last_name>Arvind Palanisamy, MD, FRCA</last_name>
    <role>Principal Investigator</role>
    <affiliation>Brigham and Women's Hospital</affiliation>
  </overall_official>
  <location>
    <facility>
      <name>Brigham and Women's Hospital</name>
      <address>
        <city>Boston</city>
        <state>Massachusetts</state>
        <zip>02115</zip>
        <country>United States</country>
      </address>
    </facility>
  </location>
  <location_countries>
    <country>United States</country>
  </location_countries>
  <verification_date>January 2016</verification_date>
  <lastchanged_date>January 11, 2016</lastchanged_date>
  <firstreceived_date>January 2, 2014</firstreceived_date>
  <responsible_party>
    <responsible_party_type>Principal Investigator</responsible_party_type>
    <investigator_affiliation>Brigham and Women's Hospital</investigator_affiliation>
    <investigator_full_name>Arvind Palanisamy, MD, FRCA</investigator_full_name>
    <investigator_title>Assistant Professor of Anaesthesia</investigator_title>
  </responsible_party>
  <keyword>Surgical site infection</keyword>
  <keyword>Cesarean delivery</keyword>
  <keyword>Antisepsis</keyword>
  <keyword>Povidone iodine</keyword>
  <keyword>Chlorhexidine alcohol</keyword>
  <keyword>Endometritis</keyword>
  <condition_browse>
    <!-- CAUTION:  The following MeSH terms are assigned with an imperfect algorithm            -->
    <mesh_term>Infection</mesh_term>
    <mesh_term>Communicable Diseases</mesh_term>
    <mesh_term>Surgical Wound Infection</mesh_term>
  </condition_browse>
  <intervention_browse>
    <!-- CAUTION:  The following MeSH terms are assigned with an imperfect algorithm            -->
    <mesh_term>Ethanol</mesh_term>
    <mesh_term>Chlorhexidine</mesh_term>
    <mesh_term>Chlorhexidine gluconate</mesh_term>
    <mesh_term>Iodine</mesh_term>
    <mesh_term>Cadexomer iodine</mesh_term>
    <mesh_term>Povidone-Iodine</mesh_term>
    <mesh_term>Povidone</mesh_term>
  </intervention_browse>
  <!-- Results have not yet been posted for this study                                          -->
</clinical_study>

