<?xml version="1.0" encoding="UTF-8"?>
<clinical_study rank="21">
  <!-- This xml conforms to an XML Schema at:
    https://clinicaltrials.gov/ct2/html/images/info/public.xsd -->
  <required_header>
    <download_date>ClinicalTrials.gov processed this data on August 25, 2017</download_date>
    <link_text>Link to the current ClinicalTrials.gov record.</link_text>
    <url>https://clinicaltrials.gov/show/NCT02952872</url>
  </required_header>
  <id_info>
    <org_study_id>R21AA023660</org_study_id>
    <nct_id>NCT02952872</nct_id>
  </id_info>
  <brief_title>Brief Alcohol E-Interventions Study</brief_title>
  <official_title>Optimizing E-interventions for Alcohol Use: Do Common Factors Apply?</official_title>
  <sponsors>
    <lead_sponsor>
      <agency>Wayne State University</agency>
      <agency_class>Other</agency_class>
    </lead_sponsor>
  </sponsors>
  <source>Wayne State University</source>
  <oversight_info>
    <has_dmc>No</has_dmc>
  </oversight_info>
  <brief_summary>
    <textblock>
      The project seeks to develop an effective computer-delivered brief intervention to reduce
      alcohol use using the Multiphase Optimization Strategy (MOST). Sixteen different versions of
      the intervention will be tested with manipulation of common factors (empathy &amp; positive
      regard), use of a voice, and use of an animated narrator. Participants will include 352
      undergraduate students randomly assigned to one intervention condition; follow-up assessments
      will take place at one and 3 months. The main outcome will be means drink per day over the
      past 30 day.
    </textblock>
  </brief_summary>
  <detailed_description>
    <textblock>
      The proposed project seeks to develop a maximally effective computer-delivered brief
      intervention (CDBI) for reducing heavy alcohol use. To accomplish this, we will use the
      Multiphase Optimization Strategy (MOST), an efficient method for optimizing intervention
      content, beginning with factorial designs evaluating main and interaction effects of specific
      intervention components. Our selection of components will be guided by: (a) Common Factors
      Theory, which highlights the tremendous contribution of non-specific factors, such as empathy
      and positive regard, to therapy outcomes, but which is of unknown relevance to CDBIs; and (b)
      Media Equation Theory, which suggests that people automatically respond to computers in
      social ways, particularly when those computers replicate human characteristics. To accomplish
      these goals, we will examine outcomes of computer-delivered brief interventions in which
      common factors (empathy &amp; positive regard), use of a voice, and use of an animated narrator
      are systematically manipulated using a factorial design. We will also systematically
      manipulate the presence vs. absence of motivational content in order to examine possible
      interactions between common factors and specific motivational techniques. Participants will
      be 352 undergraduates who are randomly assigned to 1 of 16 intervention conditions. Mean
      drinks per day over the past 30 days will be measured at 1 and 3-month follow-ups. Secondary
      analyses will also examine past month heavy drinking days, alcohol-related consequences, and
      intention to reduce alcohol use. We hypothesize that there will be significant main effects
      for (1) the factor consistent with Common Factors Theory (empathy and positive regard), (2)
      the two factors consistent with Media Equation Theory (voice and narrator), and (3) the
      presence of motivational content. We further hypothesize that mean drinks/day will be lower
      when (1) the common factors (empathy, positive regard) are combined with a voice and/or
      narrator or (2) motivational content is combined with common factors and/or a voice/narrator.
    </textblock>
  </detailed_description>
  <overall_status>Recruiting</overall_status>
  <start_date>December 2016</start_date>
  <completion_date type="Anticipated">March 2018</completion_date>
  <primary_completion_date type="Anticipated">January 2018</primary_completion_date>
  <phase>N/A</phase>
  <study_type>Interventional</study_type>
  <has_expanded_access>No</has_expanded_access>
  <study_design_info>
    <allocation>Randomized</allocation>
    <intervention_model>Factorial Assignment</intervention_model>
    <primary_purpose>Treatment</primary_purpose>
    <masking>Single (Participant)</masking>
  </study_design_info>
  <primary_outcome>
    <measure>Mean drinks per day</measure>
    <time_frame>1 month and 3 months after baseline</time_frame>
    <description>Average of reports from past 30 days on the number of standard drinks consumed by participant over the past 30 days.</description>
  </primary_outcome>
  <secondary_outcome>
    <measure>Number of heavy drinking days</measure>
    <time_frame>1 month and 3 months after baseline</time_frame>
    <description>Number of days participant reports drinking 4/5 (male/female) alcoholic drinks in a 2-hour period</description>
  </secondary_outcome>
  <secondary_outcome>
    <measure>Report of Alcohol Related Consequences</measure>
    <time_frame>1 month and 3 months after baseline</time_frame>
    <description>Participant self-report on the Brief Young Adult Alcohol Consequences Questionnaire</description>
  </secondary_outcome>
  <secondary_outcome>
    <measure>Intention to reduce alcohol use</measure>
    <time_frame>1 month and 3 months after baseline</time_frame>
    <description>Participants self-report on the Readiness to Change Scale</description>
  </secondary_outcome>
  <number_of_arms>16</number_of_arms>
  <enrollment type="Anticipated">352</enrollment>
  <condition>Alcohol Drinking in College</condition>
  <arm_group>
    <arm_group_label>Arm 1</arm_group_label>
    <arm_group_type>Experimental</arm_group_type>
    <description>Participants will complete a brief tablet-based intervention created to include the following features: no common factors, no human voice, no animated narrator, and no motivational content.</description>
  </arm_group>
  <arm_group>
    <arm_group_label>Arm 2</arm_group_label>
    <arm_group_type>Experimental</arm_group_type>
    <description>Participants will complete a brief tablet-based intervention created to include the following features: no common factors, no human voice, no animated narrator, and motivational content.</description>
  </arm_group>
  <arm_group>
    <arm_group_label>Arm 3</arm_group_label>
    <arm_group_type>Experimental</arm_group_type>
    <description>Participants will complete a brief tablet-based intervention created to include the following features: no common factors, no human voice, the presence of an animated narrator, and no motivational content.</description>
  </arm_group>
  <arm_group>
    <arm_group_label>Arm 4</arm_group_label>
    <arm_group_type>Experimental</arm_group_type>
    <description>Participants will complete a brief tablet-based intervention created to include the following features: no common factors, no human voice, the presence of an animated narrator, and motivational content.</description>
  </arm_group>
  <arm_group>
    <arm_group_label>Arm 5</arm_group_label>
    <arm_group_type>Experimental</arm_group_type>
    <description>Participants will complete a brief tablet-based intervention created to include the following features: no common factors, a human voice guiding the intervention, no animated narrator, and no motivational content.</description>
  </arm_group>
  <arm_group>
    <arm_group_label>Arm 6</arm_group_label>
    <arm_group_type>Experimental</arm_group_type>
    <description>Participants will complete a brief tablet-based intervention created to include the following features: no common factors, a human voice guiding the intervention, no animated narrator, and the presence of motivational content.</description>
  </arm_group>
  <arm_group>
    <arm_group_label>Arm 7</arm_group_label>
    <arm_group_type>Experimental</arm_group_type>
    <description>7. Participants will complete a brief tablet-based intervention created to include the following features: no common factors, a human voice guiding the intervention, an animated narrator guiding the intervention, and no motivational content.</description>
  </arm_group>
  <arm_group>
    <arm_group_label>Arm 8</arm_group_label>
    <arm_group_type>Experimental</arm_group_type>
    <description>Participants will complete a brief tablet-based intervention created to include the following features: no common factors, a human voice to guide the intervention, an animated narrator to guide the intervention, and the presence of motivational content.</description>
  </arm_group>
  <arm_group>
    <arm_group_label>Arm 9</arm_group_label>
    <arm_group_type>Experimental</arm_group_type>
    <description>Participants will complete a brief tablet-based intervention created to include the following features: common factors, no human voice, no animated narrator, and no motivational content.</description>
  </arm_group>
  <arm_group>
    <arm_group_label>Arm 10</arm_group_label>
    <arm_group_type>Experimental</arm_group_type>
    <description>Participants will complete a brief tablet-based intervention created to include the following features: common factors, no human voice, no animated narrator, and the presence of motivational content.</description>
  </arm_group>
  <arm_group>
    <arm_group_label>Arm 11</arm_group_label>
    <arm_group_type>Experimental</arm_group_type>
    <description>Participants will complete a brief tablet-based intervention created to include the following features: common factors, no human voice, an animated narrator to guide the intervention, and no motivational content.</description>
  </arm_group>
  <arm_group>
    <arm_group_label>Arm 12</arm_group_label>
    <arm_group_type>Experimental</arm_group_type>
    <description>Participants will complete a brief tablet-based intervention created to include the following features: common factors, no human voice, an animated narrator to guide the intervention, and the presence of motivational content.</description>
  </arm_group>
  <arm_group>
    <arm_group_label>Arm 13</arm_group_label>
    <arm_group_type>Experimental</arm_group_type>
    <description>13. Participants will complete a brief tablet-based intervention created to include the following features: common factors, a human voice to guide the intervention, no animated narrator, and no motivational content.</description>
  </arm_group>
  <arm_group>
    <arm_group_label>Arm 14</arm_group_label>
    <arm_group_type>Experimental</arm_group_type>
    <description>Participants will complete a brief tablet-based intervention created to include the following features: common factors, a human voice to guide the intervention, no animated narrator, and the presence of motivational content.</description>
  </arm_group>
  <arm_group>
    <arm_group_label>Arm 15</arm_group_label>
    <arm_group_type>Experimental</arm_group_type>
    <description>Participants will complete a brief tablet-based intervention created to include the following features: common factors, a human voice to guide the intervention, an animated narrator to guide the intervention, and no motivational content.</description>
  </arm_group>
  <arm_group>
    <arm_group_label>Arm 16</arm_group_label>
    <arm_group_type>Experimental</arm_group_type>
    <description>Participants will complete a brief tablet-based intervention created to include the following features: common factors, a human voice to guide the intervention, an animated narrator to guide the intervention, and the presence of motivational content.</description>
  </arm_group>
  <intervention>
    <intervention_type>Behavioral</intervention_type>
    <intervention_name>Brief Tablet-based Intervention to Address Heavy Alcohol Use</intervention_name>
    <description>The intervention will be be tablet-based and take approximately 20 minutes to complete. Content will focus on heavy alcohol use.</description>
    <arm_group_label>Arm 1</arm_group_label>
    <arm_group_label>Arm 2</arm_group_label>
    <arm_group_label>Arm 3</arm_group_label>
    <arm_group_label>Arm 4</arm_group_label>
    <arm_group_label>Arm 5</arm_group_label>
    <arm_group_label>Arm 6</arm_group_label>
    <arm_group_label>Arm 7</arm_group_label>
    <arm_group_label>Arm 8</arm_group_label>
    <arm_group_label>Arm 9</arm_group_label>
    <arm_group_label>Arm 10</arm_group_label>
    <arm_group_label>Arm 11</arm_group_label>
    <arm_group_label>Arm 12</arm_group_label>
    <arm_group_label>Arm 13</arm_group_label>
    <arm_group_label>Arm 14</arm_group_label>
    <arm_group_label>Arm 15</arm_group_label>
    <arm_group_label>Arm 16</arm_group_label>
  </intervention>
  <eligibility>
    <criteria>
      <textblock>
        Inclusion Criteria:

        Participants must be undergraduates at Wayne State University, aged 18 to 34. Additionally,
        participants must report either (1) consuming 3 (women)/4 (men) drinks per day or 7
        (women)/14 (men) drinks per week, (2) getting drunk at least once per week over the past 6
        months or (3) binge drinking at least once per week over the past 6 months (i.e. more than
        4 (women)/5 (men) drinks in a 2 hr. period).

        Exclusion Criteria:

        Individuals who are not currently Wayne State undergraduates, who are not between the ages
        of 18 and 34, or who do not meet the study's drinking criteria
      </textblock>
    </criteria>
    <gender>All</gender>
    <minimum_age>18 Years</minimum_age>
    <maximum_age>34 Years</maximum_age>
    <healthy_volunteers>No</healthy_volunteers>
  </eligibility>
  <overall_official>
    <last_name>Emily Grekin, PhD</last_name>
    <role>Principal Investigator</role>
    <affiliation>Wayne State University</affiliation>
  </overall_official>
  <overall_contact>
    <last_name>Jessica R Beatty, PhD</last_name>
    <phone>313-664-2518</phone>
    <email>jbeatty@wayne.edu</email>
  </overall_contact>
  <overall_contact_backup>
    <last_name>Lucy McGoron, PhD</last_name>
    <phone>313-664-2553</phone>
    <email>Lucy.K.McGoron@wayne.edu</email>
  </overall_contact_backup>
  <location>
    <facility>
      <name>Wayne State University</name>
      <address>
        <city>Detroit</city>
        <state>Michigan</state>
        <zip>48202</zip>
        <country>United States</country>
      </address>
    </facility>
    <status>Recruiting</status>
    <contact>
      <last_name>Jessica Beatty, PhD</last_name>
      <phone>313-664-2518</phone>
      <email>jbeatty@wayne.edu</email>
    </contact>
  </location>
  <location_countries>
    <country>United States</country>
  </location_countries>
  <verification_date>January 2017</verification_date>
  <lastchanged_date>January 9, 2017</lastchanged_date>
  <firstreceived_date>October 31, 2016</firstreceived_date>
  <responsible_party>
    <responsible_party_type>Principal Investigator</responsible_party_type>
    <investigator_affiliation>Wayne State University</investigator_affiliation>
    <investigator_full_name>Emily Grekin</investigator_full_name>
    <investigator_title>Associate Professor</investigator_title>
  </responsible_party>
  <keyword>Computerized Brief Intervention</keyword>
  <condition_browse>
    <!-- CAUTION:  The following MeSH terms are assigned with an imperfect algorithm            -->
    <mesh_term>Alcohol Drinking</mesh_term>
    <mesh_term>Alcohol Drinking in College</mesh_term>
  </condition_browse>
  <intervention_browse>
    <!-- CAUTION:  The following MeSH terms are assigned with an imperfect algorithm            -->
    <mesh_term>Ethanol</mesh_term>
  </intervention_browse>
  <patient_data>
    <sharing_ipd>Undecided</sharing_ipd>
  </patient_data>
  <!-- Results have not yet been posted for this study                                          -->
</clinical_study>

