<?xml version="1.0" encoding="UTF-8"?>
<clinical_study rank="157">
  <!-- This xml conforms to an XML Schema at:
    https://clinicaltrials.gov/ct2/html/images/info/public.xsd -->
  <required_header>
    <download_date>ClinicalTrials.gov processed this data on September 01, 2017</download_date>
    <link_text>Link to the current ClinicalTrials.gov record.</link_text>
    <url>https://clinicaltrials.gov/show/NCT02643264</url>
  </required_header>
  <id_info>
    <org_study_id>LIU2015/130-31</org_study_id>
    <nct_id>NCT02643264</nct_id>
  </id_info>
  <brief_title>Repetitive Transcranial Magnetic Stimulation (rTMS) of the Insula for Treatment of Alcohol Addiction</brief_title>
  <official_title>Repetitive Transcranial Magnetic Stimulation (rTMS) of the Insula for Treatment of Alcohol Addiction</official_title>
  <sponsors>
    <lead_sponsor>
      <agency>Linkoeping University</agency>
      <agency_class>Other</agency_class>
    </lead_sponsor>
  </sponsors>
  <source>Linkoeping University</source>
  <oversight_info>
    <has_dmc>Yes</has_dmc>
  </oversight_info>
  <brief_summary>
    <textblock>
      The purpose of this study is to investigate the effects of repetitive transcranial magnetic
      stimulation (rTMS) targeting the insula on alcohol use and neural responses in
      alcohol-dependent patients.
    </textblock>
  </brief_summary>
  <detailed_description>
    <textblock>
      Objectives: To investigate the effects of repetitive transcranial magnetic stimulation (rTMS)
      targeting the insula on alcohol use and neural responses in alcohol-dependent patients.

      Study population: Treatment seeking alcohol dependent subjects (N=82), aged 18-65 years, who
      have first completed standard alcohol withdrawal treatment if needed.

      Design: This is a double-blind, sham-controlled randomized study, comprising three phases.
      Participants will be hospitalized during the first two of these, and will be outpatients
      during the third. During Phase 1 the study (screening; up to 14 days), participants will
      undergo a set of baseline assessments; this phase will conclude with consent, inclusion and
      randomization. During Phase 2 (treatment; appr. 3 weeks, with at least the first week being
      hospitalized), participants will first undergo an MRI scan to collect resting state and
      structural data, and will then receive one of two treatments: Active (10Hz) rTMS; or sham
      stimulation, both targeting the insula bilaterally. rTMS sessions will be conducted five
      times per week, for 3 weeks, for a total of 15 sessions. Stimulation will be with an H-coil
      designed to reach deeper structures such as the insula. A second MRI scan will be obtained at
      the end of this phase to assess changes in resting state connectivity, and to evaluate insula
      activity in tasks known to activate this structure. In addition, a lumbar puncture will be
      carried out at the end of this phase to assess possible effects on central neurotransmitter
      and growth factor levels, as indexed in the cerebrospinal fluid. For Phase 3 (follow-up,
      lasting 12 weeks), patients will be followed as outpatients for 12 weeks, with clinic visits
      at weeks 1, 2, 4, 8 and 12 post discharge; measures of alcohol use will be collected during
      this phase.

      Outcome measures: The co-primary outcome measures will be heavy alcohol consumption during
      the follow-up phase, assessed using time-line follow-back methodology; and insula BOLD
      functional magnetic resonance imaging (fMRI) responses during tasks known to induce insula
      activation. A number of secondary and exploratory measures will also be assessed, including
      objective biomarkers of alcohol consumption.
    </textblock>
  </detailed_description>
  <overall_status>Recruiting</overall_status>
  <start_date>November 2015</start_date>
  <completion_date type="Anticipated">December 2017</completion_date>
  <primary_completion_date type="Anticipated">December 2017</primary_completion_date>
  <phase>N/A</phase>
  <study_type>Interventional</study_type>
  <has_expanded_access>No</has_expanded_access>
  <study_design_info>
    <allocation>Randomized</allocation>
    <intervention_model>Parallel Assignment</intervention_model>
    <primary_purpose>Treatment</primary_purpose>
    <masking>Quadruple (Participant, Care Provider, Investigator, Outcomes Assessor)</masking>
  </study_design_info>
  <primary_outcome>
    <measure>Heavy Drinking</measure>
    <time_frame>12 weeks follow-up from treatment completion</time_frame>
    <description>Reduction in heavy alcohol use during the outpatient follow-up phase (%heavy drinking days) measured by standard Time-Line Follow-Back methodology</description>
  </primary_outcome>
  <primary_outcome>
    <measure>Insula activity</measure>
    <time_frame>Within 5 days of treatment completion</time_frame>
    <description>Insula activity (%signal change, as measured by fMRI BOLD), during a task known to be associated with insula responses, risky decision making</description>
  </primary_outcome>
  <secondary_outcome>
    <measure>BOLD responses in a battery of standard fMRI tasks that probe processing of alcohol-associated cues, reward function, and emotional responses.</measure>
    <time_frame>Within 5 days after the last TMS session</time_frame>
  </secondary_outcome>
  <secondary_outcome>
    <measure>Alterations in resting-state connectivity of the insula with other nodes in the putative Salience Network (SN), executive control network (ECN) and the default-mode network (DMN) by rTMS.</measure>
    <time_frame>Within 5 days after the last TMS session</time_frame>
  </secondary_outcome>
  <secondary_outcome>
    <measure>Objective biomarkers of alcohol use</measure>
    <time_frame>12 weeks follow-up from treatment completion</time_frame>
    <description>Gamma-glutamyl transferase (GGT); carbohydrate deficient transferrin (CDT); ethyl glucuronide (EtG) in urine and hair.</description>
  </secondary_outcome>
  <secondary_outcome>
    <measure>Alcohol craving and psychiatric symptoms</measure>
    <time_frame>12 weeks follow-up from treatment completion</time_frame>
    <description>Measured by the Penn Alcohol Craving Scale (PACS), mood and anxiety symptoms, as measured using the respective subscales of the Comprehensive Psychiatric Rating Scale (CPRS) and Clinical Global Impression (CGI).</description>
  </secondary_outcome>
  <secondary_outcome>
    <measure>Smoking</measure>
    <time_frame>12 weeks follow-up from treatment completion</time_frame>
    <description>Measured by urine cotinine / creatinine ratios.</description>
  </secondary_outcome>
  <number_of_arms>2</number_of_arms>
  <enrollment type="Anticipated">84</enrollment>
  <condition>Alcohol Addiction</condition>
  <arm_group>
    <arm_group_label>rTMS 10 Hz</arm_group_label>
    <arm_group_type>Experimental</arm_group_type>
    <description>Deep Repetitive Transcranial Magnetic Stimulation (rTMS, 10 Hz) of the insula ,15 stimulation sessions (1 daily, 5 days / week).</description>
  </arm_group>
  <arm_group>
    <arm_group_label>rTMS Sham</arm_group_label>
    <arm_group_type>Sham Comparator</arm_group_type>
    <description>Sham Repetitive Transcranial Magnetic Stimulation (rTMS, Sham),15 stimulation sessions (1 daily, 5 days / week).</description>
  </arm_group>
  <intervention>
    <intervention_type>Other</intervention_type>
    <intervention_name>rTMS 10 Hz targeting the insula</intervention_name>
    <description>Participants will receive a total of 15 sessions of rTMS targeting the insula bilaterally, Stimulation will be delivered at an intensity of 120% of the motor threshold (MT), with a frequency of 10 Hz, delivered as 50 trains of 30 pulses delivered in each train of 3 seconds duration, with a 20 seconds inter-train interval, for a total of 1500 pulses delivered over app. 20 min. On the very first two sessions stimulations will be given at lower strength for adaptation, starting at 100% for the first and 110% for the second session</description>
    <arm_group_label>rTMS 10 Hz</arm_group_label>
  </intervention>
  <intervention>
    <intervention_type>Other</intervention_type>
    <intervention_name>Sham rTMS</intervention_name>
    <description>Sham stimulation with the same regimen as active treatment</description>
    <arm_group_label>rTMS Sham</arm_group_label>
  </intervention>
  <eligibility>
    <criteria>
      <textblock>
        Inclusion Criteria:

          1. Age 18 - 65

          2. Current Diagnostic and Statistical Manual (DSM-IV-TR) diagnosis of alcohol dependence

          3. Alcohol use in the past month

          4. Right handed (self-report)

          5. If female, negative urine pregnancy test

          6. If female, must either agree to practice an effective birth control method; have a
             partner with a vasectomy; agree to abstinence from intercourse; be surgically sterile
             or postmenopausal for at least one year

        Exclusion Criteria:

          1. Currently pregnant or breastfeeding

          2. More than mild cognitive impairment, as determined by a score on the Mini Mental State
             Examination (MMSE) &lt;24.

          3. Current DSM-IV diagnosis of schizophrenia, bipolar disorder, or other psychotic
             disorder

          4. Use in the past 4 weeks of any medication or illicit drug listed as being associated
             with &quot;a strong potential hazard for application of rTMS due to their significant
             seizure threshold lowering potential&quot; by the international consensus guidelines for
             delivery of TMS [104], as self-reported, or detected using urine toxicology screening

          5. Any history of clinically significant neurological disorders, including organic brain
             disease, epilepsy, stroke, brain lesions, multiple sclerosis, previous neurosurgery or
             personal history of head trauma that resulted in loss of consciousness for &gt; 5 minutes
             and retrograde amnesia for &gt; 30 minutes (self-reported history).

          6. Any history of seizures other than febrile childhood seizures (self-reported history)

          7. Signs of increased intracranial pressure as determined by the structural MRI-scan

          8. Clinically significant hearing impairment or tinnitus

          9. Presence of ferromagnetic objects in the body that are contraindicated for MRI of the
             head (pacemakers or other implanted electrical devices, brain stimulators, some types
             of dental implants, aneurysm clips, metallic prostheses, permanent eyeliner, implanted
             delivery pump, or shrapnel fragments) or fear of enclosed spaces. Eligibility will be
             determined by the &quot;MRI Safety Screening Questionnaire&quot; (see Appendix 1) and verified,
             if necessary, by a radiology consultant.

         10. Cannot recline comfortably flat on his/her back for up to 2 hours in the MRI scanner.

         11. Any psychiatric, medical or social condition whether or not listed above, due to
             which, in the judgment of the investigators and after any consults if indicated,
             participation in the study is not in the best interest of the patient.
      </textblock>
    </criteria>
    <gender>All</gender>
    <minimum_age>18 Years</minimum_age>
    <maximum_age>65 Years</maximum_age>
    <healthy_volunteers>No</healthy_volunteers>
  </eligibility>
  <overall_official>
    <last_name>Markus A Heilig, MD PhD</last_name>
    <role>Principal Investigator</role>
    <affiliation>Linkoping University</affiliation>
  </overall_official>
  <overall_contact>
    <last_name>Markus A Heilig, MD, PhD</last_name>
    <phone>+46 13286626</phone>
    <email>markus.heilig@liu.se</email>
  </overall_contact>
  <location>
    <facility>
      <name>Linkoping University</name>
      <address>
        <city>Linkoping</city>
        <zip>581 85</zip>
        <country>Sweden</country>
      </address>
    </facility>
    <status>Recruiting</status>
    <contact>
      <last_name>Asa Axén, Nurse</last_name>
      <phone>+46 13282947</phone>
      <email>asa.axen@liu.se</email>
    </contact>
  </location>
  <location_countries>
    <country>Sweden</country>
  </location_countries>
  <verification_date>December 2015</verification_date>
  <lastchanged_date>December 28, 2015</lastchanged_date>
  <firstreceived_date>December 21, 2015</firstreceived_date>
  <responsible_party>
    <responsible_party_type>Principal Investigator</responsible_party_type>
    <investigator_affiliation>Linkoeping University</investigator_affiliation>
    <investigator_full_name>Markus Heilig</investigator_full_name>
    <investigator_title>Professor</investigator_title>
  </responsible_party>
  <keyword>insula</keyword>
  <keyword>alcohol addiction</keyword>
  <keyword>transcranial magnetic stimulation</keyword>
  <condition_browse>
    <!-- CAUTION:  The following MeSH terms are assigned with an imperfect algorithm            -->
    <mesh_term>Behavior, Addictive</mesh_term>
    <mesh_term>Alcoholism</mesh_term>
  </condition_browse>
  <intervention_browse>
    <!-- CAUTION:  The following MeSH terms are assigned with an imperfect algorithm            -->
    <mesh_term>Ethanol</mesh_term>
  </intervention_browse>
  <patient_data>
    <sharing_ipd>Yes</sharing_ipd>
  </patient_data>
  <!-- Results have not yet been posted for this study                                          -->
</clinical_study>

