<?xml version="1.0" encoding="UTF-8"?>
<clinical_study rank="191">
  <!-- This xml conforms to an XML Schema at:
    https://clinicaltrials.gov/ct2/html/images/info/public.xsd -->
  <required_header>
    <download_date>ClinicalTrials.gov processed this data on September 01, 2017</download_date>
    <link_text>Link to the current ClinicalTrials.gov record.</link_text>
    <url>https://clinicaltrials.gov/show/NCT02435381</url>
  </required_header>
  <id_info>
    <org_study_id>H-30334</org_study_id>
    <nct_id>NCT02435381</nct_id>
  </id_info>
  <brief_title>Carisbamate as a Potential Treatment for Alcohol Dependence</brief_title>
  <official_title>Carisbamate as a Potential Treatment for Alcohol Dependence</official_title>
  <sponsors>
    <lead_sponsor>
      <agency>Baylor College of Medicine</agency>
      <agency_class>Other</agency_class>
    </lead_sponsor>
  </sponsors>
  <source>Baylor College of Medicine</source>
  <oversight_info>
    <has_dmc>Yes</has_dmc>
  </oversight_info>
  <brief_summary>
    <textblock>
      The purpose of this study is to determine the effects of treatment with carisbamate compared
      to treatment with placebo, on alcohol-induced stimulant and subjective effects in
      non-treatment seeking alcohol-dependent human volunteers.
    </textblock>
  </brief_summary>
  <detailed_description>
    <textblock>
      This within-subjects placebo-controlled experimental protocol will assess the effects of
      carisbamate (600mg qd) on the positive subjective effects of alcohol in non-treatment-seeking
      alcohol-dependent volunteers. Participants will receive study drug (carisbamate or placebo)
      from days 2- 4. On day 4, study drug will be followed by alcohol (0.8g/kg; 16% by volume) and
      a placebo beverage (1% by volume as a mask), both separated by 2 hours. Physiologic,
      subjective effects and BAL will be obtained after the alcohol challenges. Participants will
      be discharged on day 4 and asked to return a week later to repeat the study under the
      alternate study drug condition (active carisbamate vs. placebo).
    </textblock>
  </detailed_description>
  <overall_status>Active, not recruiting</overall_status>
  <start_date>February 2013</start_date>
  <completion_date type="Anticipated">December 31, 2018</completion_date>
  <primary_completion_date type="Anticipated">December 31, 2018</primary_completion_date>
  <phase>Phase 1/Phase 2</phase>
  <study_type>Interventional</study_type>
  <has_expanded_access>No</has_expanded_access>
  <study_design_info>
    <allocation>Randomized</allocation>
    <intervention_model>Single Group Assignment</intervention_model>
    <primary_purpose>Other</primary_purpose>
    <masking>Quadruple (Participant, Care Provider, Investigator, Outcomes Assessor)</masking>
  </study_design_info>
  <primary_outcome>
    <measure>Effects of carisbamate on the positive subjective effects of alcohol</measure>
    <time_frame>2 hours post alcohol administration</time_frame>
    <description>Subjective effects (after consuming carisbamate and alcohol) will be assessed using a 10-item visual analog scale (VAS).</description>
  </primary_outcome>
  <secondary_outcome>
    <measure>physiologic effects of carisbamate</measure>
    <time_frame>2 hours post alcohol administration</time_frame>
    <description>systolic and diastolic blood pressure will be monitored after consuming carisbamate and alcohol</description>
  </secondary_outcome>
  <secondary_outcome>
    <measure>physiologic effects of carisbamate</measure>
    <time_frame>2 hours post alcohol administration</time_frame>
    <description>pulse will be monitored after consuming carisbamate and alcohol</description>
  </secondary_outcome>
  <secondary_outcome>
    <measure>physiologic effects of carisbamate</measure>
    <time_frame>2 hours post alcohol administration</time_frame>
    <description>ECG will be monitored after consuming carisbamate and alcohol</description>
  </secondary_outcome>
  <number_of_arms>2</number_of_arms>
  <enrollment type="Actual">26</enrollment>
  <condition>Alcohol Dependence</condition>
  <condition>Alcohol Abuse</condition>
  <condition>Substance Abuse</condition>
  <arm_group>
    <arm_group_label>Placebo</arm_group_label>
    <arm_group_type>Placebo Comparator</arm_group_type>
    <description>Participants will receive placebo from days 2- 4.</description>
  </arm_group>
  <arm_group>
    <arm_group_label>Carisbamate</arm_group_label>
    <arm_group_type>Active Comparator</arm_group_type>
    <description>Participants will receive carisbamate 600mg qd from days 2- 4.</description>
  </arm_group>
  <intervention>
    <intervention_type>Drug</intervention_type>
    <intervention_name>Carisbamate</intervention_name>
    <description>600mg Orally on days 2-4</description>
    <arm_group_label>Carisbamate</arm_group_label>
    <other_name>YKP 509</other_name>
  </intervention>
  <intervention>
    <intervention_type>Drug</intervention_type>
    <intervention_name>Placebo</intervention_name>
    <description>Placebo treatment only</description>
    <arm_group_label>Placebo</arm_group_label>
    <other_name>Sugar Pill</other_name>
  </intervention>
  <eligibility>
    <criteria>
      <textblock>
        Inclusion Criteria:

          1. Be an English-speaking volunteer who is not seeking treatment at the time of the study

          2. Be between 18-55 years of age

          3. Meet DSM-IV TR criteria for alcohol abuse; participants may or may not meet criteria
             for nicotine dependence. Nicotine dependence is allowed but not required because most
             alcohol users smoke cigarettes.

          4. Have a self-reported history of using alcohol.

          5. Have vital signs as follows: resting pulse must be &lt; 90 bpm and the blood pressure
             must be &lt; 150 mmHg systolic and &lt; 90 mmHg diastolic.

          6. Have hematology and chemistry laboratory tests that are within normal (+/- 10%) limits
             with the following exceptions:

               -  liver function tests (total bilirubin, ALT, AST, and alkaline phosphatase) &lt; 3 x
                  the upper limit of normal, and b) kidney function tests (creatinine and BUN)
                  within normal limits

          7. Have a baseline EKG that demonstrates clinically normal sinus rhythm, clinically
             normal conduction, and no clinically significant arrhythmias

          8. Have a medical history and brief physical examination demonstrating no clinically
             significant contraindications for study participation, in the judgment of the
             admitting physician and the principal investigator.

        Exclusion Criteria:

          1. Meet DSM IV TR criteria for dependence on drugs other than alcohol or nicotine.

          2. Have any history or evidence suggestive of seizure disorder or brain injury

          3. Have any previous medically adverse reaction to alcohol, including loss of
             consciousness, chest pain, or epileptic seizure

          4. Have neurological or psychiatric disorders, such as:

               -  psychosis, bipolar illness or major depression as assessed by SCID

               -  organic brain disease or dementia assessed by clinical interview

               -  history of any psychiatric disorder which would require ongoing treatment or
                  which would make study compliance difficult

               -  history of suicide attempts within the past year and/or current suicidal
                  ideation/plan

          5. Have evidence of clinically significant heart disease or hypertension, as determined
             by the PI

          6. Have evidence of untreated or unstable medical illness including: neuroendocrine,
             autoimmune, renal, hepatic, or active infectious disease

          7. Have symptomatic HIV or are taking antiretroviral medication

          8. Be pregnant or nursing. Other females must either be unable to conceive (i.e.,
             surgically sterilized, sterile, or post-menopausal) or be using a reliable form of
             contraception (e.g., abstinence, birth control pills, intrauterine device, condoms, or
             spermicide). All females must provide negative pregnancy urine tests before study
             entry, upon hospital admission, and at the end of study participation

          9. Have any other illness, condition, or use of psychotropic medications, which in the
             opinion of the PI and/or the admitting physician would preclude safe and/or successful
             completion of the study.

         10. Currently seeking help for alcohol dependence.

         11. Subjects with or prone to clinically significant alcohol withdrawal.

         12. More than thirty days of abstinence from alcohol in the ninety days prior to
             enrollment.

         13. A history of major alcohol-related medical complications requiring hospitalization
             (i.e. pancreatitis).

         14. Contraindication(s) to take the study medication such as renal or hepatic impairment,
             nephrolithiasis, congenital metabolic disorders or history of seizures.
             Moderate-to-severe renal impairment defined as creatinine clearance less than 30
             mL/min.

         15. Use of inhibitors/substrates for renal cationic transporters, or medications
             contraindicated with ethanol.

         16. A history of violence or aggression, assessed as part of the clinical interview at
             screening visit.
      </textblock>
    </criteria>
    <gender>All</gender>
    <minimum_age>18 Years</minimum_age>
    <maximum_age>55 Years</maximum_age>
    <healthy_volunteers>No</healthy_volunteers>
  </eligibility>
  <overall_official>
    <last_name>Thomas F Newton, M.D</last_name>
    <role>Principal Investigator</role>
    <affiliation>Baylor College of Medicine</affiliation>
  </overall_official>
  <location>
    <facility>
      <name>Michael E. DeBakey VA Medical Center</name>
      <address>
        <city>Houston</city>
        <state>Texas</state>
        <zip>77030</zip>
        <country>United States</country>
      </address>
    </facility>
  </location>
  <location_countries>
    <country>United States</country>
  </location_countries>
  <verification_date>July 2017</verification_date>
  <lastchanged_date>July 11, 2017</lastchanged_date>
  <firstreceived_date>September 7, 2013</firstreceived_date>
  <responsible_party>
    <responsible_party_type>Principal Investigator</responsible_party_type>
    <investigator_affiliation>Baylor College of Medicine</investigator_affiliation>
    <investigator_full_name>Thomas Newton</investigator_full_name>
    <investigator_title>Professor</investigator_title>
  </responsible_party>
  <condition_browse>
    <!-- CAUTION:  The following MeSH terms are assigned with an imperfect algorithm            -->
    <mesh_term>Alcoholism</mesh_term>
    <mesh_term>Substance-Related Disorders</mesh_term>
  </condition_browse>
  <!-- Results have not yet been posted for this study                                          -->
</clinical_study>

