<?xml version="1.0" encoding="UTF-8"?>
<clinical_study rank="6">
  <!-- This xml conforms to an XML Schema at:
    https://clinicaltrials.gov/ct2/html/images/info/public.xsd -->
  <required_header>
    <download_date>ClinicalTrials.gov processed this data on July 28, 2017</download_date>
    <link_text>Link to the current ClinicalTrials.gov record.</link_text>
    <url>https://clinicaltrials.gov/show/NCT00330174</url>
  </required_header>
  <id_info>
    <org_study_id>CMP-MD-04</org_study_id>
    <nct_id>NCT00330174</nct_id>
  </id_info>
  <brief_title>Acamprosate in Alcoholics With Comorbid Anxiety or Depression</brief_title>
  <official_title>The Use of Acamprosate in Individuals With Alcohol Dependence and Comorbid Anxiety or Depression</official_title>
  <sponsors>
    <lead_sponsor>
      <agency>Medical University of South Carolina</agency>
      <agency_class>Other</agency_class>
    </lead_sponsor>
    <collaborator>
      <agency>Mclean Hospital</agency>
      <agency_class>Other</agency_class>
    </collaborator>
    <collaborator>
      <agency>Columbia University</agency>
      <agency_class>Other</agency_class>
    </collaborator>
  </sponsors>
  <source>Medical University of South Carolina</source>
  <oversight_info>
    <has_dmc>No</has_dmc>
  </oversight_info>
  <brief_summary>
    <textblock>
      STUDY OBJECTIVES:

      The primary objective of this study is to compare the safety and efficacy of acamprosate
      versus placebo in the treatment of alcohol dependence in adults with co-occurring mood or
      anxiety disorders (specifically, depression (MDE), generalized anxiety disorder (GAD) or
      social anxiety disorder). Secondary objectives are to evaluate the effect of acamprosate
      treatment on mood and anxiety disorders.

      STUDY DESIGN:

      This is a randomized, double-blind, placebo-controlled trial evaluating acamprosate in the
      treatment of alcohol dependence in adult outpatients with concurrent mood and/or anxiety
      disorders. The active study phase will be 12 weeks in duration. There will be a two-week
      screening period, followed by 12 weeks of study medication and a follow-up assessment at 14
      weeks from randomization.

      STUDY POPULATION:

      A total of 90 (30 per site) men and women aged 18-60 years who have a current diagnosis of
      alcohol dependence as well as a current DSM-IV diagnosis of either MDE, GAD and/or social
      anxiety will be recruited to participate in this study. Only those individuals whose
      psychiatric disorders are stable will be randomized to acamprosate or placebo. Three sites
      will participate in this trial.

      TREATMENTS:

      Eligible participants will be randomly assigned to receive either acamprosate or matching
      placebo for 12 weeks.

      EFFICACY ASSESSEMENTS:

      The primary efficacy outcome measure will be cumulative days abstinent as measured by
      self-report.
    </textblock>
  </brief_summary>
  <detailed_description>
    <textblock>
      Participants who meet all inclusion criteria and none of the exclusion criteria will be
      randomized to receive either acamprosate or placebo in a 1:1 ratio. Participants will be
      instructed to take (2) 333 mg tablets three times a day. Participants will be seen weekly for
      12 weeks an again 14 weeks from randomization. At each weekly visit, participants will be
      asked about substance use and possible adverse events. They will also have their vital signs
      and weight measured at each visit. Psychiatric assessments, including the MADRS,HAM-A,
      Liebowitz Social Anxiety Scale, and Hospital Anxiety and Depression Scale will be performed
      at weeks 2, 4, 8, and 12. Alcohol craving will be assessed using the Obsessive Compulsive
      Drinking Scale at baseline and monthly. A urine drug screen will also be performed monthly. A
      clinical global impressions scale will be completed for both psychiatric and alcohol abuse
      symptoms at every visit. A breath alcohol test will be performed at every visit, and a urine
      drug screen will be performed at baseline and monthly during the trial.
    </textblock>
  </detailed_description>
  <overall_status>Completed</overall_status>
  <start_date>April 2006</start_date>
  <completion_date type="Actual">September 2010</completion_date>
  <primary_completion_date type="Actual">September 2010</primary_completion_date>
  <phase>Phase 4</phase>
  <study_type>Interventional</study_type>
  <has_expanded_access>No</has_expanded_access>
  <study_design_info>
    <allocation>Randomized</allocation>
    <intervention_model>Parallel Assignment</intervention_model>
    <primary_purpose>Treatment</primary_purpose>
    <masking>Double Blind (Participant, Investigator)</masking>
  </study_design_info>
  <primary_outcome>
    <measure>Percent Days Drinking</measure>
    <time_frame>12 weeks</time_frame>
    <description>Drinking was assessed using the timeline followback (TLFB), which is a calendar-based instrument used to assess drinking and other substance use on a daily basis.</description>
  </primary_outcome>
  <secondary_outcome>
    <measure>Montgomery-Asberg Depression Rating Scale (MADRS)</measure>
    <time_frame>12 weeks</time_frame>
    <description>This 10-item rating scale is commonly used in the European pharmacotherapy trials, and it may have benefit in assessing substance abusers, because it focuses on cognitive symptoms of depression instead of the physical symptoms, which could be due to substance use and withdrawal (Yonkers and Samson, 2000). Total scores are used; Scale range is 0-60, with higher scores reflecting more severe symptoms.</description>
  </secondary_outcome>
  <secondary_outcome>
    <measure>Liebowitz Social Anxiety Scale</measure>
    <time_frame>12 weeks</time_frame>
    <description>The LSAS is a 24-item semi-structured clinician-administered instrument that assesses social anxiety through the evaluation of fear and avoidance of different social and performance situations. There are two subscales (avoidance and fear), with scores ranging from 0-72; Total score for instrument ranges from 0-144. This study only reports on total score. Higher scores reflect greater anxiety symptoms.</description>
  </secondary_outcome>
  <secondary_outcome>
    <measure>Hospital Anxiety and Depression Scale</measure>
    <time_frame>12 weeks</time_frame>
    <description>This is a 14-item self report assessment that contains two subscales (depression and anxiety) with each subscale ranging from 0-21; the total score ranges from 0-42. We report total scores. Higher scores represent worse symptoms.</description>
  </secondary_outcome>
  <number_of_arms>2</number_of_arms>
  <enrollment type="Actual">90</enrollment>
  <condition>Alcohol Dependence</condition>
  <condition>Major Depression</condition>
  <condition>Social Anxiety Disorder</condition>
  <condition>Generalized Anxiety Disorder</condition>
  <arm_group>
    <arm_group_label>1</arm_group_label>
    <arm_group_type>Experimental</arm_group_type>
    <description>Acamprosate tablets</description>
  </arm_group>
  <arm_group>
    <arm_group_label>2</arm_group_label>
    <arm_group_type>Placebo Comparator</arm_group_type>
    <description>Matching placebo tablets</description>
  </arm_group>
  <intervention>
    <intervention_type>Drug</intervention_type>
    <intervention_name>Acamprosate</intervention_name>
    <description>2 333mg tablets three times daily</description>
    <arm_group_label>1</arm_group_label>
    <arm_group_label>2</arm_group_label>
  </intervention>
  <eligibility>
    <criteria>
      <textblock>
        Inclusion Criteria:

          1. Adults ages 18-60

          2. Meet DSM-IV criteria for current (past 90 days) alcohol dependence

          3. Must identify alcohol as the primary substance of abuse

          4. Meet DSM-IV criteria for a current major depressive episode, GAD and/or social anxiety
             disorder

          5. Have a stable psychiatric condition, as evidenced by a baseline CGI change score of 4
             or below between the time of initial screening and the baseline visit, and if
             receiving psychotropic medication, must have a stable dose of medication for at least
             one month prior to baseline.

          6. Must have a negative urine drug screen at the baseline visit; UDS may be repeated no
             more that twice to obtain an negative UDS

          7. May be receiving medication treatment for anxiety/mood disorder as long as the dosage
             has been stable for 4 weeks prior to randomization.

          8. May be engaged in psychosocial treatment for alcohol dependence or for mood/anxiety
             disorders.

          9. Must abstain from alcohol for at least 3 consecutive days but no more than 21 days
             prior to medication initiation

         10. Subjects must be able to adequately provide informed consent and function at an
             intellectual level sufficient to allow the accurate completion of all assessment
             instruments

         11. Subjects must consent to random assignment, be willing to commit to medication
             treatment and follow-up assessments

         12. CIWA-Ar scale is 8 or less at the baseline visit

        Exclusion Criteria:

          1. Individuals with a primary psychotic disorder or bipolar disorder

          2. Individuals who meet DSM-IV criteria for current (past 90 days) dependence on
             substances other than alcohol, caffeine or nicotine

          3. Individuals with an uncontrolled neurologic condition that could confound the results
             of the study

          4. Individuals with an uncontrolled medical condition that may adversely affect the
             conduct of this trial or jeopardize the subject's safety

          5. Regular use of benzodiazepines for the treatment of psychiatric symptoms (as defined
             as more than 12 times in the month prior to the screening visit)

          6. Individuals receiving pharmacotherapy (e.g. disulfiram or naltrexone) for prevention
             of alcohol relapse

          7. Women of childbearing potential who are lactating or refuse to use adequate forms of
             birth control

          8. Current suicidal or homicidal risk
      </textblock>
    </criteria>
    <gender>All</gender>
    <minimum_age>18 Years</minimum_age>
    <maximum_age>60 Years</maximum_age>
    <healthy_volunteers>No</healthy_volunteers>
  </eligibility>
  <overall_official>
    <last_name>Susan C Sonne, PharmD, BCPP</last_name>
    <role>Principal Investigator</role>
    <affiliation>Medical University of South Carolina</affiliation>
  </overall_official>
  <overall_official>
    <last_name>Jennifer S Potter, PhD</last_name>
    <role>Principal Investigator</role>
    <affiliation>Mclean Hospital</affiliation>
  </overall_official>
  <overall_official>
    <last_name>Richard Rosenthal, MD</last_name>
    <role>Principal Investigator</role>
    <affiliation>Columbia University College of Physicians &amp; Surgeons</affiliation>
  </overall_official>
  <location>
    <facility>
      <name>McLean Hospital</name>
      <address>
        <city>Belmont</city>
        <state>Massachusetts</state>
        <zip>02478</zip>
        <country>United States</country>
      </address>
    </facility>
  </location>
  <location>
    <facility>
      <name>Columbia University College of Physicians &amp; Surgeons</name>
      <address>
        <city>New York</city>
        <state>New York</state>
        <zip>10025</zip>
        <country>United States</country>
      </address>
    </facility>
  </location>
  <location>
    <facility>
      <name>Behavioral Health Services of Pickens County</name>
      <address>
        <city>Pickens</city>
        <state>South Carolina</state>
        <zip>29671</zip>
        <country>United States</country>
      </address>
    </facility>
  </location>
  <location_countries>
    <country>United States</country>
  </location_countries>
  <verification_date>April 2015</verification_date>
  <lastchanged_date>April 10, 2015</lastchanged_date>
  <firstreceived_date>May 25, 2006</firstreceived_date>
  <firstreceived_results_date>May 29, 2013</firstreceived_results_date>
  <responsible_party>
    <responsible_party_type>Principal Investigator</responsible_party_type>
    <investigator_affiliation>Medical University of South Carolina</investigator_affiliation>
    <investigator_full_name>Susan Sonne</investigator_full_name>
    <investigator_title>Associate Professor of Psychiatry</investigator_title>
  </responsible_party>
  <keyword>Alcoholism</keyword>
  <keyword>Mood</keyword>
  <keyword>Anxiety</keyword>
  <keyword>Acamprosate</keyword>
  <condition_browse>
    <!-- CAUTION:  The following MeSH terms are assigned with an imperfect algorithm            -->
    <mesh_term>Disease</mesh_term>
    <mesh_term>Depression</mesh_term>
    <mesh_term>Depressive Disorder</mesh_term>
    <mesh_term>Anxiety Disorders</mesh_term>
    <mesh_term>Depressive Disorder, Major</mesh_term>
    <mesh_term>Alcoholism</mesh_term>
    <mesh_term>Phobic Disorders</mesh_term>
  </condition_browse>
  <intervention_browse>
    <!-- CAUTION:  The following MeSH terms are assigned with an imperfect algorithm            -->
    <mesh_term>Acamprosate</mesh_term>
  </intervention_browse>

  <clinical_results>

    <participant_flow>
      <recruitment_details>Participants were recruited from May 2006 to June 2008. The study was conducted at three sites including a rural community treatment program in South Carolina, an urban community treatment program in New York City, and at an academic setting at McLean Hospital in Belmont, MA</recruitment_details>
      <group_list>
        <group group_id="P1">
          <title>Acamprosate</title>
          <description>Acamprosate tablets</description>
        </group>
        <group group_id="P2">
          <title>Placebo</title>
          <description>Matching placebo tablets</description>
        </group>
      </group_list>
      <period_list>
        <period>
          <title>Overall Study</title>
          <milestone_list>
            <milestone>
              <title>STARTED</title>
              <participants_list>
                <participants group_id="P1" count="45"/>
                <participants group_id="P2" count="45"/>
              </participants_list>
            </milestone>
            <milestone>
              <title>COMPLETED</title>
              <participants_list>
                <participants group_id="P1" count="23"/>
                <participants group_id="P2" count="26"/>
              </participants_list>
            </milestone>
            <milestone>
              <title>NOT COMPLETED</title>
              <participants_list>
                <participants group_id="P1" count="22"/>
                <participants group_id="P2" count="19"/>
              </participants_list>
            </milestone>
          </milestone_list>
          <drop_withdraw_reason_list>
            <drop_withdraw_reason>
              <title>Withdrawal by Subject</title>
              <participants_list>
                <participants group_id="P1" count="7"/>
                <participants group_id="P2" count="7"/>
              </participants_list>
            </drop_withdraw_reason>
            <drop_withdraw_reason>
              <title>Lost to Follow-up</title>
              <participants_list>
                <participants group_id="P1" count="4"/>
                <participants group_id="P2" count="1"/>
              </participants_list>
            </drop_withdraw_reason>
            <drop_withdraw_reason>
              <title>Clinical deterioration</title>
              <participants_list>
                <participants group_id="P1" count="1"/>
                <participants group_id="P2" count="2"/>
              </participants_list>
            </drop_withdraw_reason>
            <drop_withdraw_reason>
              <title>Excessive missed visits</title>
              <participants_list>
                <participants group_id="P1" count="3"/>
                <participants group_id="P2" count="8"/>
              </participants_list>
            </drop_withdraw_reason>
            <drop_withdraw_reason>
              <title>Miscellaneous reasons</title>
              <participants_list>
                <participants group_id="P1" count="7"/>
                <participants group_id="P2" count="1"/>
              </participants_list>
            </drop_withdraw_reason>
          </drop_withdraw_reason_list>
        </period>
      </period_list>
    </participant_flow>

    <baseline>
      <group_list>
        <group group_id="B1">
          <title>Acamprosate</title>
          <description>Acamprosate tablets</description>
        </group>
        <group group_id="B2">
          <title>Placebo</title>
          <description>Matching placebo tablets</description>
        </group>
        <group group_id="B3">
          <title>Total</title>
          <description>Total of all reporting groups</description>
        </group>
      </group_list>
      <analyzed_list>
        <analyzed>
          <units>Participants</units>
          <scope>Overall</scope>
          <count_list>
            <count group_id="B1" value="45"/>
            <count group_id="B2" value="45"/>
            <count group_id="B3" value="90"/>
          </count_list>
        </analyzed>
      </analyzed_list>
      <measure_list>
        <measure>
          <title>Age</title>
          <units>participants</units>
          <param>Number</param>
          <class_list>
            <class>
              <title>&lt;=18 years</title>
              <category_list>
                <category>
                  <measurement_list>
                    <measurement group_id="B1" value="0"/>
                    <measurement group_id="B2" value="0"/>
                    <measurement group_id="B3" value="0"/>
                  </measurement_list>
                </category>
              </category_list>
            </class>
            <class>
              <title>Between 18 and 65 years</title>
              <category_list>
                <category>
                  <measurement_list>
                    <measurement group_id="B1" value="45"/>
                    <measurement group_id="B2" value="45"/>
                    <measurement group_id="B3" value="90"/>
                  </measurement_list>
                </category>
              </category_list>
            </class>
            <class>
              <title>&gt;=65 years</title>
              <category_list>
                <category>
                  <measurement_list>
                    <measurement group_id="B1" value="0"/>
                    <measurement group_id="B2" value="0"/>
                    <measurement group_id="B3" value="0"/>
                  </measurement_list>
                </category>
              </category_list>
            </class>
          </class_list>
        </measure>
        <measure>
          <title>Age</title>
          <units>years</units>
          <param>Mean</param>
          <dispersion>Standard Deviation</dispersion>
          <class_list>
            <class>
              <category_list>
                <category>
                  <measurement_list>
                    <measurement group_id="B1" value="43.6" spread="9.9"/>
                    <measurement group_id="B2" value="44.6" spread="8.7"/>
                    <measurement group_id="B3" value="44.1" spread="9.3"/>
                  </measurement_list>
                </category>
              </category_list>
            </class>
          </class_list>
        </measure>
        <measure>
          <title>Gender</title>
          <units>participants</units>
          <param>Number</param>
          <class_list>
            <class>
              <title>Female</title>
              <category_list>
                <category>
                  <measurement_list>
                    <measurement group_id="B1" value="16"/>
                    <measurement group_id="B2" value="19"/>
                    <measurement group_id="B3" value="35"/>
                  </measurement_list>
                </category>
              </category_list>
            </class>
            <class>
              <title>Male</title>
              <category_list>
                <category>
                  <measurement_list>
                    <measurement group_id="B1" value="29"/>
                    <measurement group_id="B2" value="26"/>
                    <measurement group_id="B3" value="55"/>
                  </measurement_list>
                </category>
              </category_list>
            </class>
          </class_list>
        </measure>
        <measure>
          <title>Region of Enrollment</title>
          <units>participants</units>
          <param>Number</param>
          <class_list>
            <class>
              <title>United States</title>
              <category_list>
                <category>
                  <measurement_list>
                    <measurement group_id="B1" value="45"/>
                    <measurement group_id="B2" value="45"/>
                    <measurement group_id="B3" value="90"/>
                  </measurement_list>
                </category>
              </category_list>
            </class>
          </class_list>
        </measure>
      </measure_list>
    </baseline>

    <outcome_list>
      <outcome>
        <type>Primary</type>
        <title>Percent Days Drinking</title>
        <description>Drinking was assessed using the timeline followback (TLFB), which is a calendar-based instrument used to assess drinking and other substance use on a daily basis.</description>
        <time_frame>12 weeks</time_frame>
        <population>The primary outcome measure is difference in cumulative days abstinent. Based on the meta-analysis by Mann et al (2004). A total sample of 90 participants would be able to detect a difference of 11 (+/- 18) days between acamprosate and placebo groups with 80% power, and Type 1 error rate of 0.05.</population>
        <group_list>
          <group group_id="O1">
            <title>Acamprosate</title>
            <description>Acamprosate tablets</description>
          </group>
          <group group_id="O2">
            <title>Placebo</title>
            <description>Matching placebo tablets</description>
          </group>
        </group_list>
        <measure>
          <title>Percent Days Drinking</title>
          <description>Drinking was assessed using the timeline followback (TLFB), which is a calendar-based instrument used to assess drinking and other substance use on a daily basis.</description>
          <population>The primary outcome measure is difference in cumulative days abstinent. Based on the meta-analysis by Mann et al (2004). A total sample of 90 participants would be able to detect a difference of 11 (+/- 18) days between acamprosate and placebo groups with 80% power, and Type 1 error rate of 0.05.</population>
          <units>percentage of days drinking</units>
          <param>Mean</param>
          <dispersion>Standard Error</dispersion>
          <analyzed_list>
            <analyzed>
              <units>Participants</units>
              <scope>Measure</scope>
              <count_list>
                <count group_id="O1" value="45"/>
                <count group_id="O2" value="45"/>
              </count_list>
            </analyzed>
          </analyzed_list>
          <class_list>
            <class>
              <category_list>
                <category>
                  <measurement_list>
                    <measurement group_id="O1" value="34.9" spread="0.04"/>
                    <measurement group_id="O2" value="31.9" spread="0.04"/>
                  </measurement_list>
                </category>
              </category_list>
            </class>
          </class_list>
        </measure>
        <analysis_list>
          <analysis>
            <group_id_list>
              <group_id>O1</group_id>
              <group_id>O2</group_id>
            </group_id_list>
            <groups_desc>Drinking outcomes were analyzed using multiple linear regression, controlling for site and baseline drinking level. Drinking and psychiatric symptoms assessed over time were examined using repeated measures (intercept only) mixed linear models (PROC MIXED in SAS). Analyses were performed using SAS statistical software (version 9.2; SAS Institute, Inc., Cary, NC). All tests were two-tailed and p-values less than 0.05 were considered statistically significant.</groups_desc>
            <non_inferiority_type>Superiority or Other</non_inferiority_type>
            <p_value>0.64</p_value>
            <method>Mixed Models Analysis</method>
          </analysis>
        </analysis_list>
      </outcome>
      <outcome>
        <type>Secondary</type>
        <title>Montgomery-Asberg Depression Rating Scale (MADRS)</title>
        <description>This 10-item rating scale is commonly used in the European pharmacotherapy trials, and it may have benefit in assessing substance abusers, because it focuses on cognitive symptoms of depression instead of the physical symptoms, which could be due to substance use and withdrawal (Yonkers and Samson, 2000). Total scores are used; Scale range is 0-60, with higher scores reflecting more severe symptoms.</description>
        <time_frame>12 weeks</time_frame>
        <group_list>
          <group group_id="O1">
            <title>Acamprosate</title>
            <description>Acamprosate tablets</description>
          </group>
          <group group_id="O2">
            <title>Placebo</title>
            <description>Matching placebo tablets</description>
          </group>
        </group_list>
        <measure>
          <title>Montgomery-Asberg Depression Rating Scale (MADRS)</title>
          <description>This 10-item rating scale is commonly used in the European pharmacotherapy trials, and it may have benefit in assessing substance abusers, because it focuses on cognitive symptoms of depression instead of the physical symptoms, which could be due to substance use and withdrawal (Yonkers and Samson, 2000). Total scores are used; Scale range is 0-60, with higher scores reflecting more severe symptoms.</description>
          <units>units on a scale</units>
          <param>Mean</param>
          <dispersion>Standard Error</dispersion>
          <analyzed_list>
            <analyzed>
              <units>Participants</units>
              <scope>Measure</scope>
              <count_list>
                <count group_id="O1" value="45"/>
                <count group_id="O2" value="45"/>
              </count_list>
            </analyzed>
          </analyzed_list>
          <class_list>
            <class>
              <category_list>
                <category>
                  <measurement_list>
                    <measurement group_id="O1" value="11.0" spread="0.79"/>
                    <measurement group_id="O2" value="11.5" spread="0.76"/>
                  </measurement_list>
                </category>
              </category_list>
            </class>
          </class_list>
        </measure>
      </outcome>
      <outcome>
        <type>Secondary</type>
        <title>Liebowitz Social Anxiety Scale</title>
        <description>The LSAS is a 24-item semi-structured clinician-administered instrument that assesses social anxiety through the evaluation of fear and avoidance of different social and performance situations. There are two subscales (avoidance and fear), with scores ranging from 0-72; Total score for instrument ranges from 0-144. This study only reports on total score. Higher scores reflect greater anxiety symptoms.</description>
        <time_frame>12 weeks</time_frame>
        <group_list>
          <group group_id="O1">
            <title>Acamprosate</title>
            <description>Acamprosate tablets</description>
          </group>
          <group group_id="O2">
            <title>Placebo</title>
            <description>Matching placebo tablets</description>
          </group>
        </group_list>
        <measure>
          <title>Liebowitz Social Anxiety Scale</title>
          <description>The LSAS is a 24-item semi-structured clinician-administered instrument that assesses social anxiety through the evaluation of fear and avoidance of different social and performance situations. There are two subscales (avoidance and fear), with scores ranging from 0-72; Total score for instrument ranges from 0-144. This study only reports on total score. Higher scores reflect greater anxiety symptoms.</description>
          <units>units on a scale</units>
          <param>Mean</param>
          <dispersion>Standard Error</dispersion>
          <analyzed_list>
            <analyzed>
              <units>Participants</units>
              <scope>Measure</scope>
              <count_list>
                <count group_id="O1" value="45"/>
                <count group_id="O2" value="45"/>
              </count_list>
            </analyzed>
          </analyzed_list>
          <class_list>
            <class>
              <category_list>
                <category>
                  <measurement_list>
                    <measurement group_id="O1" value="22.5" spread="3.09"/>
                    <measurement group_id="O2" value="23.2" spread="30.5"/>
                  </measurement_list>
                </category>
              </category_list>
            </class>
          </class_list>
        </measure>
      </outcome>
      <outcome>
        <type>Secondary</type>
        <title>Hospital Anxiety and Depression Scale</title>
        <description>This is a 14-item self report assessment that contains two subscales (depression and anxiety) with each subscale ranging from 0-21; the total score ranges from 0-42. We report total scores. Higher scores represent worse symptoms.</description>
        <time_frame>12 weeks</time_frame>
        <group_list>
          <group group_id="O1">
            <title>Acamprosate</title>
            <description>Acamprosate tablets</description>
          </group>
          <group group_id="O2">
            <title>Placebo</title>
            <description>Matching placebo tablets</description>
          </group>
        </group_list>
        <measure>
          <title>Hospital Anxiety and Depression Scale</title>
          <description>This is a 14-item self report assessment that contains two subscales (depression and anxiety) with each subscale ranging from 0-21; the total score ranges from 0-42. We report total scores. Higher scores represent worse symptoms.</description>
          <units>units on a scale</units>
          <param>Mean</param>
          <dispersion>Standard Error</dispersion>
          <analyzed_list>
            <analyzed>
              <units>Participants</units>
              <scope>Measure</scope>
              <count_list>
                <count group_id="O1" value="45"/>
                <count group_id="O2" value="45"/>
              </count_list>
            </analyzed>
          </analyzed_list>
          <class_list>
            <class>
              <category_list>
                <category>
                  <measurement_list>
                    <measurement group_id="O1" value="10.5" spread="0.87"/>
                    <measurement group_id="O2" value="9.4" spread="0.84"/>
                  </measurement_list>
                </category>
              </category_list>
            </class>
          </class_list>
        </measure>
      </outcome>
    </outcome_list>

    <reported_events>
      <group_list>
        <group group_id="E1">
          <title>Acamprosate</title>
          <description>Acamprosate tablets</description>
        </group>
        <group group_id="E2">
          <title>Placebo</title>
          <description>Matching placebo tablets</description>
        </group>
      </group_list>
      <serious_events>
        <default_assessment>Systematic Assessment</default_assessment>
        <category_list>
          <category>
            <title>Total</title>
            <event_list>
              <event>
                <sub_title>Total, serious adverse events</sub_title>
                <counts group_id="E1" subjects_affected="1" subjects_at_risk="45"/>
                <counts group_id="E2" subjects_affected="1" subjects_at_risk="45"/>
              </event>
            </event_list>
          </category>
          <category>
            <title>Psychiatric disorders</title>
            <event_list>
              <event>
                <sub_title>Clinical Deterioration</sub_title>
                <description>One participant in the placebo group experienced suicidal ideation and was hospitalized; one participant in the acamprosate group had worsening of alcohol use and was put in a higher level of care</description>
                <counts group_id="E1" events="1" subjects_affected="1" subjects_at_risk="45"/>
                <counts group_id="E2" events="1" subjects_affected="1" subjects_at_risk="45"/>
              </event>
            </event_list>
          </category>
        </category_list>
      </serious_events>
      <other_events>
        <frequency_threshold>5</frequency_threshold>
        <default_assessment>Systematic Assessment</default_assessment>
        <category_list>
          <category>
            <title>Total</title>
            <event_list>
              <event>
                <sub_title>Total, other adverse events</sub_title>
                <counts group_id="E1" subjects_affected="25" subjects_at_risk="45"/>
                <counts group_id="E2" subjects_affected="21" subjects_at_risk="45"/>
              </event>
            </event_list>
          </category>
          <category>
            <title>Gastrointestinal disorders</title>
            <event_list>
              <event>
                <sub_title>Diarrhea</sub_title>
                <counts group_id="E1" events="7" subjects_affected="7" subjects_at_risk="45"/>
                <counts group_id="E2" events="10" subjects_affected="10" subjects_at_risk="45"/>
              </event>
              <event>
                <sub_title>Nausea</sub_title>
                <counts group_id="E1" events="5" subjects_affected="5" subjects_at_risk="45"/>
                <counts group_id="E2" events="5" subjects_affected="5" subjects_at_risk="45"/>
              </event>
            </event_list>
          </category>
          <category>
            <title>General disorders</title>
            <event_list>
              <event>
                <sub_title>Headache</sub_title>
                <counts group_id="E1" events="15" subjects_affected="13" subjects_at_risk="45"/>
                <counts group_id="E2" events="20" subjects_affected="16" subjects_at_risk="37"/>
              </event>
            </event_list>
          </category>
        </category_list>
      </other_events>
    </reported_events>

    <certain_agreements>
      <pi_employee>Principal Investigators are NOT employed by the organization sponsoring the study.</pi_employee>
      <restrictive_agreement>There is NOT an agreement between Principal Investigators and the Sponsor (or its agents) that restricts the PI's rights to discuss or publish trial results after the trial is completed. </restrictive_agreement>
    </certain_agreements>
    <point_of_contact>
      <name_or_title>Susan Sonne, PharmD, BCPP</name_or_title>
      <organization>Medical University of South Carolina</organization>
      <phone>843.792.5221</phone>
      <email>sonnesc@musc.edu</email>
    </point_of_contact>
  </clinical_results>
</clinical_study>

