<?xml version="1.0" encoding="UTF-8"?>
<clinical_study rank="112">
  <!-- This xml conforms to an XML Schema at:
    https://clinicaltrials.gov/ct2/html/images/info/public.xsd -->
  <required_header>
    <download_date>ClinicalTrials.gov processed this data on August 08, 2017</download_date>
    <link_text>Link to the current ClinicalTrials.gov record.</link_text>
    <url>https://clinicaltrials.gov/show/NCT03191266</url>
  </required_header>
  <id_info>
    <org_study_id>D2303-R</org_study_id>
    <secondary_id>1 I01 RX002303-01A2</secondary_id>
    <nct_id>NCT03191266</nct_id>
  </id_info>
  <brief_title>Transcranial Magnetic Stimulation for the Treatment of Veterans With Alcohol Use Disorders</brief_title>
  <official_title>Transcranial Magnetic Stimulation for the Treatment of Veterans With Alcohol Use Disorders</official_title>
  <sponsors>
    <lead_sponsor>
      <agency>VA Office of Research and Development</agency>
      <agency_class>U.S. Fed</agency_class>
    </lead_sponsor>
  </sponsors>
  <source>VA Office of Research and Development</source>
  <oversight_info>
    <has_dmc>Yes</has_dmc>
    <is_fda_regulated_drug>No</is_fda_regulated_drug>
    <is_fda_regulated_device>Yes</is_fda_regulated_device>
    <is_unapproved_device>No</is_unapproved_device>
    <is_ppsd>No</is_ppsd>
    <is_us_export>No</is_us_export>
  </oversight_info>
  <brief_summary>
    <textblock>
      At least 60% of Veterans with an alcohol use disorder will relapse within 6 months of
      treatment, irrespective of the type of treatment they receive. This indicates that currently
      available interventions for treating AUD in Veterans are not effective in helping them
      achieve long-term sobriety. Repetitive transcranial magnetic stimulation (rTMS) is a brain
      stimulation method that is at the forefront of innovative, non-invasive, and safe treatments
      for AUD. However, there have been no studies that specifically determined the effectiveness
      of rTMS treatment for Veterans with AUD. This project will evaluate the effectiveness of rTMS
      treatment in promoting long-term abstinence in Veterans suffering from AUD. Assisting
      Veterans in achieving long-term and sustained sobriety is critical because it is associated
      with the best medical, cognitive, psychiatric, and psychosocial recovery from AUD.
    </textblock>
  </brief_summary>
  <detailed_description>
    <textblock>
      The purpose of this study is to evaluate the efficacy of repetitive transcranial magnetic
      stimulation (rTMS) as a treatment for Veterans with an alcohol use disorder (AUD) to decrease
      the exceedingly high rate of relapse associated with this condition.

      At least 60% of those with AUD will experience a major relapse period within 6 months of
      treatment, irrespective of the intervention (psychosocial and/or pharmacological) employed.
      Consequently, the high prevalence of AUD and relapse following treatment in Veterans is
      associated with substantial resource allocation and costs for the DVA Health Care System.
      Current pharmacological and psychosocial interventions demonstrate only a moderate level of
      efficacy, which is reflected in the high rate of relapse in AUD.

      rTMS is a neurostimulation method that is at the forefront of innovative, non-invasive, and
      safe treatments for AUD, and the disorders that commonly co-occur with AUD. To reduce the
      high rate of relapse in Veterans with AUD, it is necessary for interventions to more
      effectively address the associated neurobiological dysfunction and salient co-occurring
      conditions. Accordingly, additional rigorously controlled studies are required to determine
      if rTMS is an effective treatment for Veterans with AUD.

      Participants will be recruited from VA Palo Alto Health Care System (VAPAHCS) residential
      substance abuse treatment clinics A double-blind randomized clinical trial with two groups:
      Active rTMS Treatment Group (Active rTMS) - will receive five treatments (two treatments per
      day) each week for 2 weeks. Sham Control Treatment group (i.e., identical rTMS experimental
      procedure, but no active stimulation) will receive the same frequency and duration of rTMS
      sessions. The proposed rTMS protocol is consistent with the FDA approved treatment regimen
      employed for major depressive disorders at the VAPAHCS MIRECC. Magnetic resonance imaging
      (MR) will be completed pre and post rTMS treatment and used to localize the left DLPFC in
      each participant to optimize rTMS for this region. Active and Sham rTMS groups will complete
      predictive measures [i.e., MR measures of anterior frontal glutamate level, blood flow, and
      tissue volume, diffusion tensor imaging, functional connectivity, task-based fMRI] and other
      outcome measures (i.e., measures of craving, mood, anxiety, neurocognition) immediately pre-
      and post-completion of the 2 weeks of rTMS sessions. Genetic markers (i.e., brain derived
      neurotrophic factor plasma levels and polymorphisms) will also be collected. Neuroimaging and
      genetic measures are necessary to establish potential biomarkers for prediction of rTMS
      treatment response, which is requisite for therapeutic optimization. For the 6 months
      following completion of active or sham rTMS treatment, participants will be contacted
      monthly, via telephone or in person, to complete a brief standardized measure of alcohol and
      substance use, craving, and psychiatric symptomatology to assess for changes in these
      variables over the previous 30 days.

      This project will deliver completely novel data on the efficacy of rTMS for Veterans with AUD
      during the first 6 months following treatment. Monitoring over the entire first 6 months
      following treatment is crucial, given relapse within the first 6 months of treatment is
      robustly related to poor psychosocial functioning over the ensuing 1-3 years. The ultimate
      goal of this proposal is provide treatment that more effectively promotes sustained
      abstinence in the Veteran with AUD, as extended abstinence is robustly associated with
      optimum biomedical, neuropsychological, psychiatric, and psychosocial recovery and
      functioning.
    </textblock>
  </detailed_description>
  <overall_status>Not yet recruiting</overall_status>
  <start_date type="Anticipated">November 1, 2017</start_date>
  <completion_date type="Anticipated">October 31, 2021</completion_date>
  <primary_completion_date type="Anticipated">May 31, 2021</primary_completion_date>
  <phase>N/A</phase>
  <study_type>Interventional</study_type>
  <has_expanded_access>No</has_expanded_access>
  <study_design_info>
    <allocation>Randomized</allocation>
    <intervention_model>Parallel Assignment</intervention_model>
    <intervention_model_description>A double-blind randomized clinical trial with two groups: Active rTMS Treatment Group (Active rTMS) - will receive four to five treatments (two treatments per day) each week for 2 weeks. Sham Control Treatment group (i.e., identical rTMS experimental procedure, but no active stimulation) will receive the same frequency and duration of rTMS sessions. The proposed rTMS protocol is consistent with the FDA approved treatment regimen employed for major depressive disorders.</intervention_model_description>
    <primary_purpose>Treatment</primary_purpose>
    <masking>Participant, Care Provider, Investigator, Outcomes Assessor</masking>
    <masking_description>A double-blind randomized clinical trial with two groups: Active rTMS Treatment Group (Active rTMS) - will receive four to five treatments (two treatments per day) each week for 2 weeks. Sham Control Treatment group (i.e., identical rTMS experimental procedure, but no active stimulation) will receive the same frequency and duration of rTMS sessions.</masking_description>
  </study_design_info>
  <primary_outcome>
    <measure>Frequency of abstinence from alcohol and other substances</measure>
    <time_frame>6 months</time_frame>
    <description>For the 6 months following completion of active or sham rTMS treatment, participants will be contacted monthly, via telephone or in person, to complete a brief standardized measure of alcohol and substance use, as well as craving, and psychiatric symptoms to assess for changes in these variables over the previous 30 days.</description>
  </primary_outcome>
  <secondary_outcome>
    <measure>Glutamate concentration in the left dorsolateral prefrontal cortex (as measured with single voxel spectroscopy)</measure>
    <time_frame>Baseline</time_frame>
    <description>Determine if glutamate level can serve as a biomarker to predict rTMS treatment response in Veterans with AUD.</description>
  </secondary_outcome>
  <secondary_outcome>
    <measure>Volume in anterior frontal cortical regions (as measured with FreeSurfer)</measure>
    <time_frame>Baseline</time_frame>
    <description>Determine if volume in anterior frontal cortical regions can serve as biomarkers to predict rTMS treatment response in Veterans with AUD.</description>
  </secondary_outcome>
  <secondary_outcome>
    <measure>Functional connectivity (as measured with resting state fMRI)</measure>
    <time_frame>Baseline</time_frame>
    <description>Determine if functional connectivity can serve as a biomarker to predict rTMS treatment response in Veterans with AUD.</description>
  </secondary_outcome>
  <secondary_outcome>
    <measure>BDNF polymorphisms (as measured with TaqMan genotyping assays or similar assays)</measure>
    <time_frame>Baseline</time_frame>
    <description>Determine if BDNF polymorphisms can serve as biomarkers to predict rTMS treatment response in Veterans with AUD.</description>
  </secondary_outcome>
  <number_of_arms>2</number_of_arms>
  <enrollment type="Anticipated">100</enrollment>
  <condition>Alcohol Use Disorder</condition>
  <arm_group>
    <arm_group_label>active rTMS</arm_group_label>
    <arm_group_type>Active Comparator</arm_group_type>
    <description>active rTMS will receive FDA-approved rTMS stimulation protocol.</description>
  </arm_group>
  <arm_group>
    <arm_group_label>sham rTMS</arm_group_label>
    <arm_group_type>Sham Comparator</arm_group_type>
    <description>sham rTMS will receive all conditions except actual FDA-approved rTMS stimulation protocol.</description>
  </arm_group>
  <intervention>
    <intervention_type>Device</intervention_type>
    <intervention_name>Active rTMS</intervention_name>
    <description>Active rTMS will receive FDA-approved rTMS stimulation protocol.</description>
    <arm_group_label>active rTMS</arm_group_label>
  </intervention>
  <intervention>
    <intervention_type>Device</intervention_type>
    <intervention_name>Sham rTMS</intervention_name>
    <description>Sham rTMS group will receive all conditions except actual FDA-approved rTMS stimulation protocol.</description>
    <arm_group_label>sham rTMS</arm_group_label>
  </intervention>
  <eligibility>
    <criteria>
      <textblock>
        Inclusion Criteria:

          -  The study will be open to male and females, regardless of race and ethnic origin, who
             are in active treatment for an alcohol use disorder (AUD).

          -  Meet Diagnostic and Statistical Manual of Mental Disorders, 5th Edition criteria for
             AUD, and alcohol is self-identified as primary substance of misuse.

          -  Actively in treatment at VA Palo Alto HCS Addiction Treatment Service, and able to
             read, verbalize understanding, and voluntarily sign the Informed Consent Form prior to
             participation in study procedures.

          -  Participants will be accepted if taking medications specifically for the treatment of
             MDD, cigarette smoking, or for other psychiatric conditions.

               -  as long as the medications are not documented to lower seizure threshold

               -  must be stable on any psychotropic medication for at least 1 month prior to
                  enrollment

               -  it would be clinically contraindicated to require participants to discontinue
                  such medications for research.

          -  Participants will be abstinent from alcohol and non-prescribed substances for at least
             7 consecutive days prior to active or sham rTMS and no participant demonstrates active
             acute withdrawal symptoms.

        Exclusion Criteria:

        Psychiatric:

          -  History of Schizophrenia Spectrum Disorders

          -  Bipolar Disorders

          -  A current substance use disorder that exceeds the severity of the AUD

               -  based on DSM-5 diagnostic criteria

          -  Current use of an FDA approved medication for treatment of AUD, i.e.:

               -  disulfiram

               -  acamprosate

               -  naltrexone

          -  Active current suicidal intent or plan

               -  patients with a previous clinical flag for risk for suicide will be required to
                  have an established safety plan involving their primary psychiatrist and the
                  treatment team before entering the clinical trial

          -  Any form of previous rTMS or electroconvulsive treatment

        Biomedical:

          -  Including but not limited to uncontrolled thyroid disease

          -  Unstable congestive heart failure

          -  Angina

          -  Other severe cardiac illness as defined by treatment regimen changes in the prior 3
             months

          -  Cerebrovascular accident

          -  Cancer if &lt; 1 year since end of treatment

          -  Unstable diabetes

          -  COPD requiring oxygen supplementation

          -  Alzheimer's disease

          -  Parkinson's disease

          -  Any biomedical implants with ferromagnetic content

          -  Neurostimulation devices

          -  Cardiac pacemakers or any magnetic resonance contraindications

          -  Traumatic brain injury with self-reported or observed loss of consciousness &gt; 30
             minutes

          -  Any primary or traumatically induced seizure disorder

        General:

          -  Lack of fluency in English

          -  Wechsler Adult Reading Test below the 7th percentile, i.e.:

               -  moderate or greater impairment in estimated general intelligence

          -  Females who are pregnant or actively attempting pregnancy

               -  conservative exclusion for magnetic resonance research

          -  Current use of any medication or substance that is documented to lower seizure
             threshold or has been identified as a contraindication for rTMS treatment
      </textblock>
    </criteria>
    <gender>All</gender>
    <minimum_age>21 Years</minimum_age>
    <maximum_age>65 Years</maximum_age>
    <healthy_volunteers>No</healthy_volunteers>
  </eligibility>
  <overall_official>
    <last_name>Timothy C. Durazzo, PhD</last_name>
    <role>Principal Investigator</role>
    <affiliation>VA Palo Alto Health Care System, Palo Alto, CA</affiliation>
  </overall_official>
  <overall_contact>
    <last_name>Timothy C Durazzo, PhD</last_name>
    <phone>(650) 493-5000</phone>
    <email>timothy.durazzo@va.gov</email>
  </overall_contact>
  <overall_contact_backup>
    <last_name>Keith N Humphreys, PhD MA</last_name>
    <phone>(650) 493-5000</phone>
    <phone_ext>22814</phone_ext>
    <email>Keith.Humphreys@va.gov</email>
  </overall_contact_backup>
  <location>
    <facility>
      <name>VA Palo Alto Health Care System, Palo Alto, CA</name>
      <address>
        <city>Palo Alto</city>
        <state>California</state>
        <zip>94304-1290</zip>
        <country>United States</country>
      </address>
    </facility>
    <status>Not yet recruiting</status>
    <contact>
      <last_name>Timothy C Durazzo, PhD</last_name>
      <phone>650-493-5000</phone>
      <email>timothy.durazzo@va.gov</email>
    </contact>
    <contact_backup>
      <last_name>Jerome A Yesavage, MD</last_name>
      <phone>(650) 493-5000</phone>
      <phone_ext>65147</phone_ext>
      <email>Jerome.Yesavage@va.gov</email>
    </contact_backup>
    <investigator>
      <last_name>Timothy C. Durazzo, PhD</last_name>
      <role>Principal Investigator</role>
    </investigator>
  </location>
  <location_countries>
    <country>United States</country>
  </location_countries>
  <verification_date>June 2017</verification_date>
  <lastchanged_date>June 15, 2017</lastchanged_date>
  <firstreceived_date>June 2, 2017</firstreceived_date>
  <responsible_party>
    <responsible_party_type>Sponsor</responsible_party_type>
  </responsible_party>
  <keyword>transcranial magnetic stimulation</keyword>
  <keyword>alcohol use disorder</keyword>
  <keyword>neuroimaging</keyword>
  <keyword>relapse</keyword>
  <keyword>Veterans</keyword>
  <condition_browse>
    <!-- CAUTION:  The following MeSH terms are assigned with an imperfect algorithm            -->
    <mesh_term>Disease</mesh_term>
    <mesh_term>Alcohol Drinking</mesh_term>
  </condition_browse>
  <intervention_browse>
    <!-- CAUTION:  The following MeSH terms are assigned with an imperfect algorithm            -->
    <mesh_term>Ethanol</mesh_term>
  </intervention_browse>
  <patient_data>
    <sharing_ipd>Yes</sharing_ipd>
    <ipd_description>Final datasets in machine-readable format will be submitted to PubMed Central, which will permit the easiest access All participants will be assigned a subject code, which will have no relationship to any aspect of identifiable private information. Therefore, the data associated with each participant will be completely de-identified. There will be no mechanism by which public users will be able to re-identify participant data (e.g., name, address) with the subject code.</ipd_description>
  </patient_data>
  <!-- Results have not yet been posted for this study                                          -->
</clinical_study>

