<?xml version="1.0" encoding="UTF-8"?>
<clinical_study rank="210">
  <!-- This xml conforms to an XML Schema at:
    https://clinicaltrials.gov/ct2/html/images/info/public.xsd -->
  <required_header>
    <download_date>ClinicalTrials.gov processed this data on August 15, 2017</download_date>
    <link_text>Link to the current ClinicalTrials.gov record.</link_text>
    <url>https://clinicaltrials.gov/show/NCT02829970</url>
  </required_header>
  <id_info>
    <org_study_id>1R34AA022133-01A1</org_study_id>
    <nct_id>NCT02829970</nct_id>
  </id_info>
  <brief_title>Helping College Students With ADHD Lead Healthier Lifestyles</brief_title>
  <official_title>Behavioral Activation To Reduce Problem Alcohol Use In College Students With ADHD</official_title>
  <sponsors>
    <lead_sponsor>
      <agency>University of Maryland</agency>
      <agency_class>Other</agency_class>
    </lead_sponsor>
    <collaborator>
      <agency>University of Memphis</agency>
      <agency_class>Other</agency_class>
    </collaborator>
  </sponsors>
  <source>University of Maryland</source>
  <oversight_info>
    <has_dmc>No</has_dmc>
  </oversight_info>
  <brief_summary>
    <textblock>
      There are currently no published randomized controlled studies examining psychosocial
      interventions for college students with ADHD, and none specifically targeting AUDs in this
      population at any age, despite the clear indication from emerging research of the need for
      such interventions. In the current study, the investigators will develop BA-based treatment
      intended to increase involvement in healthy, goal-directed activities (e.g., academic,
      recreational or social activities) and to reduce problematic drinking behaviors and other
      risk behaviors (e.g., unsafe sex) among college students with ADHD (Behavioral Activation for
      Attention &amp; Alcohol Disorders; BAAAD). Finalized treatment manuals, altered based on focus
      group feedback, will be tested in a stage I randomized controlled trial (RCT) among 80
      college students randomized to BMI + BAAAD or BMI + supportive counseling (SC). The
      investigators expect that BMI + BAAAD will be successful with college students with ADHD, in
      terms of decreasing the escalation of problematic alcohol use behaviors, as compared to BMI +
      SC. This treatment development study will set the stage for larger-scale RCTs.
    </textblock>
  </brief_summary>
  <detailed_description>
    <textblock>
      College students with Attention-Deficit/Hyperactivity Disorder (ADHD) are particularly
      vulnerable to problematic alcohol use (e.g., excessive alcohol consumption, failure to meet
      responsibilities because of drinking, or injury to self or others as a result of drinking)
      given their developmentally-inappropriate levels of inattention, hyperactivity and
      impulsivity, combined with the lifestyle associated with life on a college campus (including
      increased access to alcohol, decreased structure and parental supervision). Prior research
      demonstrates elevated rates of alcohol related problems and disorders (AUDs) among college
      students with ADHD; 47% of college students with ADHD meet lifetime criteria for alcohol
      abuse and 23% meet criteria for dependence, as compared to 12% and 6% of college students
      from the general population, respectively. There are currently no published randomized
      controlled studies examining psychosocial interventions for college students with ADHD, and
      none specifically targeting AUDs in this population at any age, despite the clear indication
      from emerging research of the need for such interventions. Moreover, brief motivation-based
      alcohol interventions (BMIs) that generally have been successful for college students show
      limited benefits among individuals with elevated impulsivity and poor self-regulation, both
      hallmarks of ADHD, calling for the need to modify BMIs for this vulnerable group. Thus, it is
      crucial to determine core treatment components that are efficacious for treating AUDs and
      that are developmentally-appropriate for college students with ADHD and designed in a manner
      which promotes transportability to the university counseling center setting. Behavioral
      activation (BA) is a brief behavioral approach that aims to increase individuals' contact
      with valued environments through systematic efforts to increase rewarding experiences,
      enjoyment of daily activities, and goal-directed behaviors. BA has been successfully applied
      to substance users in a range of settings, including college students with problematic
      drinking patterns. Importantly, BA has clear relevance for addressing ADHD-related executive
      functioning deficits, which may be associated with an increased propensity for engagement in
      problematic alcohol use. Further, BA teaches individuals to engage in healthy, goal-directed
      rewarding behaviors (e.g., academic, recreational or social activities), rather than relying
      on drinking to provide immediate rewards. Finally, BA is a highly adaptable intervention
      approach. In the current study, the investigators will develop BA-based treatment intended to
      increase involvement in healthy, goal-directed activities (e.g., academic, recreational or
      social activities) and to reduce problematic drinking behaviors and other risk behaviors
      (e.g., unsafe sex) among college students with ADHD (Behavioral Activation for Attention &amp;
      Alcohol Disorders; BAAAD). This treatment will be developed in collaboration with the
      University Counseling Center, to ensure its applicability within this setting, utilizing
      focus group methodology with Center staff. Finalized treatment manuals, altered based on
      focus group feedback, will be tested in a stage I randomized controlled trial (RCT) among 80
      college students randomized to BMI + BAAAD or BMI + supportive counseling (SC). The
      investigators expect that BMI + BAAAD will be successful with college students with ADHD, in
      terms of decreasing the escalation of problematic alcohol use behaviors, as compared to BMI +
      SC. This treatment development study will set the stage for larger-scale RCTs.
    </textblock>
  </detailed_description>
  <overall_status>Recruiting</overall_status>
  <start_date>September 2015</start_date>
  <completion_date type="Anticipated">September 2018</completion_date>
  <primary_completion_date type="Anticipated">June 2018</primary_completion_date>
  <phase>N/A</phase>
  <study_type>Interventional</study_type>
  <has_expanded_access>No</has_expanded_access>
  <study_design_info>
    <allocation>Randomized</allocation>
    <intervention_model>Parallel Assignment</intervention_model>
    <primary_purpose>Treatment</primary_purpose>
    <masking>Single Blind (Participant)</masking>
  </study_design_info>
  <primary_outcome>
    <measure>Brief Young Adult Alcohol Consequences Questionnaire 30 Day</measure>
    <time_frame>Baseline, Post-Treatment (Week 5), 1 Month Follow-up (Week 9), 3 Month Follow-Up (Week 17)</time_frame>
    <description>Changes in problematic drinking behaviors</description>
  </primary_outcome>
  <secondary_outcome>
    <measure>Barkley Functional Impairment Scale-Self Report</measure>
    <time_frame>Baseline, Post-Treatment (Week 5), 1 Month Follow-up (Week 9), 3 Month Follow-Up (Week 17)</time_frame>
    <description>Changes in functional impairment</description>
  </secondary_outcome>
  <secondary_outcome>
    <measure>Alcohol Use Disorders Identification Test</measure>
    <time_frame>Baseline, Post-Treatment (Week 5), 1 Month Follow-up (Week 9), 3 Month Follow-Up (Week 17)</time_frame>
    <description>Changes in problematic drinking behaviors</description>
  </secondary_outcome>
  <secondary_outcome>
    <measure>Beck Depression Inventory-II</measure>
    <time_frame>Baseline, Week 1, Week 2, Week 3, Post-Treatment (Week 5), 1 Month Follow-up (Week 9), 3 Month Follow-Up (Week 17)</time_frame>
    <description>Changes in depressive symptoms</description>
  </secondary_outcome>
  <number_of_arms>2</number_of_arms>
  <enrollment type="Anticipated">80</enrollment>
  <condition>Attention Deficit Hyperactivity Disorder</condition>
  <condition>Alcohol-Related Disorders</condition>
  <condition>Substance-Related Disorders</condition>
  <arm_group>
    <arm_group_label>SUCCEEDS Program</arm_group_label>
    <arm_group_type>Experimental</arm_group_type>
    <description>Participants will meet individually with a research team member for three weekly sessions, two bi-weekly sessions, and complete 1-month and 3-month post treatment follow-ups. Participants will be engaged about personalized alcohol feedback and identify life values and specific activities important to those values.</description>
  </arm_group>
  <arm_group>
    <arm_group_label>Living a Healthy College Lifestyle</arm_group_label>
    <arm_group_type>Active Comparator</arm_group_type>
    <description>Participants will meet individually with a research team member for three weekly sessions, two bi-weekly sessions, and complete 1-month and 3-month post treatment follow-ups. Participants will engage in discussion focused on experiences as an emerging adult.</description>
  </arm_group>
  <intervention>
    <intervention_type>Behavioral</intervention_type>
    <intervention_name>SUCCEEDS Program</intervention_name>
    <description>Participants will receive ADHD Psychoeducation, Brief Motivational Interviewing (BMI) and Behavioral Activation for Attention &amp; Alcohol Disorders (BAAAD).</description>
    <arm_group_label>SUCCEEDS Program</arm_group_label>
  </intervention>
  <intervention>
    <intervention_type>Behavioral</intervention_type>
    <intervention_name>Living a Healthy College Lifestyle</intervention_name>
    <description>Participants will receive ADHD Psychoeducation, BMI and Supportive Counseling (SC).</description>
    <arm_group_label>Living a Healthy College Lifestyle</arm_group_label>
  </intervention>
  <eligibility>
    <criteria>
      <textblock>
        Inclusion Criteria:

          -  Be between the ages of 18-24 years old

          -  Be enrolled full-time at University of Maryland - College Park (UMCP) as an
             undergraduate student

          -  Be fluent in English

          -  Live independently from their parents

          -  Meet full Diagnostic and Statistical Manual - 5th Edition (DSM-5) criteria for ADHD

          -  Meet cutoffs on AUDIT

        Exclusion Criteria:

          -  Bipolar disorder or current psychosis, which would require more immediate/intensive
             treatment

          -  Current engagement in psychosocial therapy thought to interfere with this study
             (including participation in other treatment studies on campus)

          -  Suicidal risk that would place the individual at risk beyond the safety procedure
             available from the research team
      </textblock>
    </criteria>
    <gender>All</gender>
    <minimum_age>18 Years</minimum_age>
    <maximum_age>24 Years</maximum_age>
    <healthy_volunteers>No</healthy_volunteers>
  </eligibility>
  <overall_official>
    <last_name>Andrea Chronis-Tuscano, PhD</last_name>
    <role>Principal Investigator</role>
    <affiliation>University of Maryland - College Park</affiliation>
  </overall_official>
  <overall_contact>
    <last_name>Andrea Chronis-Tuscano, PhD</last_name>
    <phone>301-405-9640</phone>
    <email>achronis@umd.edu</email>
  </overall_contact>
  <location>
    <facility>
      <name>University of Maryland</name>
      <address>
        <city>College Park</city>
        <state>Maryland</state>
        <zip>20742-5141</zip>
        <country>United States</country>
      </address>
    </facility>
    <status>Recruiting</status>
    <contact>
      <last_name>John Vasko, BS</last_name>
      <phone>301-405-4606</phone>
      <email>jvasko@umd.edu</email>
    </contact>
    <contact_backup>
      <last_name>Michael Meinzer, PhD</last_name>
      <phone>301-405-4606</phone>
      <email>mmeinzer@umd.edu</email>
    </contact_backup>
  </location>
  <location_countries>
    <country>United States</country>
  </location_countries>
  <verification_date>July 2016</verification_date>
  <lastchanged_date>July 11, 2016</lastchanged_date>
  <firstreceived_date>July 7, 2016</firstreceived_date>
  <responsible_party>
    <responsible_party_type>Sponsor</responsible_party_type>
  </responsible_party>
  <keyword>Attention Deficit Hyperactivity Disorder</keyword>
  <keyword>Alcohol-Related Disorders</keyword>
  <keyword>Substance-Related Disorders</keyword>
  <keyword>Motivational Interviewing</keyword>
  <keyword>Behavior Therapy</keyword>
  <condition_browse>
    <!-- CAUTION:  The following MeSH terms are assigned with an imperfect algorithm            -->
    <mesh_term>Disease</mesh_term>
    <mesh_term>Attention Deficit Disorder with Hyperactivity</mesh_term>
    <mesh_term>Hyperkinesis</mesh_term>
    <mesh_term>Substance-Related Disorders</mesh_term>
    <mesh_term>Alcohol-Related Disorders</mesh_term>
  </condition_browse>
  <intervention_browse>
    <!-- CAUTION:  The following MeSH terms are assigned with an imperfect algorithm            -->
    <mesh_term>Ethanol</mesh_term>
  </intervention_browse>
  <patient_data>
    <sharing_ipd>No</sharing_ipd>
  </patient_data>
  <!-- Results have not yet been posted for this study                                          -->
</clinical_study>

