<?xml version="1.0" encoding="UTF-8"?>
<clinical_study rank="267">
  <!-- This xml conforms to an XML Schema at:
    https://clinicaltrials.gov/ct2/html/images/info/public.xsd -->
  <required_header>
    <download_date>ClinicalTrials.gov processed this data on August 25, 2017</download_date>
    <link_text>Link to the current ClinicalTrials.gov record.</link_text>
    <url>https://clinicaltrials.gov/show/NCT02153216</url>
  </required_header>
  <id_info>
    <org_study_id>14-0225a</org_study_id>
    <secondary_id>1R01DA037440-01</secondary_id>
    <nct_id>NCT02153216</nct_id>
  </id_info>
  <brief_title>Formative Phase of Reducing Hazardous Alcohol Use &amp; HIV Viral Load</brief_title>
  <acronym>F-REDART</acronym>
  <official_title>Formative Phase of Reducing Hazardous Alcohol Use &amp; HIV Viral Load: An RCT in ART Clinics in Vietnam</official_title>
  <sponsors>
    <lead_sponsor>
      <agency>University of North Carolina, Chapel Hill</agency>
      <agency_class>Other</agency_class>
    </lead_sponsor>
    <collaborator>
      <agency>National Institute on Drug Abuse (NIDA)</agency>
      <agency_class>NIH</agency_class>
    </collaborator>
  </sponsors>
  <source>University of North Carolina, Chapel Hill</source>
  <oversight_info>
    <has_dmc>No</has_dmc>
  </oversight_info>
  <brief_summary>
    <textblock>
      This study is the Formative Phase of a larger study; once this phase is completed, enrollment
      into the randomized controlled trial (RCT Phase) will begin. The primary objective of the
      Formative Phase is to gain a better understanding of the context in which drinking alcohol
      among ART client in Vietnam occurs, in order to culturally tailor the intervention to be
      tested in the RCT Phase. Formative Phase activities will consist of up to 40 in-depth
      interviews with hazardous drinkers who are either: a) ART clients in one of the ART clinics
      in Thai Nguyen, or b) who are people who inject drugs (PWID) that are not recruited from the
      ART clinics (whom we will refer to as general population PWID).
    </textblock>
  </brief_summary>
  <overall_status>Completed</overall_status>
  <start_date>May 2014</start_date>
  <completion_date type="Actual">January 2016</completion_date>
  <primary_completion_date type="Actual">January 2016</primary_completion_date>
  <phase>N/A</phase>
  <study_type>Observational</study_type>
  <has_expanded_access>No</has_expanded_access>
  <study_design_info>
    <observational_model>Cohort</observational_model>
    <time_perspective>Cross-Sectional</time_perspective>
  </study_design_info>
  <primary_outcome>
    <measure>Frequency of heavy drinking episodes</measure>
    <time_frame>during interviews</time_frame>
    <description>This will be an assessment of how and why individuals engage in heavy drinking. As part of this exploration, we will assess:
number of standard drinks consumed on those days that an individual drank
number of days on which alcohol was consumed beyond recommended levels</description>
  </primary_outcome>
  <number_of_groups>1</number_of_groups>
  <enrollment type="Actual">40</enrollment>
  <condition>Alcohol Drinking</condition>
  <condition>Alcohol Use Norms</condition>
  <condition>Alcohol Use Among ART Clients</condition>
  <eligibility>
    <study_pop>
      <textblock>
        ART clients with hazardous alcohol use; PWID in general population with hazardous alcohol
        use
      </textblock>
    </study_pop>
    <sampling_method>Non-Probability Sample</sampling_method>
    <criteria>
      <textblock>
        Inclusion Criteria:

          -  being 18-49 years of age;

          -  having an AUDIT score ≥ 8 (hazardous alcohol use);

          -  being a current ART client at one of the Thai Nguyen ART clinics or a general
             population PWID;

          -  being capable of providing voluntary informed consent.

        Exclusion Criteria:

          -  being unable to participate in study activities due to psychological disturbance,
             cognitive impairment or threatening behavior;

          -  currently participating in other HIV, drug use or alcohol studies.
      </textblock>
    </criteria>
    <gender>All</gender>
    <minimum_age>18 Years</minimum_age>
    <maximum_age>49 Years</maximum_age>
    <healthy_volunteers>No</healthy_volunteers>
  </eligibility>
  <overall_official>
    <last_name>Vivian F Go, PhD</last_name>
    <role>Principal Investigator</role>
    <affiliation>University of North Carolina, Chapel Hill</affiliation>
  </overall_official>
  <location>
    <facility>
      <name>Thai Nguyen Center for Preventive Medicine</name>
      <address>
        <city>Thai Nguyen</city>
        <country>Vietnam</country>
      </address>
    </facility>
  </location>
  <location_countries>
    <country>Vietnam</country>
  </location_countries>
  <verification_date>May 2016</verification_date>
  <lastchanged_date>May 18, 2016</lastchanged_date>
  <firstreceived_date>May 29, 2014</firstreceived_date>
  <responsible_party>
    <responsible_party_type>Sponsor</responsible_party_type>
  </responsible_party>
  <condition_browse>
    <!-- CAUTION:  The following MeSH terms are assigned with an imperfect algorithm            -->
    <mesh_term>Alcohol Drinking</mesh_term>
  </condition_browse>
  <patient_data>
    <sharing_ipd>No</sharing_ipd>
  </patient_data>
  <!-- Results have not yet been posted for this study                                          -->
</clinical_study>

