<?xml version="1.0" encoding="UTF-8"?>
<clinical_study rank="74">
  <!-- This xml conforms to an XML Schema at:
    https://clinicaltrials.gov/ct2/html/images/info/public.xsd -->
  <required_header>
    <download_date>ClinicalTrials.gov processed this data on August 15, 2017</download_date>
    <link_text>Link to the current ClinicalTrials.gov record.</link_text>
    <url>https://clinicaltrials.gov/show/NCT00884884</url>
  </required_header>
  <id_info>
    <org_study_id>NIAAA-Swift-AA015753</org_study_id>
    <secondary_id>NIH Grant 5RO1AA015753-02</secondary_id>
    <nct_id>NCT00884884</nct_id>
  </id_info>
  <brief_title>Aripiprazole and Topiramate on Free-Choice Alcohol Use</brief_title>
  <acronym>AT</acronym>
  <official_title>Aripiprazole and Topiramate on Free-Choice Alcohol Use</official_title>
  <sponsors>
    <lead_sponsor>
      <agency>National Institute on Alcohol Abuse and Alcoholism (NIAAA)</agency>
      <agency_class>NIH</agency_class>
    </lead_sponsor>
    <collaborator>
      <agency>Brown University</agency>
      <agency_class>Other</agency_class>
    </collaborator>
  </sponsors>
  <source>National Institute on Alcohol Abuse and Alcoholism (NIAAA)</source>
  <oversight_info>
    <has_dmc>No</has_dmc>
  </oversight_info>
  <brief_summary>
    <textblock>
      The current study investigates the effects of two potential alcohol treatment medications on
      drinking in a laboratory setting. Aripiprazole (APZ), effects dopamine and serotonin
      receptors with fewer limiting side effects seen with other atypical antipsychotics.
      Topiramate (TPMT), an antiepileptic, affects glutamate and GABA-A receptors and shows promise
      in reducing heavy drinking. Few studies have used two medications with such a diverse
      combination of actions to examine a potential synergistic effect on reducing alcohol
      consumption.

      The primary aims are to:

        1. determine if APZ and TPMT are each more effective than placebo, and the combination of
           APZ and TPMT is more effective than either drug alone or placebo, in reducing alcohol
           use in non-treatment seeking alcohol dependent subjects in a laboratory based alcohol
           self-administration experiment (ASAE)

        2. examine a hypothesized dose-response for three doses of APZ (0, 7.5 mg/d and 15 mg/d)
           along with three doses of TPMT (0, 100mg/d and 200mg/d)

        3. examine the putative mechanisms of action of APZ, TPMT alone and together on craving,
           subjective stimulation, candidate gene influences and other behavioral effects
           associated with alcohol consumption

        4. establish the safety of giving APZ and TPMT together. Non-treatment seeking, alcohol
           dependent Participants (N=216) will be recruited from the community and randomly
           assigned to one of the 9 cells. Subjects drinking and safety is monitored over a 5-week
           titration to their target dose, leading to an in-laboratory alcohol self administration
           session, during which clinical and behavioral effects are assessed during access to
           alcohol. A 1 month follow-up assesses adverse events and drinking.
    </textblock>
  </brief_summary>
  <detailed_description>
    <textblock>
      Due to the modest effect of current pharmacotherapies, more effective treatments must be
      developed to optimally treat alcohol dependent patients. Treatments combining
      pharmacotherapies with different mechanisms of action may better address the diverse
      neurobiology of alcohol and the heterogeneity of alcoholics. However, little is known about
      how medication may affect behavior to reduce drinking. Aripiprazole (APZ), a partial dopamine
      agonist, affects dopamine and serotonin receptors without the limiting side effects seen with
      other atypical antipsychotics. Dopamine mediates reward based drinking and craving.
      Topiramate (TPMT), an antiepileptic, affects glutamate and GABA-A receptors and shows promise
      in reducing heavy drinking. Glutamate and GABA may mediate relief-based drinking and
      protracted withdrawal. Despite strong evidence that multiple neurotransmitters contribute to
      alcoholism, few studies have used two medications with such a diverse combination of actions
      to examine a potential synergistic effect on reducing alcohol consumption.

      The present study will recruit 216 healthy, alcohol-dependent volunteers who are not
      currently seeking treatment for their alcohol dependence to learn more about how these
      medications may work.

      The primary aims are to: (1) determine if APZ and TPMT are each more effective than placebo,
      and the combination of APZ and TPMT is more effective than either drug alone or placebo, in
      reducing alcohol use in non-treatment seeking alcohol dependent subjects in an alcohol self
      administration experiment (ASAE); (2) examine a hypothesized dose-response for three doses of
      APZ (0, 7.5mg/d and 15 mg/d) and three doses of TPMT (0, 100mg/d, 200mg/d); (3) examine the
      putative mechanisms of action of APZ, TPMT alone and together on craving, subjective
      stimulation, candidate gene influences and other behavioral effects associated with alcohol
      consumption; and (4) establish the safety of giving APZ and TPMT together. We will use of a 3
      X 3 drug (7.5mg, 15mg APZ vs. placebo) by drug (100mg, 200mg TPMT vs. placebo)
      between-subjects factorial design. Participants are randomly assigned to one of 9 cells.
      Subjects drinking and safety is monitored over a 5-week titration to their target dose,
      leading to an in-laboratory alcohol self administration session, during which clinical and
      behavioral effects are assessed during access to alcohol. A 1 month follow-up assesses
      adverse events and drinking. The long term objectives of this research are to improve
      medications available for alcoholism treatment and inform research and theory on the
      mechanisms of action of such medications.
    </textblock>
  </detailed_description>
  <overall_status>Completed</overall_status>
  <start_date>September 2007</start_date>
  <completion_date type="Actual">October 2015</completion_date>
  <primary_completion_date type="Actual">October 2015</primary_completion_date>
  <phase>Phase 2/Phase 3</phase>
  <study_type>Interventional</study_type>
  <has_expanded_access>No</has_expanded_access>
  <study_design_info>
    <allocation>Randomized</allocation>
    <intervention_model>Parallel Assignment</intervention_model>
    <primary_purpose>Treatment</primary_purpose>
    <masking>Double Blind (Participant, Care Provider, Investigator, Outcomes Assessor)</masking>
  </study_design_info>
  <primary_outcome>
    <measure>Number of alcoholic drinks consumed in a laboratory setting</measure>
    <time_frame>90 minutes</time_frame>
  </primary_outcome>
  <primary_outcome>
    <measure>Safety and tolerability of the medications singly and in combination, compared to placebo</measure>
    <time_frame>4 years</time_frame>
  </primary_outcome>
  <secondary_outcome>
    <measure>Drinks consumed during the medication titration period</measure>
    <time_frame>4 weeks</time_frame>
  </secondary_outcome>
  <number_of_arms>9</number_of_arms>
  <enrollment type="Actual">90</enrollment>
  <condition>Alcohol Dependence</condition>
  <arm_group>
    <arm_group_label>Double Placebo</arm_group_label>
    <arm_group_type>Placebo Comparator</arm_group_type>
    <description>Placebo, Placebo</description>
  </arm_group>
  <arm_group>
    <arm_group_label>Aripiprazole 15, Placebo</arm_group_label>
    <arm_group_type>Experimental</arm_group_type>
    <description>15 mg Aripiprazole, Placebo</description>
  </arm_group>
  <arm_group>
    <arm_group_label>Aripiprazole 7.5, Placebo</arm_group_label>
    <arm_group_type>Experimental</arm_group_type>
    <description>Aripiprazole 7.5 mg daily plus Placebo daily</description>
  </arm_group>
  <arm_group>
    <arm_group_label>Topiramate 100mg, Placebo</arm_group_label>
    <arm_group_type>Experimental</arm_group_type>
    <description>Topiramate 100 mg daily plus Placebo daily</description>
  </arm_group>
  <arm_group>
    <arm_group_label>Topiramate 200, Placebo</arm_group_label>
    <arm_group_type>Experimental</arm_group_type>
    <description>Topiramate 200 mg daily plus Placebo daily</description>
  </arm_group>
  <arm_group>
    <arm_group_label>Topiramate 100, Aripiprazole 5</arm_group_label>
    <arm_group_type>Experimental</arm_group_type>
    <description>Topiramate 100 daily plus, Aripiprazole 5mg daily</description>
  </arm_group>
  <arm_group>
    <arm_group_label>Topiramate 200, Aripiprazole 15</arm_group_label>
    <arm_group_type>Experimental</arm_group_type>
    <description>Topiramate 200 mg daily plus Aripiprazole 15mg daily</description>
  </arm_group>
  <arm_group>
    <arm_group_label>Topiramate 100, Aripiprazole 7.5</arm_group_label>
    <arm_group_type>Experimental</arm_group_type>
    <description>Topiramate 100 mg daily, Aripiprazole 7.5 mg daily</description>
  </arm_group>
  <arm_group>
    <arm_group_label>Topiramate 200, Aripiprazole 7.5mg</arm_group_label>
    <arm_group_type>Experimental</arm_group_type>
    <description>Topiramate 200 mg daily plus Aripiprazole 7.5mg daily</description>
  </arm_group>
  <intervention>
    <intervention_type>Drug</intervention_type>
    <intervention_name>Double Placebo</intervention_name>
    <description>1 capsule daily</description>
    <arm_group_label>Double Placebo</arm_group_label>
  </intervention>
  <intervention>
    <intervention_type>Drug</intervention_type>
    <intervention_name>Aripiprazole 15, placebo</intervention_name>
    <description>15 mg Aripiprazole daily plus placebo daily</description>
    <arm_group_label>Aripiprazole 15, Placebo</arm_group_label>
    <other_name>Abilify, Topamax</other_name>
  </intervention>
  <intervention>
    <intervention_type>Drug</intervention_type>
    <intervention_name>Aripiprazole 7.5, Placebo</intervention_name>
    <description>Aripiprazole 7.5 mg daily plus Placebo daily</description>
    <arm_group_label>Aripiprazole 7.5, Placebo</arm_group_label>
  </intervention>
  <intervention>
    <intervention_type>Drug</intervention_type>
    <intervention_name>Topiramate 100, Placebo</intervention_name>
    <description>Topiramate 100 mg daily plus Placebo daily</description>
    <arm_group_label>Topiramate 100mg, Placebo</arm_group_label>
  </intervention>
  <intervention>
    <intervention_type>Drug</intervention_type>
    <intervention_name>Topiramate 200, Placebo</intervention_name>
    <description>Topiramate 200 mg daily plus Placebo daily</description>
    <arm_group_label>Topiramate 200, Placebo</arm_group_label>
  </intervention>
  <intervention>
    <intervention_type>Drug</intervention_type>
    <intervention_name>Topiramate 100, Aripiprazole 15</intervention_name>
    <description>Topiramate 100 mg daily plus Aripiprazole 15mg daily</description>
    <arm_group_label>Topiramate 100, Aripiprazole 5</arm_group_label>
    <other_name>Abilify, Topamax</other_name>
  </intervention>
  <intervention>
    <intervention_type>Drug</intervention_type>
    <intervention_name>Topiramate 100, Aripiprazole 7.5</intervention_name>
    <description>Topiramate 100 mg daily plus Aripiprazole 7.5mg daily</description>
    <arm_group_label>Topiramate 100, Aripiprazole 7.5</arm_group_label>
  </intervention>
  <intervention>
    <intervention_type>Drug</intervention_type>
    <intervention_name>Topiramate 100, Aripiprazole 15mg</intervention_name>
    <description>Topiramate 100 mg daily plus Aripiprazole 15mg daily</description>
    <arm_group_label>Topiramate 100, Aripiprazole 5</arm_group_label>
    <other_name>Abilify</other_name>
    <other_name>Topamax</other_name>
  </intervention>
  <intervention>
    <intervention_type>Drug</intervention_type>
    <intervention_name>Topiramate 200, Aripiprazole 7.5mg</intervention_name>
    <description>Topiramate 200 mg daily plus Aripiprazole 7.5mg daily</description>
    <arm_group_label>Topiramate 200, Aripiprazole 7.5mg</arm_group_label>
    <other_name>Abilify</other_name>
    <other_name>Topamax</other_name>
  </intervention>
  <intervention>
    <intervention_type>Drug</intervention_type>
    <intervention_name>Topiramate 200, Aripiprazole 15</intervention_name>
    <description>Topiramate 200mg daily plus Aripiprazole 15mg daily</description>
    <arm_group_label>Topiramate 200, Aripiprazole 15</arm_group_label>
    <other_name>Abilify</other_name>
    <other_name>Topamax</other_name>
  </intervention>
  <eligibility>
    <criteria>
      <textblock>
        Inclusion Criteria:

          -  must be non-treatment seeking for alcohol dependence

          -  a current DSM-IV-TR diagnosis of alcohol dependence supported by the Structured
             Clinical Interview for DSM-IV-TR Axis I Disorders Patient Edition (SCID-I/P a minimum
             of ≥ 35drinks a week for men or ≥ 28 or more drinks a week for women

          -  must be suitable for outpatient treatment

          -  able to read English at an eighth grade level, understand their rights as provided by
             the informed consent, and be willing to sign an informed consent to participate in the
             study

          -  be between 21 and 65 years on age (inclusive)

          -  provide evidence of stable residence in the two months prior to enrollment and no
             plans to move for the next four months

          -  provide a verifiable contact person prior to randomization

          -  be in generally good health as determined by the physical exam, medical history, ECG
             and laboratory tests

          -  have a Body Mass Index &gt;18kg/m2 and &lt; 33 kg/m2

          -  if female, must be postmenopausal practicing an effective method of birth control,
             have negative pregnancy tests at randomization and before the ASAE;

          -  be willing to be adherent to medication dosing.

        Exclusion Criteria:

          -  clinically significant medical abnormalities (i.e. ECG, hematological assessment,
             bilirubin &gt; 150% of the upper limit of normal or ALT or AST elevations &gt;300% the upper
             limit of normal, biochemistry including urinalysis, electrolytes,). (Persons with
             medical conditions that are adequately controlled by their primary care physician will
             not be excluded.)

          -  have significant alcohol withdrawal symptoms (clinical institute withdrawal assessment
             for alcohol revised (CIWA-Ar) &gt;10

          -  a history of suicide; history of renal impairment or nephrolithiasis; creatinine
             clearance of &lt;60 dl/minute

          -  pregnant or lactating or not using an adequate form of birth control

          -  taking other medications that may have an effect on alcohol consumption or are
             carbonic anhydrase inhibitors

          -  clinically significant diseases of the gastrointestinal system or active liver
             disease; subjects compelled to receive treatment to avoid imprisonment or loss of
             employment

          -  previously with a history of adverse reaction or hypersensitivity to either Topiramate
             or aripiprazole

          -  have a diagnosis of with schizophrenia or bipolar disorder and/or taking
             antipsychotics and other drugs that inhibit CYP3A4 or CYP2D6 isoenzymes

          -  history of seizures (e.g. epilepsy)

          -  patients currently diagnosed with a substance dependence diagnosis other than alcohol
             or tobacco

          -  patients who have participated in any clinical trial with an investigational agent
             within the past 30 days

          -  individuals with a reasonable expectation of being institutionalized during the course
             of the trial or pending legal charges

          -  pregnant or nursing women.
      </textblock>
    </criteria>
    <gender>All</gender>
    <minimum_age>18 Years</minimum_age>
    <maximum_age>65 Years</maximum_age>
    <healthy_volunteers>No</healthy_volunteers>
  </eligibility>
  <overall_official>
    <last_name>Robert M Swift, MD, PhD</last_name>
    <role>Principal Investigator</role>
    <affiliation>Brown University</affiliation>
  </overall_official>
  <location>
    <facility>
      <name>Brown University Center for Addiction Studies</name>
      <address>
        <city>Providence</city>
        <state>Rhode Island</state>
        <zip>02903</zip>
        <country>United States</country>
      </address>
    </facility>
  </location>
  <location_countries>
    <country>United States</country>
  </location_countries>
  <verification_date>October 2015</verification_date>
  <lastchanged_date>October 5, 2015</lastchanged_date>
  <firstreceived_date>April 20, 2009</firstreceived_date>
  <responsible_party>
    <responsible_party_type>Principal Investigator</responsible_party_type>
    <investigator_affiliation>National Institute on Alcohol Abuse and Alcoholism (NIAAA)</investigator_affiliation>
    <investigator_full_name>Robert Swift</investigator_full_name>
    <investigator_title>Professor of Psychiatry and Human Behavior</investigator_title>
  </responsible_party>
  <keyword>Alcohol dependence</keyword>
  <keyword>alcohol abuse</keyword>
  <keyword>topiramate</keyword>
  <keyword>aripiprazole</keyword>
  <condition_browse>
    <!-- CAUTION:  The following MeSH terms are assigned with an imperfect algorithm            -->
    <mesh_term>Alcoholism</mesh_term>
  </condition_browse>
  <intervention_browse>
    <!-- CAUTION:  The following MeSH terms are assigned with an imperfect algorithm            -->
    <mesh_term>Ethanol</mesh_term>
    <mesh_term>Aripiprazole</mesh_term>
    <mesh_term>Topiramate</mesh_term>
  </intervention_browse>
  <!-- Results have not yet been posted for this study                                          -->
</clinical_study>

