<?xml version="1.0" encoding="UTF-8"?>
<clinical_study rank="453">
  <!-- This xml conforms to an XML Schema at:
    https://clinicaltrials.gov/ct2/html/images/info/public.xsd -->
  <required_header>
    <download_date>ClinicalTrials.gov processed this data on August 25, 2017</download_date>
    <link_text>Link to the current ClinicalTrials.gov record.</link_text>
    <url>https://clinicaltrials.gov/show/NCT02377726</url>
  </required_header>
  <id_info>
    <org_study_id>2014/1758-31-2</org_study_id>
    <nct_id>NCT02377726</nct_id>
  </id_info>
  <brief_title>Anonymous Treatment on the Internet for Alcohol Dependence: A Randomised, Controlled Trial</brief_title>
  <official_title>Internet Based Treatment for Alcohol Dependence Among Anonymous Help Seekers on the Internet : A Randomized Controlled Trial</official_title>
  <sponsors>
    <lead_sponsor>
      <agency>Karolinska Institutet</agency>
      <agency_class>Other</agency_class>
    </lead_sponsor>
    <collaborator>
      <agency>Public Health Agency of Sweden</agency>
      <agency_class>Other</agency_class>
    </collaborator>
    <collaborator>
      <agency>Center for Psychiatry Research</agency>
      <agency_class>Other</agency_class>
    </collaborator>
  </sponsors>
  <source>Karolinska Institutet</source>
  <oversight_info>
    <has_dmc>No</has_dmc>
  </oversight_info>
  <brief_summary>
    <textblock>
      Internet based self help program with or without support of a counselor is tested among
      anonymous Internet help seekers at an open access website.
    </textblock>
  </brief_summary>
  <detailed_description>
    <textblock>
      A 5 module Internet based self help program based on motivational interviewing and cognitive
      behavioral therapy is tested among anonymous Internet help seekers.The design is a three
      armed randomized controlled study, and outcomes are measured in terms of changes in alcohol
      consumption, problematic alcohol use, alcohol dependence alcohol use disorder, anxiety, as
      well as depression and quality of life. 2400 participants are recruited entirely online from
      an open access website. Consenting participants will be randomized into one of three groups:
      1.Internet based self help program with counselor support, 2.Internet based self help program
      without counselor support or 3. Information about the open access websites resources:
      information on alcohol and health, where you can find treatment and a online discussion
      forum. Follow-up will be conducted online after 3, 6, 12 and 24 months in all three groups.
    </textblock>
  </detailed_description>
  <overall_status>Recruiting</overall_status>
  <start_date>April 2015</start_date>
  <completion_date type="Anticipated">March 2019</completion_date>
  <primary_completion_date type="Anticipated">March 2017</primary_completion_date>
  <phase>N/A</phase>
  <study_type>Interventional</study_type>
  <has_expanded_access>No</has_expanded_access>
  <study_design_info>
    <allocation>Randomized</allocation>
    <intervention_model>Parallel Assignment</intervention_model>
    <primary_purpose>Treatment</primary_purpose>
    <masking>Double (Participant, Outcomes Assessor)</masking>
  </study_design_info>
  <primary_outcome>
    <measure>Time Line Follow Back (TLFB) (Change in total in consumption of alcohol last 7 days)</measure>
    <time_frame>3, 6, 12 and 24 months</time_frame>
    <description>Change in total in consumption of alcohol last 7 days</description>
  </primary_outcome>
  <secondary_outcome>
    <measure>Time Line Follow Back (TLFB) (Change in number of standard drinks per day during last 7 days)</measure>
    <time_frame>3, 6, 12 and 24 months</time_frame>
    <description>Change in number of standard drinks per day during last 7 days</description>
  </secondary_outcome>
  <secondary_outcome>
    <measure>Time Line Follow Back (TLFB) (Change in number of consumption days during last 7 days)</measure>
    <time_frame>3, 6, 12 and 24 months</time_frame>
    <description>Change in number of consumption days during last 7 days</description>
  </secondary_outcome>
  <secondary_outcome>
    <measure>Time Line Follow Back (TLFB) (Change in number of days binge-drinking days during last 7 days)</measure>
    <time_frame>3, 6, 12 and 24 months</time_frame>
    <description>Change in number of days binge-drinking days during last 7 days</description>
  </secondary_outcome>
  <secondary_outcome>
    <measure>Alcohol dependence (ICD-10) (Change in number of criteria for alcohol dependence met)</measure>
    <time_frame>3, 6, 12 and 24 months</time_frame>
    <description>Change in number of criteria for alcohol dependence met</description>
  </secondary_outcome>
  <secondary_outcome>
    <measure>Alcohol Use Disorder (DSM-5) (Change in number of criteria for alcohol use disorder met)</measure>
    <time_frame>3, 6, 12 and 24 months</time_frame>
    <description>Change in number of criteria for alcohol use disorder met</description>
  </secondary_outcome>
  <secondary_outcome>
    <measure>Alcohol Use Identification Test (AUDIT) (Change in total AUDIT score, as a summarized measure of alcohol use)</measure>
    <time_frame>3, 6, 12 and 24 months</time_frame>
    <description>Change in total AUDIT score, as a summarized measure of alcohol use (including alcohol consumption and alcohol-related problems)</description>
  </secondary_outcome>
  <secondary_outcome>
    <measure>Montgomery Asberg Depression Rating Scale - Self report (MADRS-S) (Change in total MADRS-S score)</measure>
    <time_frame>3, 6, 12 and 24 months</time_frame>
    <description>Change in total MADRS-S score, as a summarized measure of depression</description>
  </secondary_outcome>
  <secondary_outcome>
    <measure>Generalised Anxiety Disorder Assessment (GAD-7)</measure>
    <time_frame>3, 6, 12 and 24 months</time_frame>
    <description>Change in total GAD-7 score, as a summarized measure of anxiety</description>
  </secondary_outcome>
  <secondary_outcome>
    <measure>The EuroQol generic health index (EQ5D)</measure>
    <time_frame>3, 6, 12 and 24 months</time_frame>
    <description>Change in total EQ5D score, as a summarized measure of quality of life</description>
  </secondary_outcome>
  <secondary_outcome>
    <measure>Questions about help-seeking behavior</measure>
    <time_frame>3, 6, 12 and 24 months</time_frame>
    <description>Change in help-seeking for alcohol related problems from professionals</description>
  </secondary_outcome>
  <secondary_outcome>
    <measure>Questions about help-seeking behavior (Change in help-seeking for alcohol related problems from family and friends)</measure>
    <time_frame>3, 6, 12 and 24 months</time_frame>
    <description>Change in help-seeking for alcohol related problems from family and friends</description>
  </secondary_outcome>
  <other_outcome>
    <measure>The Readiness Ruler (Scores between 0 and 100)</measure>
    <time_frame>3, 6, 12 and 24 months</time_frame>
    <description>Scores between 0 and 100. In this study, &quot;I am not ready to change my drinking habits&quot; and &quot;I am very much ready to change my drinking habits&quot;.</description>
  </other_outcome>
  <other_outcome>
    <measure>Use of Internet based program and website (Number of visits and number of completed exercises in the Internet based program and website)</measure>
    <time_frame>From baseline to 3 months</time_frame>
    <description>Number of visits and number of completed exercises in the Internet based program and website</description>
  </other_outcome>
  <other_outcome>
    <measure>Working alliance with internet based intervention (eSRS) (4 scale questions on the users alliance with the internet based intervention )</measure>
    <time_frame>2 and 5 weeks</time_frame>
    <description>4 scale questions on the users alliance with the internet based intervention (program and/or website)</description>
  </other_outcome>
  <number_of_arms>3</number_of_arms>
  <enrollment type="Anticipated">2400</enrollment>
  <condition>Alcohol Abuse</condition>
  <condition>Alcohol Dependence</condition>
  <condition>Harmful Alcohol Use</condition>
  <condition>Alcohol Use Disorder</condition>
  <arm_group>
    <arm_group_label>Internet self-help with support</arm_group_label>
    <arm_group_type>Experimental</arm_group_type>
    <description>eChange Alkoholhjälpen is an internet based self help program consisting of 5 modules. Patients will have access to Alkoholhjälpen counselor support through secure comments at every module they complete.</description>
  </arm_group>
  <arm_group>
    <arm_group_label>Internet self-help</arm_group_label>
    <arm_group_type>Experimental</arm_group_type>
    <description>eChange Alkoholhjälpen is an internet based self help program consisting of 5 modules.</description>
  </arm_group>
  <arm_group>
    <arm_group_label>Information</arm_group_label>
    <arm_group_type>Active Comparator</arm_group_type>
    <description>Brief information on resources that can be accessed through the open access website Alkoholhjälpen: Information on alcohol and health, where and how to find treatment and an internet discussion forum.</description>
  </arm_group>
  <intervention>
    <intervention_type>Behavioral</intervention_type>
    <intervention_name>Alkoholhjälpen counselor support</intervention_name>
    <description>Users will have access to counselor support through secure comments at the end of every module they complete in the self help program.</description>
    <arm_group_label>Internet self-help with support</arm_group_label>
  </intervention>
  <intervention>
    <intervention_type>Behavioral</intervention_type>
    <intervention_name>eChange Alkoholhjälpen</intervention_name>
    <description>An internet based intervention program (iCBT) consisting of 5 modules. Fully automated self-help</description>
    <arm_group_label>Internet self-help with support</arm_group_label>
    <arm_group_label>Internet self-help</arm_group_label>
  </intervention>
  <intervention>
    <intervention_type>Behavioral</intervention_type>
    <intervention_name>Alkoholhjälpen</intervention_name>
    <description>A swedish, open access website that includes information on alcohol, on how to find treatment and an internet discussion forum</description>
    <arm_group_label>Information</arm_group_label>
    <other_name>alcoholhjalpen.se, alcohol-help-site</other_name>
  </intervention>
  <eligibility>
    <criteria>
      <textblock>
        Inclusion Criteria:

        AUDIT-score &gt;16 points and/or at least 3 criteria of alcohol dependence (ICD-10)

        Exclusion Criteria:

        Inadequate Swedish language skills No Internet access
      </textblock>
    </criteria>
    <gender>All</gender>
    <minimum_age>18 Years</minimum_age>
    <maximum_age>N/A</maximum_age>
    <healthy_volunteers>No</healthy_volunteers>
  </eligibility>
  <overall_official>
    <last_name>Sven Andreasson, PhD</last_name>
    <role>Principal Investigator</role>
    <affiliation>Karolinska Institutet</affiliation>
  </overall_official>
  <overall_contact>
    <last_name>Magnus H Berman, BSc</last_name>
    <phone>+46 8 12345783</phone>
    <email>magnus.johansson.1@ki.se</email>
  </overall_contact>
  <overall_contact_backup>
    <last_name>Anne H Berman, PhD</last_name>
    <phone>+46 704 24 53 60</phone>
    <email>anne.h.berman@ki.se</email>
  </overall_contact_backup>
  <location>
    <facility>
      <name>Karolinska Institutet, Department of Public Health Sciences</name>
      <address>
        <city>Stockholm</city>
        <zip>17176</zip>
        <country>Sweden</country>
      </address>
    </facility>
    <status>Recruiting</status>
    <contact>
      <last_name>Magnus Johansson, BSc</last_name>
      <phone>+46 8 12345783</phone>
      <email>magnus.johnansson.1@ki.se</email>
    </contact>
    <investigator>
      <last_name>Anne H Berman, PhD</last_name>
      <role>Principal Investigator</role>
    </investigator>
    <investigator>
      <last_name>Sven Andreasson, PhD</last_name>
      <role>Principal Investigator</role>
    </investigator>
    <investigator>
      <last_name>Magnus Johansson, BSc</last_name>
      <role>Sub-Investigator</role>
    </investigator>
    <investigator>
      <last_name>Kristina Sinadinovic, PhD</last_name>
      <role>Sub-Investigator</role>
    </investigator>
    <investigator>
      <last_name>Ulric Hermansson, phD</last_name>
      <role>Sub-Investigator</role>
    </investigator>
  </location>
  <location_countries>
    <country>Sweden</country>
  </location_countries>
  <link>
    <url>https://alkoholhjalpen.se</url>
    <description>Open access website</description>
  </link>
  <link>
    <url>http://ki.se/people/anberm</url>
    <description>Berman's research group profile</description>
  </link>
  <reference>
    <citation>Sinadinovic K, Wennberg P, Johansson M, Berman AH. Targeting individuals with problematic alcohol use via Web-based cognitive-behavioral self-help modules, personalized screening feedback or assessment only: a randomized controlled trial. Eur Addict Res. 2014;20(6):305-18. doi: 10.1159/000362406. Epub 2014 Oct 4.</citation>
    <PMID>25300885</PMID>
  </reference>
  <verification_date>August 2016</verification_date>
  <lastchanged_date>August 29, 2016</lastchanged_date>
  <firstreceived_date>February 26, 2015</firstreceived_date>
  <responsible_party>
    <responsible_party_type>Principal Investigator</responsible_party_type>
    <investigator_affiliation>Karolinska Institutet</investigator_affiliation>
    <investigator_full_name>Anne H Berman</investigator_full_name>
    <investigator_title>Associate Professor</investigator_title>
  </responsible_party>
  <keyword>Randomized Controlled Trial</keyword>
  <keyword>Alcohol</keyword>
  <keyword>Internet</keyword>
  <keyword>Internet based therapy</keyword>
  <keyword>Cognitive behavioral therapy</keyword>
  <condition_browse>
    <!-- CAUTION:  The following MeSH terms are assigned with an imperfect algorithm            -->
    <mesh_term>Alcoholism</mesh_term>
    <mesh_term>Alcohol Drinking</mesh_term>
  </condition_browse>
  <intervention_browse>
    <!-- CAUTION:  The following MeSH terms are assigned with an imperfect algorithm            -->
    <mesh_term>Ethanol</mesh_term>
  </intervention_browse>
  <!-- Results have not yet been posted for this study                                          -->
</clinical_study>

