<?xml version="1.0" encoding="UTF-8"?>
<clinical_study rank="200">
  <!-- This xml conforms to an XML Schema at:
    https://clinicaltrials.gov/ct2/html/images/info/public.xsd -->
  <required_header>
    <download_date>ClinicalTrials.gov processed this data on September 15, 2017</download_date>
    <link_text>Link to the current ClinicalTrials.gov record.</link_text>
    <url>https://clinicaltrials.gov/show/NCT02664727</url>
  </required_header>
  <id_info>
    <org_study_id>UThessaly</org_study_id>
    <nct_id>NCT02664727</nct_id>
  </id_info>
  <brief_title>Effects of Acute Exercise on Various Parameters in Individuals With Alcohol Use Disorders</brief_title>
  <official_title>Effects of Acute Exercise on Psychological, Physiological, Biochemical and Alcohol-related Parameters in Individuals With Alcohol Use Disorders</official_title>
  <sponsors>
    <lead_sponsor>
      <agency>University of Thessaly</agency>
      <agency_class>Other</agency_class>
    </lead_sponsor>
    <collaborator>
      <agency>European Social Fund</agency>
      <agency_class>Other</agency_class>
    </collaborator>
  </sponsors>
  <source>University of Thessaly</source>
  <oversight_info>
    <has_dmc>No</has_dmc>
  </oversight_info>
  <brief_summary>
    <textblock>
      The purpose of this research is to examine the effects of exercise of different intensities
      on psychological, physiological, biochemical, physiological and alcohol-related parameters in
      individuals with alcohol use disorders (heavy drinkers and alcoholic patients) in order to
      investigate possible biochemical mechanisms by which exercise may be a healthy alternative to
      alcohol abuse. For that purpose, a control group of individuals that do not exceed the limits
      for moderate alcohol use will be included.
    </textblock>
  </brief_summary>
  <detailed_description>
    <textblock>
      The mechanism of incentives that lead people to unhealthy habits such as excessive alcohol
      consumption is not only social, personal, and psychological, but also associated with
      neurochemical and neurobiological mechanisms.

      Several programs have been developed to stop excessive drinking, but the success rates are
      small, while the relapse rates are very high, reaching up to 90%. Although there is some
      evidence for the beneficial effects of exercise on alcohol use disorders (AUDs), research is
      limited. The present study investigates whether exercise could be a safe adjunct therapy for
      alcohol abuse cessation, and the possible mechanisms involved.

      One of the basic assumptions is that the appropriate form of exercise in individuals with
      AUDs will contribute to the secretion of beta-endorphin, which in combination with
      psychological pleasure, vitality, change of mood, reduced stress, increased confidence, and
      the shift of attention will help people to follow healthy lifestyles and abhor alcohol.

      The research project is divided in three phases. In the first phase, (current study) the
      effect of acute exercise in critical psychological, physiological, biochemical and
      alcohol-related parameters associated with excessive alcohol consumption will be examined. In
      the second phase, a long-term exercise program in conjunction with psychological support
      strategies aimed at alcohol abuse cessation will be developed, implemented and evaluated.
      Finally, in the third phase, based on the results of the previous phases, awareness programs
      in adolescent and adult populations will be designed and implemented as well as the
      dissemination of results and evaluation of the project will take place.
    </textblock>
  </detailed_description>
  <overall_status>Completed</overall_status>
  <start_date>January 2014</start_date>
  <completion_date type="Actual">June 2014</completion_date>
  <primary_completion_date type="Actual">March 2014</primary_completion_date>
  <phase>N/A</phase>
  <study_type>Interventional</study_type>
  <has_expanded_access>No</has_expanded_access>
  <study_design_info>
    <allocation>Non-Randomized</allocation>
    <intervention_model>Parallel Assignment</intervention_model>
    <primary_purpose>Treatment</primary_purpose>
    <masking>None (Open Label)</masking>
  </study_design_info>
  <primary_outcome>
    <measure>Changes in Urge to drink score</measure>
    <time_frame>Before (0 min) and after exercise trial (30 min)</time_frame>
    <description>According to questionnaire</description>
  </primary_outcome>
  <primary_outcome>
    <measure>Changes in Beta-endorphin levels</measure>
    <time_frame>Before (0 min) and after exercise trial (30 min)</time_frame>
    <description>Measured by radioimmunoassay (RIA)</description>
  </primary_outcome>
  <primary_outcome>
    <measure>Changes in Cortisol levels</measure>
    <time_frame>Before (0 min) and after exercise trial (30 min)</time_frame>
    <description>Measured by radioimmunoassay (RIA)</description>
  </primary_outcome>
  <primary_outcome>
    <measure>Changes in Adrenocorticotrophic hormone (ACTH) levels</measure>
    <time_frame>Before (0 min) and after exercise trial (30 min)</time_frame>
    <description>Measured by radioimmunoassay (RIA)</description>
  </primary_outcome>
  <primary_outcome>
    <measure>Changes in Catecholamines (epinephrine, norepinephrine, dopamine) levels</measure>
    <time_frame>Before (0 min) and after exercise trial (30 min)</time_frame>
    <description>Measured by radioimmunoassay (RIA)</description>
  </primary_outcome>
  <primary_outcome>
    <measure>Changes in C-reactive protein (CRP) levels</measure>
    <time_frame>Before (0 min) and after exercise trial (30 min)</time_frame>
    <description>Semi-quantitative estimation with CRP Latex test kit</description>
  </primary_outcome>
  <primary_outcome>
    <measure>Changes in Complete blood count values</measure>
    <time_frame>Before (0 min) and after exercise trial (30 min)</time_frame>
    <description>Autoanalyzer</description>
  </primary_outcome>
  <primary_outcome>
    <measure>Changes in Lactic acid levels</measure>
    <time_frame>Before (0 min) and after exercise trial (30 min)</time_frame>
    <description>Measured using photometry</description>
  </primary_outcome>
  <primary_outcome>
    <measure>Changes in Erythrocyte sedimentation rate (ESR) values</measure>
    <time_frame>Before (0 min) and after exercise trial (30 min)</time_frame>
    <description>Wintrobe Method</description>
  </primary_outcome>
  <primary_outcome>
    <measure>Changes in γ-Glutamyltransferase (GGT) levels</measure>
    <time_frame>Before (0 min) and after exercise trial (30 min)</time_frame>
    <description>Measured with commercial kit</description>
  </primary_outcome>
  <primary_outcome>
    <measure>Changes in Aspartate Aminotransferase (AST) levels</measure>
    <time_frame>Before (0 min) and after exercise trial (30 min)</time_frame>
    <description>Measured with commercial kit</description>
  </primary_outcome>
  <primary_outcome>
    <measure>Changes in Alanine Aminotransferase (ALT) levels</measure>
    <time_frame>Before (0 min) and after exercise trial (30 min)</time_frame>
    <description>Measured with commercial kit</description>
  </primary_outcome>
  <secondary_outcome>
    <measure>Sit and reach flexibility test for the hamstrings muscles and lower back</measure>
    <time_frame>Before trial (baseline)</time_frame>
    <description>Each participant sits on the floor with legs stretched out straight ahead, reaches out and holds that position for at 1-2 seconds while the distance is recorded.</description>
  </secondary_outcome>
  <secondary_outcome>
    <measure>Grip strength</measure>
    <time_frame>Before trial (baseline)</time_frame>
    <description>Handgrip strength test</description>
  </secondary_outcome>
  <secondary_outcome>
    <measure>Number of push-ups performed in one minute</measure>
    <time_frame>Before trial (baseline)</time_frame>
  </secondary_outcome>
  <secondary_outcome>
    <measure>Number of sit-ups performed until exhaustion</measure>
    <time_frame>Before trial (baseline)</time_frame>
  </secondary_outcome>
  <number_of_arms>2</number_of_arms>
  <enrollment type="Actual">13</enrollment>
  <condition>Heavy Drinking</condition>
  <condition>Alcohol Abuse</condition>
  <condition>Alcohol Dependence</condition>
  <condition>Alcohol Use Disorder</condition>
  <arm_group>
    <arm_group_label>Heavy drinkers</arm_group_label>
    <arm_group_type>Experimental</arm_group_type>
    <description>The effects of acute exercise in heavy drinkers. Participants will cycle on ergometer for 30 min at 50-60% of Heart Rate Reserve (HRR).</description>
  </arm_group>
  <arm_group>
    <arm_group_label>Alcoholic patients</arm_group_label>
    <arm_group_type>Experimental</arm_group_type>
    <description>The effects of acute exercise in alcoholic patients. Participants will cycle on ergometer for 30 min at 55-60% of Heart Rate maximal (HRmax).</description>
  </arm_group>
  <intervention>
    <intervention_type>Behavioral</intervention_type>
    <intervention_name>The effects of acute exercise in heavy drinkers</intervention_name>
    <description>A group of heavy drinkers and a group of healthy controls (individuals without alcohol use disorders) will cycle on a cycle ergometer for 30 min at 50-60% of HRR. Before and immediately after exercise blood will be drawn and psychological and physiological parameters will be measured.</description>
    <arm_group_label>Heavy drinkers</arm_group_label>
  </intervention>
  <intervention>
    <intervention_type>Behavioral</intervention_type>
    <intervention_name>The effects of acute exercise in alcoholic patients</intervention_name>
    <description>A group of alcoholic patients (10-14 days after detoxification) and a group of healthy controls (individuals without alcohol use disorders) will cycle on a cycle ergometer for 30 min at 55-60% of HRmax. Before and immediately after exercise blood will be drawn and psychological and physiological parameters will be measured.</description>
    <arm_group_label>Alcoholic patients</arm_group_label>
  </intervention>
  <eligibility>
    <criteria>
      <textblock>
        For alcoholics:

        Inclusion Criteria:

          -  Confirmed alcohol addiction according to Diagnostic and Statistical Manual of Mental
             Disorders (DSM-IV) criteria in the past, after detoxification phase, lack of
             dependence on other substances

          -  Alcohol Use Disorders Identification Test (AUDIT) score&gt;20

        Exclusion Criteria:

          -  Medical conditions or medication use that would preclude participation in aerobic
             exercise

        For heavy drinkers:

        Inclusion Criteria:

          -  Men drinking &gt;14 drinks/week or &gt;4 drinks/occasion; Women drinking &gt;7 drinks/week or
             &gt;4 drinks/occasion (1 drink = 14 grams of pure alcohol; definition of the National
             Institute on Alcohol Abuse and Alcoholism (NIAAA) for drinking at low risk for
             developing an AUD; NIAAA, 2014)

          -  Individuals drinking 5 or more drinks on the same occasion on each of 5 or more days
             in the past 30 days (1 drink = 14 grams of pure alcohol; definition of the Substance
             Abuse and Mental Health Services Administration for heavy drinking; NIAAA, 2014)

          -  AUDIT score&gt;8

        Exclusion Criteria:

          -  Medical conditions or medication use that would preclude participation in aerobic
             exercise

        For healthy controls:

        Inclusion Criteria:

          -  Men drinking &lt;14 drinks/week or &lt;4 drinks/occasion; Women drinking &lt;7 drinks/week or
             &lt;4 drinks/occasion (1 drink = 14 grams of pure alcohol; definition of the NIAAA for
             drinking at low risk for developing an AUD; NIAAA, 2014)

          -  Individuals drinking &lt;5 drinks on the same occasion on each of 5 or more days in the
             past 30 days (1 drink = 14 grams of pure alcohol; definition of the Substance Abuse
             and Mental Health Services Administration for heavy drinking; NIAAA, 2014)

          -  AUDIT score&lt;8

        Exclusion Criteria:

          -  Medical conditions or medication use that would preclude participation in aerobic
             exercise
      </textblock>
    </criteria>
    <gender>All</gender>
    <minimum_age>18 Years</minimum_age>
    <maximum_age>65 Years</maximum_age>
    <healthy_volunteers>Accepts Healthy Volunteers</healthy_volunteers>
  </eligibility>
  <overall_official>
    <last_name>Yannis Theodorakis, PhD</last_name>
    <role>Study Chair</role>
    <affiliation>University of Thessaly</affiliation>
  </overall_official>
  <results_reference>
    <citation>Georgakouli K, Manthou E, Fatouros IG, Deli CK, Spandidos DA, Tsatsakis AM, Kouretas D, Koutedakis Y, Theodorakis Y, Jamurtas AZ. Effects of acute exercise on liver function and blood redox status in heavy drinkers. Exp Ther Med. 2015 Dec;10(6):2015-2022. Epub 2015 Oct 13.</citation>
    <PMID>26668589</PMID>
  </results_reference>
  <verification_date>January 2016</verification_date>
  <lastchanged_date>January 27, 2016</lastchanged_date>
  <firstreceived_date>January 15, 2016</firstreceived_date>
  <responsible_party>
    <responsible_party_type>Principal Investigator</responsible_party_type>
    <investigator_affiliation>University of Thessaly</investigator_affiliation>
    <investigator_full_name>Athanasios Z. Jamurtas</investigator_full_name>
    <investigator_title>Dr</investigator_title>
  </responsible_party>
  <keyword>alcohol</keyword>
  <keyword>alcohol abuse</keyword>
  <keyword>alcohol dependence</keyword>
  <keyword>alcohol use disorder</keyword>
  <keyword>heavy drinking</keyword>
  <keyword>alcohol abuse cessation</keyword>
  <condition_browse>
    <!-- CAUTION:  The following MeSH terms are assigned with an imperfect algorithm            -->
    <mesh_term>Disease</mesh_term>
    <mesh_term>Alcoholism</mesh_term>
    <mesh_term>Alcohol Drinking</mesh_term>
  </condition_browse>
  <intervention_browse>
    <!-- CAUTION:  The following MeSH terms are assigned with an imperfect algorithm            -->
    <mesh_term>Ethanol</mesh_term>
  </intervention_browse>
  <patient_data>
    <sharing_ipd>No</sharing_ipd>
  </patient_data>
  <!-- Results have not yet been posted for this study                                          -->
</clinical_study>

