<?xml version="1.0" encoding="UTF-8"?>
<clinical_study rank="41">
  <!-- This xml conforms to an XML Schema at:
    https://clinicaltrials.gov/ct2/html/images/info/public.xsd -->
  <required_header>
    <download_date>ClinicalTrials.gov processed this data on August 29, 2017</download_date>
    <link_text>Link to the current ClinicalTrials.gov record.</link_text>
    <url>https://clinicaltrials.gov/show/NCT02025998</url>
  </required_header>
  <id_info>
    <org_study_id>IBUD</org_study_id>
    <secondary_id>R21AA022214</secondary_id>
    <nct_id>NCT02025998</nct_id>
  </id_info>
  <brief_title>Development of Ibudilast for Alcohol Use Disorder</brief_title>
  <official_title>Development of Ibudilast as a Novel Treatment for Alcohol Dependence</official_title>
  <sponsors>
    <lead_sponsor>
      <agency>University of California, Los Angeles</agency>
      <agency_class>Other</agency_class>
    </lead_sponsor>
    <collaborator>
      <agency>National Institute on Alcohol Abuse and Alcoholism (NIAAA)</agency>
      <agency_class>NIH</agency_class>
    </collaborator>
  </sponsors>
  <source>University of California, Los Angeles</source>
  <oversight_info>
    <has_dmc>Yes</has_dmc>
  </oversight_info>
  <brief_summary>
    <textblock>
      The objective of this proposal is to advance medication development for alcoholism by
      conducting a safety and initial efficacy study of ibudilast, a neuroimmune modulator and
      phosphodiesterase inhibitor, for alcohol use disorders.
    </textblock>
  </brief_summary>
  <detailed_description>
    <textblock>
      Alcohol dependence (AD) is a chronic and relapsing condition affecting 10 million Americans.
      To date, only four pharmacotherapies are approved by the FDA for the treatment of alcoholism
      and their efficacy is modest. Therefore, medication development for AD represents a high
      priority area. Ibudilast (IBUD) is a glial cell modulator that inhibits phosphodiesterases
      (PDE) -4 and -10 and macrophage migration inhibitory factor (MIF). Preclinical data suggest
      that neuroimmune modulation is critical to the rewarding properties of drugs of abuse,
      including alcohol. Further, IBUD has been shown to enhance GDNF release in vivo and GDNF
      modulation has been implicated in alcohol reinstatement in animals, while PDE inhibition has
      been shown to reduce alcohol intake in mice. Together, these findings suggest that
      neuroimmune modulation constitutes a novel target for the treatment of alcoholism. The
      objective of this study is to advance medication development for alcoholism by conducting an
      initial Phase II study of IBUD for AD. Specifically, the proposed study consists of a
      randomized, double-blind, placebo-controlled within-subject crossover design to determine the
      safety, tolerability, and initial human laboratory efficacy of IBUD in a sample of 24
      non-treatment seeking individuals with either alcohol abuse or dependence treated with IBUD
      (50mg BID) and placebo. Participants will complete two separate 7-day inpatient stays at the
      UCLA CTRC during which they will take the study medication, complete an IV alcohol challenge,
      and take part in a stress-exposure and cue-exposure paradigms. Specific aims are to test
      whether IBUD (a) is safe in the context of alcohol administration, (b) attenuates
      alcohol-induced reinforcement, and (c) dampens stress-induced and cue-induced alcohol
      craving. In sum, this study will efficiently evaluate safety and initial efficacy of IBUD
      thereby screening novel medications for AD and elucidating potential mechanisms by which IBUD
      may be clinically efficacious. Results from this study will inform whether a randomized
      controlled trial of IBUD for alcoholism is warranted.
    </textblock>
  </detailed_description>
  <overall_status>Completed</overall_status>
  <start_date>December 2013</start_date>
  <completion_date type="Actual">June 2015</completion_date>
  <primary_completion_date type="Actual">June 2015</primary_completion_date>
  <phase>Phase 1</phase>
  <study_type>Interventional</study_type>
  <has_expanded_access>No</has_expanded_access>
  <study_design_info>
    <allocation>Randomized</allocation>
    <intervention_model>Crossover Assignment</intervention_model>
    <primary_purpose>Treatment</primary_purpose>
    <masking>Triple (Participant, Investigator, Outcomes Assessor)</masking>
  </study_design_info>
  <primary_outcome>
    <measure>Subjective response to alcohol</measure>
    <time_frame>During the alcohol administration and observation period which is expected to last a total of 4 hours</time_frame>
    <description>Biphasic Alcohol Effects Scale (BAES) Alcohol Urge Questionnaire (AUQ)</description>
  </primary_outcome>
  <secondary_outcome>
    <measure>Stress-Induced Craving</measure>
    <time_frame>During the stress exposure and observation period which is expected to last a total of 2 hours</time_frame>
    <description>Alcohol Urge Questionnaire (AUQ) &amp; Differential Emotion Scale (DES)</description>
  </secondary_outcome>
  <secondary_outcome>
    <measure>Cue-Induced Alcohol Craving</measure>
    <time_frame>During the cue-exposure and observation period which is expected to last a total of 2 hours</time_frame>
    <description>Alcohol Urge Questionnaire (AUQ)</description>
  </secondary_outcome>
  <number_of_arms>2</number_of_arms>
  <enrollment type="Actual">24</enrollment>
  <condition>Alcohol Use Disorders</condition>
  <arm_group>
    <arm_group_label>Ibudilast</arm_group_label>
    <arm_group_type>Experimental</arm_group_type>
    <description>Ibudilast will be administered for 7 days at the target dose of 50 mg/bid</description>
  </arm_group>
  <arm_group>
    <arm_group_label>Sugar pill</arm_group_label>
    <arm_group_type>Placebo Comparator</arm_group_type>
    <description>Placebo pills will be administered for 7 days and taken twice daily</description>
  </arm_group>
  <intervention>
    <intervention_type>Drug</intervention_type>
    <intervention_name>Ibudilast</intervention_name>
    <description>Ibudilast is a glial cell modulator that inhibits phosphodiesterases -4 and -10 and macrophage migration inhibitory factor.</description>
    <arm_group_label>Ibudilast</arm_group_label>
    <other_name>MN-166, AV411</other_name>
  </intervention>
  <intervention>
    <intervention_type>Other</intervention_type>
    <intervention_name>Matched placebo</intervention_name>
    <description>A matched placebo (suggar pill) will be administered as a control condition.</description>
    <arm_group_label>Sugar pill</arm_group_label>
    <other_name>Suggar pill</other_name>
  </intervention>
  <eligibility>
    <criteria>
      <textblock>
        Inclusion Criteria:

          -  age between 21 and 65

          -  meet DSM-IV diagnostic criteria for alcohol abuse or dependence

          -  report drinking at least 48 standard drinks in a 30-day period, during the 90 days
             before enrollment

        Exclusion Criteria:

          -  current treatment for alcohol problems, a history of treatment in the 30 days before
             enrollment or current treatment seeking;

          -  current (last 12 months) DSM-IV diagnosis of dependence on any psychoactive substances
             other than alcohol and nicotine;

          -  lifetime DSM-IV diagnosis of schizophrenia, bipolar disorder, or any psychotic
             disorder;

          -  positive urine screen for narcotics, amphetamines, or sedative hypnotics;

          -  serious alcohol withdrawal symptoms as indicated by a score ≥ 10 on the Clinical
             Institute Withdrawal Assessment for Alcohol-Revised (CIWA-R);

          -  pregnancy, nursing, or refusal to use reliable method of birth control (if female);

          -  medical condition that may interfere with safe study participation (e.g., unstable
             cardiac, renal, or liver disease, uncontrolled hypertension or diabetes);

          -  AST, ALT, or GGT ≥ 3 times upper normal limit;

          -  attempted suicide in the past 3 years and/or serious suicidal intention or plan in the
             past year;

          -  currently on prescription medication that contraindicates use of IBUD;

          -  any other circumstances that, in the opinion of the investigators, compromises
             participant safety
      </textblock>
    </criteria>
    <gender>All</gender>
    <minimum_age>21 Years</minimum_age>
    <maximum_age>65 Years</maximum_age>
    <healthy_volunteers>No</healthy_volunteers>
  </eligibility>
  <overall_official>
    <last_name>Lara Ray, PhD</last_name>
    <role>Principal Investigator</role>
    <affiliation>University of California, Los Angeles</affiliation>
  </overall_official>
  <location>
    <facility>
      <name>UCLA Addictions Laboratory</name>
      <address>
        <city>Los Angeles</city>
        <state>California</state>
        <zip>90095</zip>
        <country>United States</country>
      </address>
    </facility>
  </location>
  <location_countries>
    <country>United States</country>
  </location_countries>
  <link>
    <url>http://addictions.psych.ucla.edu</url>
    <description>UCLA Addictions Laboratory</description>
  </link>
  <verification_date>February 2016</verification_date>
  <lastchanged_date>February 19, 2016</lastchanged_date>
  <firstreceived_date>December 19, 2013</firstreceived_date>
  <responsible_party>
    <responsible_party_type>Principal Investigator</responsible_party_type>
    <investigator_affiliation>University of California, Los Angeles</investigator_affiliation>
    <investigator_full_name>Lara Ray</investigator_full_name>
    <investigator_title>Associate Professor</investigator_title>
  </responsible_party>
  <keyword>ibudilast, alcoholism</keyword>
  <condition_browse>
    <!-- CAUTION:  The following MeSH terms are assigned with an imperfect algorithm            -->
    <mesh_term>Alcohol Drinking</mesh_term>
  </condition_browse>
  <intervention_browse>
    <!-- CAUTION:  The following MeSH terms are assigned with an imperfect algorithm            -->
    <mesh_term>Ibudilast</mesh_term>
  </intervention_browse>
  <patient_data>
    <sharing_ipd>No</sharing_ipd>
  </patient_data>
  <!-- Results have not yet been posted for this study                                          -->
</clinical_study>

