<?xml version="1.0" encoding="UTF-8"?>
<clinical_study rank="306">
  <!-- This xml conforms to an XML Schema at:
    https://clinicaltrials.gov/ct2/html/images/info/public.xsd -->
  <required_header>
    <download_date>ClinicalTrials.gov processed this data on September 01, 2017</download_date>
    <link_text>Link to the current ClinicalTrials.gov record.</link_text>
    <url>https://clinicaltrials.gov/show/NCT02461927</url>
  </required_header>
  <id_info>
    <org_study_id>MHBB-009-16F</org_study_id>
    <secondary_id>GY 0002</secondary_id>
    <nct_id>NCT02461927</nct_id>
  </id_info>
  <brief_title>Ketamine for the Rapid Treatment of Major Depressive Disorder and Alcohol Use Disorder</brief_title>
  <official_title>Ketamine for The Rapid Treatment of Major Depression and Alcohol Use Disorder</official_title>
  <sponsors>
    <lead_sponsor>
      <agency>VA Office of Research and Development</agency>
      <agency_class>U.S. Fed</agency_class>
    </lead_sponsor>
  </sponsors>
  <source>VA Office of Research and Development</source>
  <oversight_info>
    <has_dmc>No</has_dmc>
  </oversight_info>
  <brief_summary>
    <textblock>
      The investigators propose an 8-week, randomized, double-blind, placebo-controlled,
      between-subjects trial in which repeated ketamine treatment (0.5 mg/kg; once a week for 4
      weeks; a total of 4 ketamine infusions) will be evaluated for safety and efficacy. First,
      prior to the double-blind trial, the investigators will conduct an open-label trial that will
      include 5 patients with comorbid major depressive disorder (MDD) and alcohol use disorder
      (AUD) to test safety and efficacy of repeated ketamine treatment (0.5 mg/kg; once a week for
      4 weeks; a total of 4 ketamine infusions) with a follow-up of 4 weeks. Second, after
      reviewing the safety and efficacy of repeated ketamine treatment from the open-label trial,
      the investigators will conduct an 8-week, randomized, double-blind, placebo-controlled trial
      that will include 60 patients with comorbid MDD and AUD to test safety and efficacy of
      repeated ketamine treatment (0.5 mg/kg; once a week for 4 weeks; a total of 4 ketamine
      infusions) with a follow-up of 4 weeks. The 4-month follow-up session will also occur.
    </textblock>
  </brief_summary>
  <overall_status>Recruiting</overall_status>
  <start_date type="Actual">January 1, 2015</start_date>
  <completion_date type="Anticipated">June 2021</completion_date>
  <primary_completion_date type="Anticipated">June 2021</primary_completion_date>
  <phase>Phase 1/Phase 2</phase>
  <study_type>Interventional</study_type>
  <has_expanded_access>No</has_expanded_access>
  <study_design_info>
    <allocation>Randomized</allocation>
    <intervention_model>Parallel Assignment</intervention_model>
    <primary_purpose>Treatment</primary_purpose>
    <masking>Quadruple (Participant, Care Provider, Investigator, Outcomes Assessor)</masking>
  </study_design_info>
  <primary_outcome>
    <measure>Montgomery-Asberg Depression Rating Scale (MADRS)</measure>
    <time_frame>Day 21</time_frame>
  </primary_outcome>
  <primary_outcome>
    <measure>Time Line Follow Back (TLFB)</measure>
    <time_frame>Day 28</time_frame>
    <description>Rate of complete abstinence from alcohol</description>
  </primary_outcome>
  <number_of_arms>2</number_of_arms>
  <enrollment type="Anticipated">65</enrollment>
  <condition>Major Depressive Disorder</condition>
  <condition>Alcohol Use Disorder</condition>
  <arm_group>
    <arm_group_label>Ketamine</arm_group_label>
    <arm_group_type>Experimental</arm_group_type>
    <description>Subjects in this arm will receive ketamine treatment once a week for 4 weeks (a total of 4 infusions) with a follow-up of 4 weeks.</description>
  </arm_group>
  <arm_group>
    <arm_group_label>Placebo (psychoactive placebo midazolam)</arm_group_label>
    <arm_group_type>Placebo Comparator</arm_group_type>
    <description>Subjects in this arm will receive placebo treatment (psychoactive placebo midazolam) once a week for 4 weeks (a total of 4 infusions) with a follow-up of 4 weeks.</description>
  </arm_group>
  <intervention>
    <intervention_type>Drug</intervention_type>
    <intervention_name>Ketamine</intervention_name>
    <description>Subjects in this arm will receive intravenous ketamine (0.5 mg/kg) once a week for 4 weeks (a total of 4 infusions)</description>
    <arm_group_label>Ketamine</arm_group_label>
  </intervention>
  <intervention>
    <intervention_type>Drug</intervention_type>
    <intervention_name>Placebo (psychoactive placebo midazolam)</intervention_name>
    <description>Subjects in this arm will receive intravenous psychoactive placebo midazolam (0.045 mg/kg) once a week for 4 weeks (a total of 4 infusions)</description>
    <arm_group_label>Placebo (psychoactive placebo midazolam)</arm_group_label>
  </intervention>
  <eligibility>
    <criteria>
      <textblock>
        Inclusion Criteria:

          1. male or female veterans, 21-65 years old

          2. current major depressive disorder without psychotic features by DSM-5

          3. Montgomery- sberg Depression Rating Scale (MADRS) 20

          4. a minimum of 4 of 11 current alcohol use disorder symptoms by DSM-5

          5. heavy drinking at least 4 times in the past month ('heavy drinking' defined as 5
             standard drinks per day for men and 4 standard drinks per day for women)

          6. able to provide written informed consent

        Exclusion Criteria:

          1. current substance use disorder by DSM-5 in the past 3 months (except alcohol, tobacco,
             or cannabis)

          2. current or past history of psychotic features or psychotic disorder

          3. current dementia or PTSD

          4. current uncontrolled hypertension (systolic BP &gt; 170 mm Hg or diastolic BP &gt; 100 mm
             Hg)

          5. unstable medical condition, allergy to ketamine, midazolam, or lorazepam---clinically
             determined by a physician

          6. imminent suicidal or homicidal risk

          7. pregnant or nursing women, positive pregnancy test, or inadequate birth control
             methods in women of childbearing potential
      </textblock>
    </criteria>
    <gender>All</gender>
    <minimum_age>21 Years</minimum_age>
    <maximum_age>65 Years</maximum_age>
    <healthy_volunteers>No</healthy_volunteers>
  </eligibility>
  <overall_official>
    <last_name>Gihyun Yoon, MD</last_name>
    <role>Principal Investigator</role>
    <affiliation>VA Connecticut Healthcare System West Haven Campus, West Haven, CT</affiliation>
  </overall_official>
  <overall_contact>
    <last_name>Gihyun Yoon, MD</last_name>
    <phone>(203) 932-5711</phone>
    <phone_ext>7421</phone_ext>
    <email>gihyun.yoon@va.gov</email>
  </overall_contact>
  <location>
    <facility>
      <name>VA Connecticut Healthcare System West Haven Campus, West Haven, CT</name>
      <address>
        <city>West Haven</city>
        <state>Connecticut</state>
        <zip>06516</zip>
        <country>United States</country>
      </address>
    </facility>
    <status>Recruiting</status>
    <contact>
      <last_name>Gihyun Yoon, MD</last_name>
      <phone>203-932-5711</phone>
      <phone_ext>7421</phone_ext>
      <email>gihyun.yoon@va.gov</email>
    </contact>
    <investigator>
      <last_name>Gihyun Yoon, MD</last_name>
      <role>Principal Investigator</role>
    </investigator>
  </location>
  <location_countries>
    <country>United States</country>
  </location_countries>
  <verification_date>March 2017</verification_date>
  <lastchanged_date>March 21, 2017</lastchanged_date>
  <firstreceived_date>June 1, 2015</firstreceived_date>
  <responsible_party>
    <responsible_party_type>Sponsor</responsible_party_type>
  </responsible_party>
  <condition_browse>
    <!-- CAUTION:  The following MeSH terms are assigned with an imperfect algorithm            -->
    <mesh_term>Disease</mesh_term>
    <mesh_term>Depressive Disorder</mesh_term>
    <mesh_term>Depression</mesh_term>
    <mesh_term>Depressive Disorder, Major</mesh_term>
    <mesh_term>Alcohol Drinking</mesh_term>
  </condition_browse>
  <intervention_browse>
    <!-- CAUTION:  The following MeSH terms are assigned with an imperfect algorithm            -->
    <mesh_term>Ketamine</mesh_term>
    <mesh_term>Midazolam</mesh_term>
  </intervention_browse>
  <patient_data>
    <sharing_ipd>Undecided</sharing_ipd>
  </patient_data>
  <!-- Results have not yet been posted for this study                                          -->
</clinical_study>

