<?xml version="1.0" encoding="UTF-8"?>
<clinical_study rank="477">
  <!-- This xml conforms to an XML Schema at:
    https://clinicaltrials.gov/ct2/html/images/info/public.xsd -->
  <required_header>
    <download_date>ClinicalTrials.gov processed this data on September 01, 2017</download_date>
    <link_text>Link to the current ClinicalTrials.gov record.</link_text>
    <url>https://clinicaltrials.gov/show/NCT01075685</url>
  </required_header>
  <id_info>
    <org_study_id>Evalcoometre</org_study_id>
    <nct_id>NCT01075685</nct_id>
  </id_info>
  <brief_title>Evaluation of an Internet-based Intervention for Hazardous Drinkers</brief_title>
  <sponsors>
    <lead_sponsor>
      <agency>Institut national de prevention et d'education pour la sante</agency>
      <agency_class>Other</agency_class>
    </lead_sponsor>
  </sponsors>
  <source>Institut national de prevention et d'education pour la sante</source>
  <oversight_info>
    <has_dmc>No</has_dmc>
  </oversight_info>
  <brief_summary>
    <textblock>
      The purpose of this study is to determine whether the investigators internet-based
      intervention is effective to help hazardous drinkers reducing their alcohol consumption.
    </textblock>
  </brief_summary>
  <overall_status>Completed</overall_status>
  <start_date>October 2009</start_date>
  <completion_date type="Actual">January 2010</completion_date>
  <primary_completion_date type="Actual">January 2010</primary_completion_date>
  <phase>Phase 2</phase>
  <study_type>Interventional</study_type>
  <has_expanded_access>No</has_expanded_access>
  <study_design_info>
    <allocation>Randomized</allocation>
    <intervention_model>Parallel Assignment</intervention_model>
    <masking>Single (Participant)</masking>
  </study_design_info>
  <primary_outcome>
    <measure>Change in Weekly Alcohol Intake</measure>
    <time_frame>baseline and 6 weeks</time_frame>
    <description>The unit of &quot;standard drink&quot; is a drink containing 10g of pure alcohol. Participants had to report their weekly alcohol intake in a diary, in which they could choose among 21 glasses of various capacities and containing various alcoholic drinks. Each of those glasses was then converted into standard drinks.</description>
  </primary_outcome>
  <secondary_outcome>
    <measure>Relative Change in Weekly Alcohol Intake</measure>
    <time_frame>baseline and 6 weeks</time_frame>
    <description>(6 weeks minus baseline)/baseline</description>
  </secondary_outcome>
  <secondary_outcome>
    <measure>Category of Change in Weekly Alcohol Intake</measure>
    <time_frame>baseline and 6 weeks</time_frame>
    <description>Category of change in weekly alcohol intake (WAI) is a 3-level categorical variable whose values are:
clinically significant reduction in WAI, defined as a decrease of 10% or over;
clinically significant increase in WAI, defined as an increase of 10% or over if WAI at baseline is positive, or any increase if WAI at baseline is 0);
and no clinically significant change, which includes all other cases.</description>
  </secondary_outcome>
  <secondary_outcome>
    <measure>Change in the Number of Excessive Drinkers</measure>
    <time_frame>baseline and 6 weeks</time_frame>
    <description>The number of excessive drinkers is the number of participants whose weekly alcohol intake exceeds guidelines, i.e. 21 or 14 standard drinks (male/female) per week</description>
  </secondary_outcome>
  <number_of_arms>2</number_of_arms>
  <enrollment type="Actual">1157</enrollment>
  <condition>Hazardous Alcohol Consumption</condition>
  <arm_group>
    <arm_group_label>Web-based alcohol programme</arm_group_label>
    <arm_group_type>Experimental</arm_group_type>
    <description>Participants could log on to their account and access the programme whenever they wanted to.
They received automated email reminders inviting them to use follow-up tools, especially the diary in order to register their alcohol intake on the previous week:
4 weeks after starting the programme, so that they would take advantage of the monitoring stage in case they had not spontaneously done so.
2 weeks later for 6-week follow-up.</description>
  </arm_group>
  <arm_group>
    <arm_group_label>Minimum information</arm_group_label>
    <arm_group_type>Placebo Comparator</arm_group_type>
    <description>Participants could log on to their account and access the programme whenever they wanted to. At 6 week follow-up they received an automated email reminder inviting them to use the diary in order to register their alcohol intake on the previous week.</description>
  </arm_group>
  <intervention>
    <intervention_type>Behavioral</intervention_type>
    <intervention_name>interactive online programme to reduce alcohol consumption</intervention_name>
    <description>The programme includes several steps:
personalized feedback on alcohol consumption and related risks
reviewing motivations and fears regarding drinking reduction
analyse of drinking habits
reduction goal setting
follow-up tools (alcohol diary, craving scales, well-being scales)
a final screen allowing participants to monitor their progress through graphs and automatically adapted comments.</description>
    <arm_group_label>Web-based alcohol programme</arm_group_label>
  </intervention>
  <intervention>
    <intervention_type>Behavioral</intervention_type>
    <intervention_name>Minimum information</intervention_name>
    <description>This intervention includes:
information about hazardous drinking
an alcohol diary</description>
    <arm_group_label>Minimum information</arm_group_label>
  </intervention>
  <eligibility>
    <criteria>
      <textblock>
        Inclusion Criteria:

          -  Alcohol Use Disorders Identification Test (AUDIT) score from 6 (female) or 7 (male) to
             12
      </textblock>
    </criteria>
    <gender>All</gender>
    <minimum_age>18 Years</minimum_age>
    <maximum_age>N/A</maximum_age>
    <healthy_volunteers>No</healthy_volunteers>
  </eligibility>
  <overall_official>
    <last_name>Juliette Guillemont, MS</last_name>
    <role>Principal Investigator</role>
    <affiliation>Institut national de prevention et d'education pour la sante</affiliation>
  </overall_official>
  <verification_date>January 2010</verification_date>
  <lastchanged_date>October 15, 2010</lastchanged_date>
  <firstreceived_date>January 6, 2010</firstreceived_date>
  <firstreceived_results_date>August 19, 2010</firstreceived_results_date>
  <responsible_party>
    <name_title>Guillemont</name_title>
    <organization>Institut national de prevention et d'education pour la sante</organization>
  </responsible_party>
  <condition_browse>
    <!-- CAUTION:  The following MeSH terms are assigned with an imperfect algorithm            -->
    <mesh_term>Alcohol Drinking</mesh_term>
  </condition_browse>
  <intervention_browse>
    <!-- CAUTION:  The following MeSH terms are assigned with an imperfect algorithm            -->
    <mesh_term>Ethanol</mesh_term>
  </intervention_browse>

  <clinical_results>

    <participant_flow>
      <recruitment_details>Recruitment period: Oct 27 to Dec 15, 2009 Recruitment was conducted via Internet.</recruitment_details>
      <group_list>
        <group group_id="P1">
          <title>Web-based Alcohol Programme</title>
        </group>
        <group group_id="P2">
          <title>Minimum Information</title>
        </group>
      </group_list>
      <period_list>
        <period>
          <title>Overall Study</title>
          <milestone_list>
            <milestone>
              <title>STARTED</title>
              <participants_list>
                <participants group_id="P1" count="743"/>
                <participants group_id="P2" count="414"/>
              </participants_list>
            </milestone>
            <milestone>
              <title>Met Inclusion Criteria</title>
              <participants_list>
                <participants group_id="P1" count="734"/>
                <participants group_id="P2" count="413"/>
              </participants_list>
            </milestone>
            <milestone>
              <title>Completed Baseline Measures</title>
              <participants_list>
                <participants group_id="P1" count="225"/>
                <participants group_id="P2" count="263"/>
              </participants_list>
            </milestone>
            <milestone>
              <title>COMPLETED</title>
              <participants_list>
                <participants group_id="P1" count="151"/>
                <participants group_id="P2" count="188"/>
              </participants_list>
            </milestone>
            <milestone>
              <title>NOT COMPLETED</title>
              <participants_list>
                <participants group_id="P1" count="592"/>
                <participants group_id="P2" count="226"/>
              </participants_list>
            </milestone>
          </milestone_list>
          <drop_withdraw_reason_list>
            <drop_withdraw_reason>
              <title>Protocol Violation</title>
              <participants_list>
                <participants group_id="P1" count="9"/>
                <participants group_id="P2" count="1"/>
              </participants_list>
            </drop_withdraw_reason>
            <drop_withdraw_reason>
              <title>Withdrawal by Subject</title>
              <participants_list>
                <participants group_id="P1" count="20"/>
                <participants group_id="P2" count="5"/>
              </participants_list>
            </drop_withdraw_reason>
            <drop_withdraw_reason>
              <title>Lost to Follow-up</title>
              <participants_list>
                <participants group_id="P1" count="563"/>
                <participants group_id="P2" count="220"/>
              </participants_list>
            </drop_withdraw_reason>
          </drop_withdraw_reason_list>
        </period>
      </period_list>
    </participant_flow>

    <baseline>
      <group_list>
        <group group_id="B1">
          <title>Web-based Alcohol Programme</title>
        </group>
        <group group_id="B2">
          <title>Minimum Information</title>
        </group>
        <group group_id="B3">
          <title>Total</title>
          <description>Total of all reporting groups</description>
        </group>
      </group_list>
      <analyzed_list>
        <analyzed>
          <units>Participants</units>
          <scope>Overall</scope>
          <count_list>
            <count group_id="B1" value="734"/>
            <count group_id="B2" value="413"/>
            <count group_id="B3" value="1147"/>
          </count_list>
        </analyzed>
      </analyzed_list>
      <measure_list>
        <measure>
          <title>Age</title>
          <units>participants</units>
          <param>Number</param>
          <class_list>
            <class>
              <title>&lt;=18 years</title>
              <category_list>
                <category>
                  <measurement_list>
                    <measurement group_id="B1" value="0"/>
                    <measurement group_id="B2" value="0"/>
                    <measurement group_id="B3" value="0"/>
                  </measurement_list>
                </category>
              </category_list>
            </class>
            <class>
              <title>Between 18 and 65 years</title>
              <category_list>
                <category>
                  <measurement_list>
                    <measurement group_id="B1" value="718"/>
                    <measurement group_id="B2" value="408"/>
                    <measurement group_id="B3" value="1126"/>
                  </measurement_list>
                </category>
              </category_list>
            </class>
            <class>
              <title>&gt;=65 years</title>
              <category_list>
                <category>
                  <measurement_list>
                    <measurement group_id="B1" value="16"/>
                    <measurement group_id="B2" value="5"/>
                    <measurement group_id="B3" value="21"/>
                  </measurement_list>
                </category>
              </category_list>
            </class>
          </class_list>
        </measure>
        <measure>
          <title>Gender</title>
          <units>participants</units>
          <param>Number</param>
          <class_list>
            <class>
              <title>Female</title>
              <category_list>
                <category>
                  <measurement_list>
                    <measurement group_id="B1" value="232"/>
                    <measurement group_id="B2" value="130"/>
                    <measurement group_id="B3" value="362"/>
                  </measurement_list>
                </category>
              </category_list>
            </class>
            <class>
              <title>Male</title>
              <category_list>
                <category>
                  <measurement_list>
                    <measurement group_id="B1" value="502"/>
                    <measurement group_id="B2" value="283"/>
                    <measurement group_id="B3" value="785"/>
                  </measurement_list>
                </category>
              </category_list>
            </class>
          </class_list>
        </measure>
        <measure>
          <title>AUDIT score</title>
          <description>The Alcohol Use Disorders Identification Test (AUDIT) consists of 10 questions about recent alcohol use, alcohol dependence symptoms, and alcohol-related problems. Each question has a set of responses to choose from, and each response has a score ranging from 0 to 4. All the response scores are then added, which gives the AUDIT score.
AUDIT score ranges from 0 to 40 and is interpreted as follows:
5 (female) / 6 (male) or less: low-risk drinking
6 (female) / 7 (male) to 12: hazardous drinking
13 or more: possible alcohol dependence.</description>
          <units>Units on a scale</units>
          <param>Mean</param>
          <dispersion>Standard Deviation</dispersion>
          <class_list>
            <class>
              <category_list>
                <category>
                  <measurement_list>
                    <measurement group_id="B1" value="8.7" spread="1.9"/>
                    <measurement group_id="B2" value="8.8" spread="1.8"/>
                    <measurement group_id="B3" value="8.7" spread="1.8"/>
                  </measurement_list>
                </category>
              </category_list>
            </class>
          </class_list>
        </measure>
        <measure>
          <title>Weekly alcohol intake at baseline</title>
          <description>Number of participants for this measure: 225 in intervention group, 263 in control group.
The unit of &quot;standard drink&quot; is a drink containing 10g of pure alcohol. Participants had to report their weekly alcohol intake in a diary, in which they could choose among 21 glasses of various capacities and containing various alcoholic drinks. Each of those glasses was then converted into standard drinks.</description>
          <units>standard drinks</units>
          <param>Mean</param>
          <dispersion>Standard Deviation</dispersion>
          <class_list>
            <class>
              <category_list>
                <category>
                  <measurement_list>
                    <measurement group_id="B1" value="17.5" spread="13.3"/>
                    <measurement group_id="B2" value="16.2" spread="13.2"/>
                    <measurement group_id="B3" value="16.8" spread="13.3"/>
                  </measurement_list>
                </category>
              </category_list>
            </class>
          </class_list>
        </measure>
      </measure_list>
    </baseline>

    <outcome_list>
      <outcome>
        <type>Primary</type>
        <title>Change in Weekly Alcohol Intake</title>
        <description>The unit of &quot;standard drink&quot; is a drink containing 10g of pure alcohol. Participants had to report their weekly alcohol intake in a diary, in which they could choose among 21 glasses of various capacities and containing various alcoholic drinks. Each of those glasses was then converted into standard drinks.</description>
        <time_frame>baseline and 6 weeks</time_frame>
        <population>Only participants who completed the study were included in this analysis</population>
        <group_list>
          <group group_id="O1">
            <title>Web-based Alcohol Programme</title>
          </group>
          <group group_id="O2">
            <title>Minimum Information</title>
          </group>
        </group_list>
        <measure>
          <title>Change in Weekly Alcohol Intake</title>
          <description>The unit of &quot;standard drink&quot; is a drink containing 10g of pure alcohol. Participants had to report their weekly alcohol intake in a diary, in which they could choose among 21 glasses of various capacities and containing various alcoholic drinks. Each of those glasses was then converted into standard drinks.</description>
          <population>Only participants who completed the study were included in this analysis</population>
          <units>standard drinks</units>
          <param>Mean</param>
          <dispersion>Standard Deviation</dispersion>
          <analyzed_list>
            <analyzed>
              <units>Participants</units>
              <scope>Measure</scope>
              <count_list>
                <count group_id="O1" value="151"/>
                <count group_id="O2" value="188"/>
              </count_list>
            </analyzed>
          </analyzed_list>
          <class_list>
            <class>
              <category_list>
                <category>
                  <measurement_list>
                    <measurement group_id="O1" value="-3.34" spread="12.19"/>
                    <measurement group_id="O2" value="-1.21" spread="10.86"/>
                  </measurement_list>
                </category>
              </category_list>
            </class>
          </class_list>
        </measure>
        <analysis_list>
          <analysis>
            <group_id_list>
              <group_id>O1</group_id>
              <group_id>O2</group_id>
            </group_id_list>
            <non_inferiority_type>Superiority or Other</non_inferiority_type>
            <p_value>0.0279</p_value>
            <method>Type 3 tests of fixed effects</method>
          </analysis>
        </analysis_list>
      </outcome>
      <outcome>
        <type>Secondary</type>
        <title>Relative Change in Weekly Alcohol Intake</title>
        <description>(6 weeks minus baseline)/baseline</description>
        <time_frame>baseline and 6 weeks</time_frame>
        <population>Participants with weekly alcohol consumption baseline at 0 were excluded from this analysis</population>
        <group_list>
          <group group_id="O1">
            <title>Web-based Alcohol Programme</title>
          </group>
          <group group_id="O2">
            <title>Minimum Information</title>
          </group>
        </group_list>
        <measure>
          <title>Relative Change in Weekly Alcohol Intake</title>
          <description>(6 weeks minus baseline)/baseline</description>
          <population>Participants with weekly alcohol consumption baseline at 0 were excluded from this analysis</population>
          <units>percent of baseline consumption</units>
          <param>Mean</param>
          <dispersion>Standard Deviation</dispersion>
          <analyzed_list>
            <analyzed>
              <units>Participants</units>
              <scope>Measure</scope>
              <count_list>
                <count group_id="O1" value="148"/>
                <count group_id="O2" value="176"/>
              </count_list>
            </analyzed>
          </analyzed_list>
          <class_list>
            <class>
              <category_list>
                <category>
                  <measurement_list>
                    <measurement group_id="O1" value="-0.51" spread="97.58" lower_limit="-100" upper_limit="507.14"/>
                    <measurement group_id="O2" value="11.22" spread="99.89" lower_limit="-100" upper_limit="692"/>
                  </measurement_list>
                </category>
              </category_list>
            </class>
          </class_list>
        </measure>
        <analysis_list>
          <analysis>
            <group_id_list>
              <group_id>O1</group_id>
            </group_id_list>
            <non_inferiority_type>Superiority or Other</non_inferiority_type>
            <p_value>0.0189</p_value>
            <method>Wilcoxon (Mann-Whitney)</method>
          </analysis>
        </analysis_list>
      </outcome>
      <outcome>
        <type>Secondary</type>
        <title>Category of Change in Weekly Alcohol Intake</title>
        <description>Category of change in weekly alcohol intake (WAI) is a 3-level categorical variable whose values are:
clinically significant reduction in WAI, defined as a decrease of 10% or over;
clinically significant increase in WAI, defined as an increase of 10% or over if WAI at baseline is positive, or any increase if WAI at baseline is 0);
and no clinically significant change, which includes all other cases.</description>
        <time_frame>baseline and 6 weeks</time_frame>
        <group_list>
          <group group_id="O1">
            <title>Web-based Alcohol Programme</title>
          </group>
          <group group_id="O2">
            <title>Minimum Information</title>
          </group>
        </group_list>
        <measure>
          <title>Category of Change in Weekly Alcohol Intake</title>
          <description>Category of change in weekly alcohol intake (WAI) is a 3-level categorical variable whose values are:
clinically significant reduction in WAI, defined as a decrease of 10% or over;
clinically significant increase in WAI, defined as an increase of 10% or over if WAI at baseline is positive, or any increase if WAI at baseline is 0);
and no clinically significant change, which includes all other cases.</description>
          <units>participants</units>
          <param>Number</param>
          <analyzed_list>
            <analyzed>
              <units>Participants</units>
              <scope>Measure</scope>
              <count_list>
                <count group_id="O1" value="151"/>
                <count group_id="O2" value="188"/>
              </count_list>
            </analyzed>
          </analyzed_list>
          <class_list>
            <class>
              <title>significant reduction in weekly alcohol intake</title>
              <category_list>
                <category>
                  <measurement_list>
                    <measurement group_id="O1" value="93"/>
                    <measurement group_id="O2" value="87"/>
                  </measurement_list>
                </category>
              </category_list>
            </class>
            <class>
              <title>no significant change in weekly alcohol intake</title>
              <category_list>
                <category>
                  <measurement_list>
                    <measurement group_id="O1" value="7"/>
                    <measurement group_id="O2" value="13"/>
                  </measurement_list>
                </category>
              </category_list>
            </class>
            <class>
              <title>significant increase in weekly alcohol intake</title>
              <category_list>
                <category>
                  <measurement_list>
                    <measurement group_id="O1" value="42"/>
                    <measurement group_id="O2" value="63"/>
                  </measurement_list>
                </category>
              </category_list>
            </class>
          </class_list>
        </measure>
        <analysis_list>
          <analysis>
            <group_id_list>
              <group_id>O1</group_id>
              <group_id>O2</group_id>
            </group_id_list>
            <non_inferiority_type>Superiority or Other</non_inferiority_type>
            <p_value>0.009</p_value>
            <method>Chi-squared</method>
          </analysis>
        </analysis_list>
      </outcome>
      <outcome>
        <type>Secondary</type>
        <title>Change in the Number of Excessive Drinkers</title>
        <description>The number of excessive drinkers is the number of participants whose weekly alcohol intake exceeds guidelines, i.e. 21 or 14 standard drinks (male/female) per week</description>
        <time_frame>baseline and 6 weeks</time_frame>
        <group_list>
          <group group_id="O1">
            <title>Web-based Alcohol Programme</title>
          </group>
          <group group_id="O2">
            <title>Minimum Information</title>
          </group>
        </group_list>
        <measure>
          <title>Change in the Number of Excessive Drinkers</title>
          <description>The number of excessive drinkers is the number of participants whose weekly alcohol intake exceeds guidelines, i.e. 21 or 14 standard drinks (male/female) per week</description>
          <units>participants</units>
          <param>Number</param>
          <analyzed_list>
            <analyzed>
              <units>Participants</units>
              <scope>Measure</scope>
              <count_list>
                <count group_id="O1" value="151"/>
                <count group_id="O2" value="188"/>
              </count_list>
            </analyzed>
          </analyzed_list>
          <class_list>
            <class>
              <category_list>
                <category>
                  <measurement_list>
                    <measurement group_id="O1" value="-11"/>
                    <measurement group_id="O2" value="-5"/>
                  </measurement_list>
                </category>
              </category_list>
            </class>
          </class_list>
        </measure>
        <analysis_list>
          <analysis>
            <group_id_list>
              <group_id>O1</group_id>
              <group_id>O2</group_id>
            </group_id_list>
            <non_inferiority_type>Superiority or Other</non_inferiority_type>
            <p_value>0.082</p_value>
            <method>Chi-squared</method>
          </analysis>
        </analysis_list>
      </outcome>
    </outcome_list>

    <reported_events>
      <desc>Neither serious nor other adverse events were assessed.</desc>
      <group_list>
        <group group_id="E1">
          <title>Web-based Alcohol Programme</title>
        </group>
        <group group_id="E2">
          <title>Minimum Information</title>
        </group>
      </group_list>
      <serious_events>
        <category_list>
          <category>
            <title>Total</title>
            <event_list>
              <event>
                <sub_title>Total, serious adverse events</sub_title>
                <counts group_id="E1" subjects_affected="0" subjects_at_risk="0"/>
                <counts group_id="E2" subjects_affected="0" subjects_at_risk="0"/>
              </event>
            </event_list>
          </category>
        </category_list>
      </serious_events>
      <other_events>
        <frequency_threshold>0</frequency_threshold>
        <category_list>
          <category>
            <title>Total</title>
            <event_list>
              <event>
                <sub_title>Total, other adverse events</sub_title>
                <counts group_id="E1" subjects_affected="0" subjects_at_risk="0"/>
                <counts group_id="E2" subjects_affected="0" subjects_at_risk="0"/>
              </event>
            </event_list>
          </category>
        </category_list>
      </other_events>
    </reported_events>

    <certain_agreements>
      <pi_employee>All Principal Investigators ARE employed by the organization sponsoring the study.</pi_employee>
      <restrictive_agreement>There is NOT an agreement between Principal Investigators and the Sponsor (or its agents) that restricts the PI's rights to discuss or publish trial results after the trial is completed. </restrictive_agreement>
    </certain_agreements>
    <limitations_and_caveats>High rate of loss to follow-up lead to small number of subjects analyzed. Some participants were lost to follow-up even before completing baseline measures.</limitations_and_caveats>
    <point_of_contact>
      <name_or_title>Juliette Guillemont</name_or_title>
      <organization>Inpes</organization>
      <phone>+331 49 33 22 55</phone>
      <email>juliette.guillemont@inpes.sante.fr</email>
    </point_of_contact>
  </clinical_results>
</clinical_study>

