<?xml version="1.0" encoding="UTF-8"?>
<clinical_study rank="284">
  <!-- This xml conforms to an XML Schema at:
    https://clinicaltrials.gov/ct2/html/images/info/public.xsd -->
  <required_header>
    <download_date>ClinicalTrials.gov processed this data on September 01, 2017</download_date>
    <link_text>Link to the current ClinicalTrials.gov record.</link_text>
    <url>https://clinicaltrials.gov/show/NCT00391742</url>
  </required_header>
  <id_info>
    <org_study_id>SIP</org_study_id>
    <nct_id>NCT00391742</nct_id>
  </id_info>
  <brief_title>Stepped Interventions for Problem Drinkers</brief_title>
  <official_title>A Stepped-Care Approach for General Practice Patients With Alcohol Use Disorders</official_title>
  <sponsors>
    <lead_sponsor>
      <agency>University of Luebeck</agency>
      <agency_class>Other</agency_class>
    </lead_sponsor>
    <collaborator>
      <agency>German Federal Ministry of Education and Research</agency>
      <agency_class>Other</agency_class>
    </collaborator>
  </sponsors>
  <source>University of Luebeck</source>
  <brief_summary>
    <textblock>
      In a randomized controlled trial, patients recruited in general practices and fulfilling
      criteria for alcohol dependence, alcohol abuse, at-risk drinking or binge drinking will be
      allocated to three conditions: (1) Stepped Care intervention (SC): up to 4 interventions
      depending on the success of the previous intervention (assessed by alcohol consumption and
      self-efficacy) which start with a minimal intervention (written feedback and manuals) and are
      followed by more intensive interventions (counseling) in case of no success, (2) Fixed Care
      intervention (FC): A fixed number of counseling sessions plus written feedback and manuals,
      and (3) a control group (CG) booklet on health behavior. Outcome assessment will be conducted
      in all three groups after 12 months. The hypothesis is that SC and FC do not differ in
      effectiveness but SC is more economic.
    </textblock>
  </brief_summary>
  <detailed_description>
    <textblock>
      Background: A promising approach in secondary prevention of problem drinking is providing
      brief interventions in medical settings. In Germany, 80.0 % of alcohol dependent individuals
      have at least one contact per year to a general practitioner, and prevalence rates in general
      practices are high. Randomized controlled trials have shown that general practitioner
      interventions significantly reduce alcohol consumption. However, a current meta-analysis
      revealed that very brief interventions (5 - 20 minutes) showed no significant effect and
      extended brief interventions (several visits) showed homogeneous effectiveness only among
      women. On the other hand, resources are scarce and insufficient time is one main reason for
      general practitioners not to intervene. A stepped-care approach (starting with a very brief
      intervention and intensifying efforts in case of no success) could save resources and enlarge
      effectiveness; however research is lacking. Objectives: Comparing conventional brief
      interventions for patients with at-risk drinking, alcohol abuse or alcohol dependence in
      general practice with a stepped-care approach in a randomized controlled trial. Methods:
      About 7,500 screenings among consecutive general practice patients aged 18 to 64 will be
      conducted. Subjects fulfilling inclusion criteria (severe alcohol dependence excluded) will
      be randomly assigned to one of three conditions with 150 patients each: (1) Stepped Care
      intervention (SC): up to 4 interventions depending on the success of the previous
      intervention (assessed by alcohol consumption and self-efficacy) which start with a minimal
      intervention (written feedback and manuals) and are followed by more intensive interventions
      (counseling) in case of no success, (2) Fixed Care intervention (FC): A fixed number of
      counseling sessions plus written feedback and manuals, and (3) a control group (CG) booklet
      on health behavior. Outcome assessment will be conducted in all three groups after 12 months.
      Counseling will be based on Motivational Interviewing and provided by research staff. Outcome
      variables are alcohol consumption, amount of time and costs required for successful
      intervention. Expected impact: Findings are expected to provide evidence for a stepped-care
      approach to be used in primary care. This would be the first international result confirming
      such an approach in the alcohol field. If a stepped-care approach would work this could
      significantly save resources and enhance secondary prevention. Therefore, data is of great
      public health interest. Relationship to the objective of the collaboration: As in the other
      studies, empirical data on new proactive approaches to reach underserved populations in the
      addiction field will be provided. The project will add knowledge on the economical use of
      interventions
    </textblock>
  </detailed_description>
  <overall_status>Completed</overall_status>
  <start_date>October 2001</start_date>
  <completion_date>June 2004</completion_date>
  <phase>N/A</phase>
  <study_type>Interventional</study_type>
  <has_expanded_access>No</has_expanded_access>
  <study_design_info>
    <allocation>Randomized</allocation>
    <intervention_model>Factorial Assignment</intervention_model>
    <primary_purpose>Treatment</primary_purpose>
    <masking>Single</masking>
  </study_design_info>
  <primary_outcome>
    <measure>Reduced alcohol consumption</measure>
  </primary_outcome>
  <secondary_outcome>
    <measure>Readiness to change drinking behavior</measure>
  </secondary_outcome>
  <enrollment>450</enrollment>
  <condition>Alcohol-Related Disorders</condition>
  <condition>Alcohol Drinking</condition>
  <intervention>
    <intervention_type>Behavioral</intervention_type>
    <intervention_name>Brief intervention</intervention_name>
  </intervention>
  <eligibility>
    <criteria>
      <textblock>
        Inclusion Criteria:

          -  Alcohol dependence

          -  Alcohol abuse

          -  At-risk drinking

          -  Binge drinking

        Exclusion Criteria:

          -  Current treatment for alcohol problems
      </textblock>
    </criteria>
    <gender>All</gender>
    <minimum_age>18 Years</minimum_age>
    <maximum_age>64 Years</maximum_age>
    <healthy_volunteers>No</healthy_volunteers>
  </eligibility>
  <overall_official>
    <last_name>Hans-Jürgen Rumpf, Ph D</last_name>
    <role>Principal Investigator</role>
    <affiliation>University of Lübeck</affiliation>
  </overall_official>
  <verification_date>October 2006</verification_date>
  <lastchanged_date>October 23, 2006</lastchanged_date>
  <firstreceived_date>October 23, 2006</firstreceived_date>
  <keyword>Brief intervention</keyword>
  <keyword>Motivational Interviewing</keyword>
  <keyword>Primary care</keyword>
  <keyword>Stepped-care</keyword>
  <condition_browse>
    <!-- CAUTION:  The following MeSH terms are assigned with an imperfect algorithm            -->
    <mesh_term>Alcohol Drinking</mesh_term>
    <mesh_term>Alcohol-Related Disorders</mesh_term>
  </condition_browse>
  <!-- Results have not yet been posted for this study                                          -->
</clinical_study>

