<?xml version="1.0" encoding="UTF-8"?>
<clinical_study rank="44">
  <!-- This xml conforms to an XML Schema at:
    https://clinicaltrials.gov/ct2/html/images/info/public.xsd -->
  <required_header>
    <download_date>ClinicalTrials.gov processed this data on August 15, 2017</download_date>
    <link_text>Link to the current ClinicalTrials.gov record.</link_text>
    <url>https://clinicaltrials.gov/show/NCT00851669</url>
  </required_header>
  <id_info>
    <org_study_id>RSRB00023495</org_study_id>
    <secondary_id>NIH Grant 1K23AA017246-01A1</secondary_id>
    <nct_id>NCT00851669</nct_id>
  </id_info>
  <brief_title>The MEADOW PROJECT (Mending the Effects of Alcohol and Depression on Women) and The Bridge Program (Connecting Recovery Treatment and Behavioral Health)</brief_title>
  <acronym>MEADOW/Bridge</acronym>
  <official_title>Behavioral Treatment for Alcohol Dependent Women With Co-occurring Depression</official_title>
  <sponsors>
    <lead_sponsor>
      <agency>University of Rochester</agency>
      <agency_class>Other</agency_class>
    </lead_sponsor>
    <collaborator>
      <agency>National Institute on Alcohol Abuse and Alcoholism (NIAAA)</agency>
      <agency_class>NIH</agency_class>
    </collaborator>
  </sponsors>
  <source>University of Rochester</source>
  <oversight_info>
    <has_dmc>Yes</has_dmc>
  </oversight_info>
  <brief_summary>
    <textblock>
      The aim of this study is to evaluate an interpersonally-focused intervention (Interpersonal
      Psychotherapy) for women with co-occurring alcohol dependence and depression. A sub-protocol
      has been added to pilot the current study with men with co-occurring alcohol dependence and
      depression.
    </textblock>
  </brief_summary>
  <detailed_description>
    <textblock>
      Co-occurring alcohol dependence and major depression (AD-MD) is a serious and common public
      health problem, yet one that is largely unaddressed by conventional chemical dependency
      treatment. Among alcohol dependent patients, co-occurring depression is associated with
      poorer treatment outcomes, increased risk for relapse, worse long-term social and functional
      adjustment, and higher probability of dire outcomes such as suicide. Treatment research on
      AD-MD patients is needed to inform effective practice. This study provides an initial test of
      the applicability of Interpersonal Psychotherapy for alcohol dependent women with major
      depression (IPT-ADMD). The goal of the proposed research project is to refine and test a
      behavioral intervention that addresses women's co-occurring alcohol dependence and depression
      within a cohesive interpersonal frame. In Phase 1 of the project, IPT-ADMD will be piloted
      with 15 AD-MD women enrolled in a MICA (mentally-ill chemical abusers) group treatment
      program. Findings from Phase 1 will be used to refine the treatment, assessment, and
      therapist training procedures. In Phase 2, a randomized controlled trial with 60 AD-MD women
      will be conducted 1) to determine IPT-ADMD's feasibility and acceptability as an adjunct to
      standard MICA group treatment, and 2) to assess the comparative effects of IPT-ADMD to
      treatment-as-usual individual therapy (TAU-IT). Compared to TAU-IT, IPT-ADMD is hypothesized
      to lead to greater reductions in women's drinking frequency, drinking intensity, and
      depressive symptoms, and to improved interpersonal functioning.

      In addition to the current intervention study comparing IPT-ADMD with TAU-IT, we are piloting
      IPT-ADMD with men in a sub-protocol of the main study. The target population of the Bridge
      Program will be men with alcohol dependence and co-occurring major depression. We hypothesize
      that IPT will be feasible and acceptable and will improve drinking frequency and intensity;
      depressive symptoms; and interpersonal functioning. The proposed sub-protocol will allow us
      to determine if future clinical trials of IPT should include both male and female patients
      with co-occurring alcohol dependence and depression.
    </textblock>
  </detailed_description>
  <overall_status>Completed</overall_status>
  <start_date>April 2009</start_date>
  <completion_date type="Actual">July 2013</completion_date>
  <primary_completion_date type="Actual">July 2013</primary_completion_date>
  <phase>Phase 2</phase>
  <study_type>Interventional</study_type>
  <has_expanded_access>No</has_expanded_access>
  <study_design_info>
    <allocation>Randomized</allocation>
    <intervention_model>Parallel Assignment</intervention_model>
    <primary_purpose>Treatment</primary_purpose>
    <masking>Open Label</masking>
  </study_design_info>
  <primary_outcome>
    <measure>Timeline Follow-back Interview (percentage days abstinent, average drinks per drinking day)</measure>
    <time_frame>Baseline, 8 weeks, 16 weeks, 24 weeks, and 32 weeks for women; Baseline, 8 weeks, and 16 weeks for men</time_frame>
  </primary_outcome>
  <secondary_outcome>
    <measure>Beck Depression Inventory</measure>
    <time_frame>Baseline, 8 weeks, 16 weeks, 24 weeks, and 32 weeks for women; Baseline, 8 weeks, and 16 weeks for men</time_frame>
  </secondary_outcome>
  <secondary_outcome>
    <measure>Hamilton Rating Scale for Depression</measure>
    <time_frame>Baseline, 8 weeks, 16 weeks, 24 weeks, and 32 weeks for women; Baseline, 8 weeks, and 16 weeks for men</time_frame>
  </secondary_outcome>
  <number_of_arms>2</number_of_arms>
  <enrollment type="Actual">91</enrollment>
  <condition>Alcohol Dependence</condition>
  <condition>Depression</condition>
  <arm_group>
    <arm_group_label>IPT</arm_group_label>
    <arm_group_type>Experimental</arm_group_type>
    <description>Interpersonal Psychotherapy for Co-occurring Alcohol Dependence and Major Depression (IPT-ADMD) is Interpersonal Psychotherapy with modifications specifically designed for the treatment of patients with co-occurring alcohol dependence and major depression</description>
  </arm_group>
  <arm_group>
    <arm_group_label>Treatment as Usual</arm_group_label>
    <arm_group_type>Active Comparator</arm_group_type>
    <description>Individual psychotherapy following usual care practice in a chemical dependency treatment program.</description>
  </arm_group>
  <intervention>
    <intervention_type>Behavioral</intervention_type>
    <intervention_name>Interpersonal Psychotherapy for Co-occurring Alcohol Dependence and Major Depression (IPT-ADMD)</intervention_name>
    <description>Interpersonal Psychotherapy for Co-occurring Alcohol Dependence and Major Depression (IPT-ADMD) is Interpersonal Psychotherapy with modifications specifically designed for the treatment of patients with co-occurring alcohol dependence and major depression</description>
    <arm_group_label>IPT</arm_group_label>
  </intervention>
  <intervention>
    <intervention_type>Behavioral</intervention_type>
    <intervention_name>Treatment as Usual</intervention_name>
    <description>Individual psychotherapy following usual care practice in a chemical dependency treatment program.</description>
    <arm_group_label>Treatment as Usual</arm_group_label>
  </intervention>
  <eligibility>
    <criteria>
      <textblock>
        Inclusion Criteria:

          -  Current Alcohol Dependence and Major Depression

        Exclusion Criteria:

          -  Bipolar Disorder

          -  Psychosis or schizophrenia
      </textblock>
    </criteria>
    <gender>All</gender>
    <minimum_age>18 Years</minimum_age>
    <maximum_age>65 Years</maximum_age>
    <healthy_volunteers>No</healthy_volunteers>
  </eligibility>
  <overall_official>
    <last_name>Stephanie A Gamble, Ph.D.</last_name>
    <role>Principal Investigator</role>
    <affiliation>University of Rochester</affiliation>
  </overall_official>
  <location>
    <facility>
      <name>University of Rochester Medical Center</name>
      <address>
        <city>Rochester</city>
        <state>New York</state>
        <zip>14642</zip>
        <country>United States</country>
      </address>
    </facility>
  </location>
  <location_countries>
    <country>United States</country>
  </location_countries>
  <verification_date>July 2013</verification_date>
  <lastchanged_date>July 12, 2013</lastchanged_date>
  <firstreceived_date>February 25, 2009</firstreceived_date>
  <responsible_party>
    <responsible_party_type>Principal Investigator</responsible_party_type>
    <investigator_affiliation>University of Rochester</investigator_affiliation>
    <investigator_full_name>Stephanie Gamble</investigator_full_name>
    <investigator_title>Assistant Professor Department of Psychiatry</investigator_title>
  </responsible_party>
  <keyword>depression</keyword>
  <keyword>alcohol dependence</keyword>
  <keyword>women</keyword>
  <keyword>psychotherapy</keyword>
  <keyword>men</keyword>
  <condition_browse>
    <!-- CAUTION:  The following MeSH terms are assigned with an imperfect algorithm            -->
    <mesh_term>Depression</mesh_term>
    <mesh_term>Depressive Disorder</mesh_term>
    <mesh_term>Alcoholism</mesh_term>
  </condition_browse>
  <intervention_browse>
    <!-- CAUTION:  The following MeSH terms are assigned with an imperfect algorithm            -->
    <mesh_term>Ethanol</mesh_term>
  </intervention_browse>
  <!-- Results have not yet been posted for this study                                          -->
</clinical_study>

