<?xml version="1.0" encoding="UTF-8"?>
<clinical_study rank="445">
  <!-- This xml conforms to an XML Schema at:
    https://clinicaltrials.gov/ct2/html/images/info/public.xsd -->
  <required_header>
    <download_date>ClinicalTrials.gov processed this data on September 01, 2017</download_date>
    <link_text>Link to the current ClinicalTrials.gov record.</link_text>
    <url>https://clinicaltrials.gov/show/NCT03096860</url>
  </required_header>
  <id_info>
    <org_study_id>NIH/NIDA F31 DA04252</org_study_id>
    <nct_id>NCT03096860</nct_id>
  </id_info>
  <brief_title>Effect of Concurrent Hookah and Alcohol Consumption on Smoking Topography and Toxicant Exposure</brief_title>
  <official_title>Effect of Concurrent Hookah and Alcohol Consumption on Smoking Topography and Toxicant Exposure</official_title>
  <sponsors>
    <lead_sponsor>
      <agency>Oklahoma State University</agency>
      <agency_class>Other</agency_class>
    </lead_sponsor>
    <collaborator>
      <agency>University of Oklahoma</agency>
      <agency_class>Other</agency_class>
    </collaborator>
  </sponsors>
  <source>Oklahoma State University</source>
  <oversight_info>
    <has_dmc>No</has_dmc>
    <is_fda_regulated_drug>No</is_fda_regulated_drug>
    <is_fda_regulated_device>No</is_fda_regulated_device>
  </oversight_info>
  <brief_summary>
    <textblock>
      The purpose of the current study is to investigate in a prospective randomized cross-over
      trial, the impact of alcohol versus a placebo drink on smoking behavior and topography
      (duration and frequency of puffing), abuse liability, and toxicity. It is hypothesized that
      drinking alcohol before smoking will be associated with longer puffs and shorter duration
      between puffs and greater abuse liability and toxicity.
    </textblock>
  </brief_summary>
  <overall_status>Recruiting</overall_status>
  <start_date type="Actual">February 22, 2017</start_date>
  <completion_date type="Anticipated">September 1, 2017</completion_date>
  <primary_completion_date type="Anticipated">September 1, 2017</primary_completion_date>
  <phase>N/A</phase>
  <study_type>Interventional</study_type>
  <has_expanded_access>No</has_expanded_access>
  <study_design_info>
    <allocation>Randomized</allocation>
    <intervention_model>Crossover Assignment</intervention_model>
    <primary_purpose>Basic Science</primary_purpose>
    <masking>Double (Participant, Care Provider)</masking>
  </study_design_info>
  <primary_outcome>
    <measure>Total volume smoke inhaled</measure>
    <time_frame>up to 2 hours</time_frame>
    <description>hookah topography</description>
  </primary_outcome>
  <number_of_arms>2</number_of_arms>
  <enrollment type="Anticipated">40</enrollment>
  <condition>Alcohol Use, Unspecified</condition>
  <condition>Hookah Smoking</condition>
  <arm_group>
    <arm_group_label>Alcohol consumption and hookah</arm_group_label>
    <arm_group_type>Experimental</arm_group_type>
  </arm_group>
  <arm_group>
    <arm_group_label>Placebo consumption and hookah</arm_group_label>
    <arm_group_type>Placebo Comparator</arm_group_type>
  </arm_group>
  <intervention>
    <intervention_type>Other</intervention_type>
    <intervention_name>Active alcohol consumption</intervention_name>
    <description>Comparison of alcohol consumption vs. placebo consumption and hookah smoking.</description>
    <arm_group_label>Alcohol consumption and hookah</arm_group_label>
  </intervention>
  <intervention>
    <intervention_type>Other</intervention_type>
    <intervention_name>Placebo consumption</intervention_name>
    <description>Comparison of alcohol consumption vs. placebo consumption and hookah smoking.</description>
    <arm_group_label>Placebo consumption and hookah</arm_group_label>
  </intervention>
  <eligibility>
    <criteria>
      <textblock>
        Inclusion Criteria:

          1. Report using hookah at least 1 time per month over the past 6 months

          2. Are at least 21 years old

          3. Speak and understand English

          4. Do not currently suffer from lung disease including asthma, CF, or COPD

          5. Do not currently suffer from heart disease

          6. Are not currently pregnant or breast-feeding or have plans to become pregnant or begin
             breast-feeding at any point during the study

          7. No current, regular use of &gt;5 cigarettes or other tobacco products (e.g., e-cig,
             cigar, etc.) per month.

          8. No current marijuana use &gt; 5 times per month

          9. No use of illicit drugs during the past 30 days

         10. willing to provide informed consent and abstain from all tobacco, nicotine, and
             marijuana use for at least 12 hours and abstain from alcohol for at least 24 hours
             prior to each of the two sessions

         11. Live within 25 miles of the study location.

         12. Have a friend who is eligible and willing to participate.

         13. Consume 2 or more or one or more drinks per episode for men and women, respectively

         14. Drink alcohol at least one time per week

         15. Not currently be seeking treatment for alcohol use

         16. Able to answer at least two hookah-specific screening questions from the screener.

        Exclusion Criteria:

          1. Hookah use less than one time per month over the past 6 months

          2. Under the age of 21

          3. Unwilling to abstain from alcohol for 24 hours and tobacco and nicotine products 12
             hours prior to each study visit

          4. Live more than 25 miles from the study location

          5. Pregnant or breast feeding or plan to become pregnant or begin breast feeding at any
             point in the study -
      </textblock>
    </criteria>
    <gender>All</gender>
    <minimum_age>21 Years</minimum_age>
    <maximum_age>N/A</maximum_age>
    <healthy_volunteers>Accepts Healthy Volunteers</healthy_volunteers>
  </eligibility>
  <overall_contact>
    <last_name>Theodore L Wagener, PhD</last_name>
    <phone>405-271-4749</phone>
    <email>theodore-wagener@ouhsc.edu</email>
  </overall_contact>
  <overall_contact_backup>
    <last_name>Eleanor Leavens, MS</last_name>
    <phone>405-271-8001</phone>
    <email>Eleanor-leavens@ouhsc.edu</email>
  </overall_contact_backup>
  <location>
    <facility>
      <name>The Oklahoma Tobacco Research Center</name>
      <address>
        <city>Oklahoma City</city>
        <state>Oklahoma</state>
        <zip>73104</zip>
        <country>United States</country>
      </address>
    </facility>
    <status>Recruiting</status>
    <contact>
      <last_name>Theodore Wagener, PhD</last_name>
      <phone>405-271-4749</phone>
      <email>theodore-wagener@ouhsc.edu</email>
    </contact>
    <contact_backup>
      <last_name>Eleanor Leavens, MS</last_name>
      <phone>405-271-8001</phone>
      <email>eleanor-leavens@ouhsc.edu</email>
    </contact_backup>
    <investigator>
      <last_name>Theodore Wagener, PhD</last_name>
      <role>Principal Investigator</role>
    </investigator>
  </location>
  <location_countries>
    <country>United States</country>
  </location_countries>
  <verification_date>March 2017</verification_date>
  <lastchanged_date>March 24, 2017</lastchanged_date>
  <firstreceived_date>March 20, 2017</firstreceived_date>
  <responsible_party>
    <responsible_party_type>Principal Investigator</responsible_party_type>
    <investigator_affiliation>Oklahoma State University</investigator_affiliation>
    <investigator_full_name>Eleanor Leavens</investigator_full_name>
    <investigator_title>Principal Investigator</investigator_title>
  </responsible_party>
  <condition_browse>
    <!-- CAUTION:  The following MeSH terms are assigned with an imperfect algorithm            -->
    <mesh_term>Alcohol Drinking</mesh_term>
  </condition_browse>
  <intervention_browse>
    <!-- CAUTION:  The following MeSH terms are assigned with an imperfect algorithm            -->
    <mesh_term>Ethanol</mesh_term>
  </intervention_browse>
  <!-- Results have not yet been posted for this study                                          -->
</clinical_study>

