<?xml version="1.0" encoding="UTF-8"?>
<clinical_study rank="111">
  <!-- This xml conforms to an XML Schema at:
    https://clinicaltrials.gov/ct2/html/images/info/public.xsd -->
  <required_header>
    <download_date>ClinicalTrials.gov processed this data on August 29, 2017</download_date>
    <link_text>Link to the current ClinicalTrials.gov record.</link_text>
    <url>https://clinicaltrials.gov/show/NCT01408589</url>
  </required_header>
  <id_info>
    <org_study_id>B5089</org_study_id>
    <secondary_id>K01AA015331</secondary_id>
    <secondary_id>M01RR000051</secondary_id>
    <nct_id>NCT01408589</nct_id>
  </id_info>
  <brief_title>A Dose Response Effect of Atomoxetine to the Acute Effects of Alcohol</brief_title>
  <acronym>ATX_COMT</acronym>
  <official_title>A Pharmacotherapy Study: A Dose Response Effect of Atomoxetine on Alcohol-elicited Craving and Sensitivity to the Acute Effects of Alcohol</official_title>
  <sponsors>
    <lead_sponsor>
      <agency>University of Colorado, Boulder</agency>
      <agency_class>Other</agency_class>
    </lead_sponsor>
    <collaborator>
      <agency>National Institute on Alcohol Abuse and Alcoholism (NIAAA)</agency>
      <agency_class>NIH</agency_class>
    </collaborator>
    <collaborator>
      <agency>National Center for Research Resources (NCRR)</agency>
      <agency_class>NIH</agency_class>
    </collaborator>
  </sponsors>
  <source>University of Colorado, Boulder</source>
  <oversight_info>
    <has_dmc>Yes</has_dmc>
  </oversight_info>
  <brief_summary>
    <textblock>
      This two-stage study will examine the effects of a 5 day course of atomoxetine (placebo, 40,
      60 or 80 mg/day; Strattera) (a selective NE transporter (NET) inhibitor) on alcohol-elicited
      craving and sensitivity to alcohol. The novelty of this study is that of atomoxetine and the
      fact that it targets NET, neither of which has heretofore been examined in the context of
      alcohol dependence. It is hopeful that this pilot study, of 86 total individuals, will
      provide the PI with sufficient preliminary data to submit a subsequent R01 application to
      study atomoxetine and the involvement of specific single nucleotide polymorphisms within the
      NET gene on alcohol-related phenotypes in alcohol dependent and non-dependent populations.
      The long-term objective of this research is to develop more efficacious treatment
      interventions for alcohol abuse and dependence.

      Hypothesis 1: It is hypothesized that subjects who receive 40, 60 or 80 mg/day of atomoxetine
      for 5 days will demonstrate significantly less alcohol-elicited craving than subjects who
      receive a placebo.

      Hypothesis 2: It is hypothesized that subjects who receive 40, 60 or 80 mg/day of atomoxetine
      for 5 days will be less sensitive to the acute effects of alcohol (subjective intoxication)
      than subjects who receive a placebo.
    </textblock>
  </brief_summary>
  <overall_status>Terminated</overall_status>
  <start_date>June 2005</start_date>
  <completion_date type="Actual">December 2007</completion_date>
  <primary_completion_date type="Actual">December 2007</primary_completion_date>
  <phase>Phase 1</phase>
  <study_type>Interventional</study_type>
  <has_expanded_access>No</has_expanded_access>
  <study_design_info>
    <allocation>Randomized</allocation>
    <intervention_model>Parallel Assignment</intervention_model>
    <primary_purpose>Basic Science</primary_purpose>
    <masking>Quadruple (Participant, Care Provider, Investigator, Outcomes Assessor)</masking>
  </study_design_info>
  <primary_outcome>
    <measure>Alcohol Craving</measure>
    <time_frame>Day 5 of medication</time_frame>
    <description>Alcohol craving and sensitivity were measured with the AUQ, ARS, POMS, BAES and SHAS</description>
  </primary_outcome>
  <secondary_outcome>
    <measure>Genetic moderation</measure>
    <time_frame>day 5 of medication</time_frame>
    <description>To determine whether two functional SNPs within the COMT and DBH genes moderate the effects of EtOH and or atomoxetine.
COMT Val158Met (G/A), Val &gt; Met 2-4x plasma activity DBH -1021 C/T, C/C has 3x more plasma activity NET gene variants were also examined</description>
  </secondary_outcome>
  <number_of_arms>4</number_of_arms>
  <enrollment type="Actual">86</enrollment>
  <condition>Alcohol Craving</condition>
  <condition>Mood Changes</condition>
  <arm_group>
    <arm_group_label>Sugar Pill</arm_group_label>
    <arm_group_type>Placebo Comparator</arm_group_type>
  </arm_group>
  <arm_group>
    <arm_group_label>Atomoxetine 40 mg</arm_group_label>
    <arm_group_type>Experimental</arm_group_type>
  </arm_group>
  <arm_group>
    <arm_group_label>Atomoxetine 60 mg</arm_group_label>
    <arm_group_type>Experimental</arm_group_type>
  </arm_group>
  <arm_group>
    <arm_group_label>Atomoxetine 80 mg</arm_group_label>
    <arm_group_type>Experimental</arm_group_type>
  </arm_group>
  <intervention>
    <intervention_type>Drug</intervention_type>
    <intervention_name>Atomoxetine, Strattera</intervention_name>
    <description>Atomoxetine at 0, 40, 60, 80 mg/day was given for 5 days, all subjects took two capsules per day for 5 days; all active dose groups received 40 mg/day for first 3 days and where then dose escalated to dosage group assigned.</description>
    <arm_group_label>Sugar Pill</arm_group_label>
    <arm_group_label>Atomoxetine 40 mg</arm_group_label>
    <arm_group_label>Atomoxetine 60 mg</arm_group_label>
    <arm_group_label>Atomoxetine 80 mg</arm_group_label>
  </intervention>
  <eligibility>
    <criteria>
      <textblock>
        Inclusion Criterion:

          1. Males and females age 21 to 35, as verified upon the presentation of a valid driver's
             license;

          2. Must drink alcohol at least twice a week and have a minimum of 3 drinks per occasion
             (2 for women);

          3. Must score 8 or higher on the Alcohol Use Disorders Identification Test (AUDIT; Babor
             et al., 1992). The AUDIT is a screening instrument used to identify persons whose
             alcohol consumption is characterized by moderate to heavy drinking;

          4. No history of alcohol treatment or desire for treatment;

          5. Not currently take medications that are contraindicated for concurrent use with
             alcohol;

          6. Female subjects must not be pregnant, as indicated by a pregnancy test that will be
             conducted immediately prior dispensing of medication.

        Exclusion Criterion:

        Subjects who have hypertension, tachycardia, cardiovascular disease, hepatic or renal
        impairment, pregnant or who are currently using MAO inhibitors, Albuterol or other pressor
        agents will be excluded from this study.
      </textblock>
    </criteria>
    <gender>All</gender>
    <minimum_age>21 Years</minimum_age>
    <maximum_age>45 Years</maximum_age>
    <healthy_volunteers>Accepts Healthy Volunteers</healthy_volunteers>
  </eligibility>
  <overall_official>
    <last_name>Heather M Haughey, Ph.D.</last_name>
    <role>Principal Investigator</role>
    <affiliation>University of Colorado, Boulder</affiliation>
  </overall_official>
  <location>
    <facility>
      <name>GCRC, University of Colorado Boulder</name>
      <address>
        <city>Boulder</city>
        <state>Colorado</state>
        <zip>80309</zip>
        <country>United States</country>
      </address>
    </facility>
  </location>
  <location_countries>
    <country>United States</country>
  </location_countries>
  <verification_date>August 2011</verification_date>
  <lastchanged_date>August 2, 2011</lastchanged_date>
  <firstreceived_date>July 12, 2011</firstreceived_date>
  <responsible_party>
    <name_title>Heather M. Haughey, P.I.</name_title>
    <organization>University of Colorado, Boulder</organization>
  </responsible_party>
  <keyword>alcohol</keyword>
  <keyword>craving</keyword>
  <keyword>mood</keyword>
  <keyword>optimum dose of atomoxetine</keyword>
  <intervention_browse>
    <!-- CAUTION:  The following MeSH terms are assigned with an imperfect algorithm            -->
    <mesh_term>Ethanol</mesh_term>
    <mesh_term>Atomoxetine Hydrochloride</mesh_term>
  </intervention_browse>
  <!-- Results have not yet been posted for this study                                          -->
</clinical_study>

