<?xml version="1.0" encoding="UTF-8"?>
<clinical_study rank="294">
  <!-- This xml conforms to an XML Schema at:
    https://clinicaltrials.gov/ct2/html/images/info/public.xsd -->
  <required_header>
    <download_date>ClinicalTrials.gov processed this data on September 15, 2017</download_date>
    <link_text>Link to the current ClinicalTrials.gov record.</link_text>
    <url>https://clinicaltrials.gov/show/NCT02168400</url>
  </required_header>
  <id_info>
    <org_study_id>1406M51241</org_study_id>
    <nct_id>NCT02168400</nct_id>
  </id_info>
  <brief_title>Clinical Intervention in Alcohol Use Disorder</brief_title>
  <official_title>Combining Neuro-Imaging and Non-Invasive Brain Stimulation for Clinical Intervention in Alcohol Use Disorder</official_title>
  <sponsors>
    <lead_sponsor>
      <agency>University of Minnesota - Clinical and Translational Science Institute</agency>
      <agency_class>Other</agency_class>
    </lead_sponsor>
  </sponsors>
  <source>University of Minnesota - Clinical and Translational Science Institute</source>
  <oversight_info>
    <has_dmc>Yes</has_dmc>
  </oversight_info>
  <brief_summary>
    <textblock>
      Long-term abstinence from alcohol is supported by a compensatory mechanism in functional
      brain connectivity, a potential brain biomarker that could be an intervention target. These
      findings provide a compelling case to explore whether this brain biomarker can be modulated
      to enhance patients' ability to remain abstinent. There is a need to investigate methods that
      can be used to increase functional brain connectivity. The overall objective of this proposal
      is to enhance brain functional connectivity in short-term abstinent alcoholics as a
      therapeutic intervention that supports abstinence.
    </textblock>
  </brief_summary>
  <detailed_description>
    <textblock>
      The relapsing nature of alcoholism is a major obstacle to successful treatment. About 60% of
      those entering treatment will relapse within one year. To improve treatment outcome, new
      interventions targeting the underlying brain biomarkers of relapse vulnerability hold
      significant promise in reducing this critical public health problem. Using resting functional
      magnetic resonance imaging (fMRI) we have identified brain biomarkers that support long-term
      abstinence. Our cross-sectional and longitudinal findings provide evidence that higher
      functional connectivity (FC), particularly between nucleus accumbens (NAcc) and prefrontal
      cortex (PFC), is a potential brain biomarker that supports abstinence. Long-term abstinent
      alcoholics (7 years of abstinence) have higher resting FC between NAcc and PFC when compared
      to controls. Short-term abstinent alcoholics (11 weeks of abstinence) have intermediate FC
      (lower than long-term abstinent alcoholics and higher than controls) (Camchong et al., 2013b;
      2013c). Further, lower FC between NAcc and PFC at 11 weeks of abstinence can be a predictor
      of subsequent relapse (with 74% accuracy) (Camchong et al., 2013a). Moreover, in a pilot
      longitudinal FC study examining resting FC of NAcc at 5 and 13 weeks of abstinence in
      individuals with substance use disorder, we found that FC between NAcc and PFC decreased from
      5 to 13 weeks of abstinence in subsequent relapsers, while it increased in subsequent
      abstainers (Camchong et al., 2014). Based on the above, we believe that long-term abstinence
      is supported by a compensatory mechanism that mediates proper executive function over reward
      (mediated by PFC-NAcc FC), a potential brain biomarker that could be an intervention target.
      These findings provide a compelling case to explore whether this brain biomarker can be
      modulated to enhance patients' ability to remain abstinent. There is a need to investigate
      methods that can be used to increase FC between PFC and NAcc.

      Cognitive flexibility, the ability to change maladaptive behavior, depends on PFC input to
      NAcc (Gruber and O'Donnell, 2009). PFC transmits reward representations to NAcc through
      glutamatergic projections that guide goal-directed behavior (Ballard et al., 2011). If PFC
      fails to activate when required, a common observation in substance use disorder, target
      neurons in the NAcc core do not receive critical information needed to select the appropriate
      outcome, causing acquired maladaptive response patterns to persist (e.g. drug consumption)
      (Gruber and O'Donnell, 2009). Higher FC between PFC and NAcc may be achieved by stimulating
      PFC while subjects perform a task that requires cognitive flexibility, the reversal learning
      task.

      Transcranial direct current stimulation (tDCS) is a non-invasive brain stimulation technique
      that can modulate brain connectivity. PFC stimulation may increase input to NAcc to
      facilitate proper selection of goal-directed behavior and may also decrease craving in
      individuals with substance use disorder (Boggio et al., 2008). We propose a therapeutic
      intervention that stimulates PFC to (i) enhance PFC-NAcc FC, (ii) facilitate cognitive
      flexibility and (iii) reduce craving to promote abstinence in individuals with alcohol use
      disorder. The long term goal is to develop new addiction treatments that support long-term
      abstinence. The overall objective of this proposal is to enhance FC between PFC and NAcc as a
      therapeutic intervention to enhance cognitive flexibility and reduce craving in addiction.
      Central hypotheses: PFC stimulation will (i) enhance FC between NAcc and PFC and (ii) reduce
      craving in addiction.

      In a single-blind randomized design, 20 abstinent (2 weeks abstinent) individuals with
      alcohol use disorder (AUD) recruited from Lodging Plus Program will receive 10 sessions (2
      sessions per day for 5 days) of either (i) transcranial direct current stimulation (tDCS) to
      PFC or (ii) sham-tDCS. All subjects will perform the reversal learning task during tDCS
      intervention (active or sham) to prime the engagement of the NAcc-PFC brain circuit that
      mediates cognitive flexibility (D'Cruz et al., 2011). Rest fMRI and craving measures will be
      collected before the first and after the last day of tDCS sessions. Monthly follow-up
      interviews will be conducted for 6 months after study completion to query relapse status.
      Dependent variables will be (i) change in NAcc-PFC FC between 2 and 3 weeks of abstinence,
      (ii) change in craving scores between 2 and 3 weeks of abstinence and (iii) relapse status 6
      months after study participation. Aim 1: To investigate whether NAcc-PFC FC can be modulated,
      we will compare magnitude of change in NAcc-PFC FC between active-tDCS and sham-tDCS groups.
      Aim 2: To determine if PFC stimulation has a short-term effect on behavior related to
      clinical outcome, we will compare change in craving scores (difference in craving scores
      between 2 and 3 weeks of abstinence) between active-tDCS and sham-tDCS groups. Aim 3: To
      correlate neuromodulation intervention with long-term clinical outcome, we will record
      craving and relapse status during the 6 months following treatment discharge. We will examine
      the relationship between change in NAcc-PFC FC between 2 and 3 weeks of abstinence and
      subsequent (i) monthly craving scores and (ii) relapse status.
    </textblock>
  </detailed_description>
  <overall_status>Recruiting</overall_status>
  <start_date>July 2016</start_date>
  <completion_date type="Anticipated">December 2019</completion_date>
  <primary_completion_date type="Anticipated">July 2019</primary_completion_date>
  <phase>N/A</phase>
  <study_type>Interventional</study_type>
  <has_expanded_access>No</has_expanded_access>
  <study_design_info>
    <allocation>Randomized</allocation>
    <intervention_model>Parallel Assignment</intervention_model>
    <primary_purpose>Prevention</primary_purpose>
    <masking>Single (Participant)</masking>
  </study_design_info>
  <primary_outcome>
    <measure>Change in Brain Functional Connectivity as measured by functional magnetic resonance imaging</measure>
    <time_frame>Change between baseline and 1 week follow-up</time_frame>
    <description>Primary Outcome: Investigators will measure magnitude of functional connectivity in between nucleus accumbens (NAcc) and prefrontal cortex (PFC) both at baseline and at follow-up and compare the magnitude of change between the active-tDCS and sham-tDCS groups.</description>
  </primary_outcome>
  <secondary_outcome>
    <measure>Correlation between functional connectivity change and craving scores</measure>
    <time_frame>Data collection will be during 2 and 3 weeks of abstinence</time_frame>
    <description>To determine if functional connectivity change induced by tDCS intervention has a short-term effect on behavior related to clinical outcome, investigators will (1) compare change in craving scores (difference in craving scores between 2 and 3 weeks of abstinence) between active-tDCS and sham-tDCS groups and (2) conduct parametric correlations between functional connectivity change and change in craving scores.</description>
  </secondary_outcome>
  <secondary_outcome>
    <measure>Correlation between functional connectivity change and clinical outcome</measure>
    <time_frame>Between 2 weeks of abstinence and 6 months later</time_frame>
    <description>To determine if functional connectivity change induced by tDCS intervention is related to long-term clinical outcome, investigators will record relapse status during the 6 months following treatment discharge. Investigators will examine the relationship between change in NAcc-PFC FC between 2 and 3 weeks of abstinence and subsequent relapse status.</description>
  </secondary_outcome>
  <number_of_arms>2</number_of_arms>
  <enrollment type="Anticipated">20</enrollment>
  <condition>Alcohol Use Disorder</condition>
  <condition>Eligible to go Into the MRI Scanner</condition>
  <condition>Short-term Abstinence From Alcohol Use (2 Week Abstinent)</condition>
  <arm_group>
    <arm_group_label>active tDCS</arm_group_label>
    <arm_group_type>Experimental</arm_group_type>
    <description>Subjects that are randomly assigned to this arm will receive 10 active transcranial direct current stimulation (tDCS) sessions</description>
  </arm_group>
  <arm_group>
    <arm_group_label>sham tDCS</arm_group_label>
    <arm_group_type>Sham Comparator</arm_group_type>
    <description>Subjects randomly assigned to sham-tDCS (transcranial direct current stimulation) will receive very low current stimulation at beginning and end of session, mimicking the feeling of current stimulation in the scalp, but not reaching levels that will stimulate brain function.</description>
  </arm_group>
  <intervention>
    <intervention_type>Device</intervention_type>
    <intervention_name>Transcranial Direct Current Stimulation (tDCS)</intervention_name>
    <description>TDCS will be performed with Neuroelectrics Starstim Enobio 20, an approved research device without an investigational device exemption due to meeting criteria for non-significant risk. It has built-in safety mechanisms which allow for immediate cessation of stimulation if the subject becomes uncomfortable. The current will be administered via two electrode sponges for 25 mins with 1-2 milliamperes. These administration protocols are in line with protocols that have outlined safe administration (Nitsche 2007; 2008). No side-effects have been reported with the exception of slight itching under the electrode and occasional occurrence of headache, fatigue, or nausea (Poreisz 2007). Electrodes placement: dorsolateral prefrontal cortex (DLPFC); cathode on left DLPFC, anode on right DLPFC.</description>
    <arm_group_label>active tDCS</arm_group_label>
    <arm_group_label>sham tDCS</arm_group_label>
    <other_name>Starstim</other_name>
  </intervention>
  <eligibility>
    <criteria>
      <textblock>
        Inclusion Criteria:

          -  20 abstinent individuals (18-45 years old; 2 weeks of abstinence) who meet DSM-V
             criteria for alcohol use disorder (AUD) will be recruited from the Lodging Plus
             Program, part of University of Minnesota Medical Center

          -  This 21-day program provides a supervised environment to treat alcoholism in which
             patients receive random drug/alcohol screenings daily. Lodging Plus has 50 beds and
             admits an average of 20 patients per week and 59% of patients admitted have a
             diagnosis of alcohol use disorder.

        Inclusion criteria:

          -  ability to provide written consent and comply with study procedures

          -  meet the Diagnostic and Statistical Manual of Mental Disorders (DSM-V) diagnostic
             criteria for AUD. Subjects may have current comorbid drug use, but their primary
             substance use disorder diagnosis needs to be based on alcohol use. Subjects must have
             the intention to remain in program until the end of the study (3 weeks).

        Exclusion Criteria:

          -  any medical condition or treatment with neurological sequelae (i.e. stroke, tumor,
             loss of consciousness of more than 30 min, HIV)

          -  any contraindications to MRI scanning (i.e., metal implants, pacemakers, etc.)

          -  DSM-V criteria for mental retardation or axis I psychiatric disorder, subjects may
             have a lifetime but not current diagnosis of depression

          -  primary current substance use disorder diagnosis on any substance other than alcohol,
             except for caffeine or nicotine

          -  clinical evidence for Wernicke-Korsakoff syndrome. Nicotine use will be recorded but
             will not be an exclusion criterion
      </textblock>
    </criteria>
    <gender>All</gender>
    <minimum_age>18 Years</minimum_age>
    <maximum_age>60 Years</maximum_age>
    <healthy_volunteers>Accepts Healthy Volunteers</healthy_volunteers>
  </eligibility>
  <overall_official>
    <last_name>Jazmin Camchong, PhD</last_name>
    <role>Principal Investigator</role>
    <affiliation>University of Minnesota - Clinical and Translational Science Institute</affiliation>
  </overall_official>
  <overall_contact>
    <last_name>Jazmin Camchong, PhD</last_name>
    <phone>(612) 624-0134</phone>
  </overall_contact>
  <location>
    <facility>
      <name>University of Minnesota</name>
      <address>
        <city>Minneapolis</city>
        <state>Minnesota</state>
        <zip>55414</zip>
        <country>United States</country>
      </address>
    </facility>
    <status>Recruiting</status>
    <contact>
      <last_name>Jazmin Camchong, PhD</last_name>
      <phone>612-624-0134</phone>
      <email>camch002@umn.edu</email>
    </contact>
    <investigator>
      <last_name>Jazmin Camchong, PhD</last_name>
      <role>Principal Investigator</role>
    </investigator>
    <investigator>
      <last_name>Kelvin O Lim, MD</last_name>
      <role>Sub-Investigator</role>
    </investigator>
  </location>
  <location_countries>
    <country>United States</country>
  </location_countries>
  <reference>
    <citation>Camchong J, Macdonald AW 3rd, Mueller BA, Nelson B, Specker S, Slaymaker V, Lim KO. Changes in resting functional connectivity during abstinence in stimulant use disorder: a preliminary comparison of relapsers and abstainers. Drug Alcohol Depend. 2014 Jun 1;139:145-51. doi: 10.1016/j.drugalcdep.2014.03.024. Epub 2014 Mar 29.</citation>
    <PMID>24745476</PMID>
  </reference>
  <reference>
    <citation>Camchong J, Stenger A, Fein G. Resting-state synchrony during early alcohol abstinence can predict subsequent relapse. Cereb Cortex. 2013 Sep;23(9):2086-99. doi: 10.1093/cercor/bhs190. Epub 2012 Jul 20.</citation>
    <PMID>22819968</PMID>
  </reference>
  <reference>
    <citation>Camchong J, Stenger VA, Fein G. Resting-state synchrony in short-term versus long-term abstinent alcoholics. Alcohol Clin Exp Res. 2013 May;37(5):794-803. doi: 10.1111/acer.12037. Epub 2013 Feb 19.</citation>
    <PMID>23421812</PMID>
  </reference>
  <verification_date>September 2016</verification_date>
  <lastchanged_date>September 15, 2016</lastchanged_date>
  <firstreceived_date>June 13, 2014</firstreceived_date>
  <responsible_party>
    <responsible_party_type>Sponsor</responsible_party_type>
  </responsible_party>
  <condition_browse>
    <!-- CAUTION:  The following MeSH terms are assigned with an imperfect algorithm            -->
    <mesh_term>Disease</mesh_term>
    <mesh_term>Alcohol Drinking</mesh_term>
  </condition_browse>
  <!-- Results have not yet been posted for this study                                          -->
</clinical_study>

