<?xml version="1.0" encoding="UTF-8"?>
<clinical_study rank="271">
  <!-- This xml conforms to an XML Schema at:
    https://clinicaltrials.gov/ct2/html/images/info/public.xsd -->
  <required_header>
    <download_date>ClinicalTrials.gov processed this data on September 01, 2017</download_date>
    <link_text>Link to the current ClinicalTrials.gov record.</link_text>
    <url>https://clinicaltrials.gov/show/NCT01847469</url>
  </required_header>
  <id_info>
    <org_study_id>IP0039</org_study_id>
    <secondary_id>01641</secondary_id>
    <nct_id>NCT01847469</nct_id>
  </id_info>
  <brief_title>Zonisamide in Addition to E-CPT-C for Veterans With PTSD and Comorbid Alcohol Dependence</brief_title>
  <official_title>Zonisamide in Addition to Enhanced Cognitive Processing Therapy-C (E-CPT-C) for Veterans With PTSD and Comorbid Alcohol Dependence</official_title>
  <sponsors>
    <lead_sponsor>
      <agency>Yale University</agency>
      <agency_class>Other</agency_class>
    </lead_sponsor>
    <collaborator>
      <agency>United States Department of Defense</agency>
      <agency_class>U.S. Fed</agency_class>
    </collaborator>
  </sponsors>
  <source>Yale University</source>
  <oversight_info>
    <has_dmc>Yes</has_dmc>
  </oversight_info>
  <brief_summary>
    <textblock>
      This is a randomized, controlled trial with 50 veterans diagnosed with post-traumatic stress
      disorder (PTSD) and comorbid alcohol dependence. Veterans will be randomized to receive
      either zonisamide (400 mg) or placebo for 12 weeks in a double blind fashion. Randomization
      will be done using 3:1 ratio and will be performed by our research pharmacy using a random
      assignment in blocks of 4- 3 will be assigned to active medication and 1 to placebo.
      Medication will be titrated over a 6 week titration phase followed by a 6 week treatment
      phase. All veterans will receive E-CPT-C therapy for the 12 weeks of treatment; E-CPT-C will
      be provided by trained and qualified clinicians with extensive experience providing E-CPT-C.
      Veterans will be recruited primarily through advertisement, but also through the clinical
      facilities at the VA and from other collaborators.
    </textblock>
  </brief_summary>
  <overall_status>Recruiting</overall_status>
  <start_date>June 2013</start_date>
  <completion_date type="Anticipated">September 2017</completion_date>
  <primary_completion_date type="Anticipated">September 2017</primary_completion_date>
  <phase>Phase 2</phase>
  <study_type>Interventional</study_type>
  <has_expanded_access>No</has_expanded_access>
  <study_design_info>
    <allocation>Randomized</allocation>
    <intervention_model>Parallel Assignment</intervention_model>
    <primary_purpose>Treatment</primary_purpose>
    <masking>Triple (Participant, Care Provider, Investigator)</masking>
  </study_design_info>
  <primary_outcome>
    <measure>Change in Timeline Follow-Back (TLFB)assessment</measure>
    <time_frame>Weeks 0-14</time_frame>
    <description>Will be used to document the degree of daily alcohol consumption and to monitor the use of other substances during 12 weeks of treatment.</description>
  </primary_outcome>
  <primary_outcome>
    <measure>Change in Clinicians Administered PTSD Scale (CAPS)</measure>
    <time_frame>Weeks 0,2,4,6,8,10,12,14</time_frame>
    <description>Will be used to obtain data on the frequency and severity of PTSD symptoms and will be administered every two weeks.</description>
  </primary_outcome>
  <number_of_arms>2</number_of_arms>
  <enrollment type="Anticipated">30</enrollment>
  <condition>Alcohol Dependence</condition>
  <condition>Post-Traumatic Stress Disorder (PTSD)</condition>
  <arm_group>
    <arm_group_label>Zonisamide</arm_group_label>
    <arm_group_type>Experimental</arm_group_type>
    <description>Participants in this arm will receive zonisamide for 12 weeks.</description>
  </arm_group>
  <arm_group>
    <arm_group_label>Placebo</arm_group_label>
    <arm_group_type>Placebo Comparator</arm_group_type>
    <description>Participants in this arm will receive placebo medication for 12 weeks.</description>
  </arm_group>
  <intervention>
    <intervention_type>Behavioral</intervention_type>
    <intervention_name>Enhanced-Cognitive Processing Therapy-C (E-CPT-C)</intervention_name>
    <arm_group_label>Zonisamide</arm_group_label>
    <arm_group_label>Placebo</arm_group_label>
  </intervention>
  <intervention>
    <intervention_type>Drug</intervention_type>
    <intervention_name>Zonisamide</intervention_name>
    <arm_group_label>Zonisamide</arm_group_label>
    <other_name>Zonegran</other_name>
  </intervention>
  <intervention>
    <intervention_type>Drug</intervention_type>
    <intervention_name>Placebo</intervention_name>
    <arm_group_label>Placebo</arm_group_label>
  </intervention>
  <eligibility>
    <criteria>
      <textblock>
        Inclusion Criteria:

          -  Current alcohol dependence, as determined by a structured clinical interview
             (Structured Clinical Interview for DSM-IV Axis I Disorders) (SCID)

          -  Current PTSD as determined by a structured clinical interview (SCID)

          -  Veterans with current alcohol dependence, with at least one recent episode of heavy
             drinking over the past 14 days.

          -  Medically and neurologically healthy on the basis of history, physical examination,
             EKG, screening laboratories

          -  For women, negative pregnancy test and use of acceptable method of contraception

        Exclusion Criteria:

          -  Females who are pregnant or lactating.

          -  Veterans with a current unstable medical condition such as neurological,
             cardiovascular, endocrine, renal, liver, or thyroid pathology, which in the opinion of
             the physician would preclude the subject from fully cooperating or be of potential
             harm during the course of the study

          -  Veterans who meet current SCID criteria for a major Axis I diagnosis (Bipolar
             Disorders, Schizophrenia and Schizophrenia-type Disorders).

          -  History of substance dependence (other than alcohol, tobacco or cannabis) by DSM-IV
             criteria in the last 90 days.

          -  Veterans taking mood stabilizers and antipsychotic medications for specific
             psychiatric disorders.

          -  Veterans with a history of allergy to zonisamide.

          -  Veterans already receiving CPT.
      </textblock>
    </criteria>
    <gender>All</gender>
    <minimum_age>21 Years</minimum_age>
    <maximum_age>65 Years</maximum_age>
    <healthy_volunteers>No</healthy_volunteers>
  </eligibility>
  <overall_official>
    <last_name>Ismene Petrakis, M.D.</last_name>
    <role>Principal Investigator</role>
    <affiliation>Yale University</affiliation>
  </overall_official>
  <overall_contact>
    <last_name>Elizabeth Ralevski, Ph.D.</last_name>
    <phone>(203)932-5711</phone>
    <phone_ext>4282</phone_ext>
    <email>elizabeth.ralevski@yale.edu</email>
  </overall_contact>
  <overall_contact_backup>
    <last_name>Diana Limoncelli, B.A.</last_name>
    <phone>(203)932-5711</phone>
    <phone_ext>5217</phone_ext>
    <email>diana.limoncelli@yale.edu</email>
  </overall_contact_backup>
  <location>
    <facility>
      <name>VA Connecticut Healthcare System</name>
      <address>
        <city>West Haven</city>
        <state>Connecticut</state>
        <zip>06516</zip>
        <country>United States</country>
      </address>
    </facility>
    <status>Recruiting</status>
    <contact>
      <last_name>Elizabeth Ralevski, Ph.D.</last_name>
      <phone>203-932-5711</phone>
      <phone_ext>4282</phone_ext>
      <email>elizabeth.ralevski@yale.edu</email>
    </contact>
  </location>
  <location_countries>
    <country>United States</country>
  </location_countries>
  <verification_date>August 2016</verification_date>
  <lastchanged_date>August 4, 2016</lastchanged_date>
  <firstreceived_date>January 23, 2013</firstreceived_date>
  <responsible_party>
    <responsible_party_type>Principal Investigator</responsible_party_type>
    <investigator_affiliation>Yale University</investigator_affiliation>
    <investigator_full_name>Ismene Petrakis</investigator_full_name>
    <investigator_title>Principal Investigator</investigator_title>
  </responsible_party>
  <keyword>Alcohol Dependence</keyword>
  <keyword>Post-Traumatic Stress Disorder (PTSD)</keyword>
  <keyword>Zonisamide</keyword>
  <keyword>Cognitive Processing Therapy (CPT)</keyword>
  <condition_browse>
    <!-- CAUTION:  The following MeSH terms are assigned with an imperfect algorithm            -->
    <mesh_term>Stress Disorders, Traumatic</mesh_term>
    <mesh_term>Stress Disorders, Post-Traumatic</mesh_term>
    <mesh_term>Alcoholism</mesh_term>
  </condition_browse>
  <intervention_browse>
    <!-- CAUTION:  The following MeSH terms are assigned with an imperfect algorithm            -->
    <mesh_term>Ethanol</mesh_term>
    <mesh_term>Zonisamide</mesh_term>
  </intervention_browse>
  <!-- Results have not yet been posted for this study                                          -->
</clinical_study>

