<?xml version="1.0" encoding="UTF-8"?>
<clinical_study rank="15">
  <!-- This xml conforms to an XML Schema at:
    https://clinicaltrials.gov/ct2/html/images/info/public.xsd -->
  <required_header>
    <download_date>ClinicalTrials.gov processed this data on July 25, 2017</download_date>
    <link_text>Link to the current ClinicalTrials.gov record.</link_text>
    <url>https://clinicaltrials.gov/show/NCT02834949</url>
  </required_header>
  <id_info>
    <org_study_id>5R01AA020829-03</org_study_id>
    <nct_id>NCT02834949</nct_id>
  </id_info>
  <brief_title>Improving Brief Alcohol Interventions With a Behavioral Economic Supplement</brief_title>
  <official_title>Improving Brief Alcohol Interventions With a Behavioral Economic Supplement</official_title>
  <sponsors>
    <lead_sponsor>
      <agency>University of Memphis</agency>
      <agency_class>Other</agency_class>
    </lead_sponsor>
  </sponsors>
  <source>University of Memphis</source>
  <oversight_info>
    <has_dmc>Yes</has_dmc>
  </oversight_info>
  <brief_summary>
    <textblock>
      The purpose of this study is to evaluate the efficacy of a Substance-Free Activity Session
      (SFAS) as a supplement to a brief motivation intervention (BMI) in reducing alcohol use and
      alcohol-related consequences in college students.
    </textblock>
  </brief_summary>
  <detailed_description>
    <textblock>
      BMIs are associated with reductions in alcohol consumption and related problems, but effect
      sizes are generally small. One BMI trial indicated that behavioral economic variables such as
      low levels of proportionate substance-free reinforcement and inelastic demand for alcohol
      predicted poor intervention response, and that participants who successfully reduced their
      drinking increased their participation in academic and other substance-free activities. A
      subsequent NIAAA R21 developed a substance-free activity session (SFAS) supplement to
      traditional alcohol BMIs that attempted to increase engagement in constructive alternatives
      to drinking by enhancing the salience of delayed rewards (academic and career success) and
      the patterns of behavior (academic engagement) leading to these outcomes. This study
      indicated that a two session (alcohol BMI + SFAS) preventive intervention resulted in
      significantly greater reductions in alcohol problems relative to a two session (alcohol BMI +
      Relaxation) active control condition. The BMI+ SFAS was also associated with significantly
      greater reductions in heavy drinking for participants with lower levels of substance-free
      reinforcement at baseline. This was the first controlled study to demonstrate that a
      supplement to traditional BMIs can improve outcomes. The current study will extend these
      promising pilot results by (a) increasing the efficacy of the behavioral economic SFAS by
      including booster contact, (b) increasing power and generalizability by recruiting 425
      students from two universities and including a no-treatment control group, (c) measuring
      drinking, as well as behavioral economic mechanisms as mediators and moderators of
      intervention outcomes (delay discounting, alcohol reinforcing efficacy, substance-free
      reinforcement) at 5 time points over a sixteen month period, and (d) evaluating the economic
      costs and benefits associated with the SFAS. The goals of the SFAS - increasing student
      engagement in academic, campus, and career-related activities- are consistent with the
      priorities of most colleges.
    </textblock>
  </detailed_description>
  <overall_status>Active, not recruiting</overall_status>
  <start_date>July 2012</start_date>
  <completion_date type="Anticipated">July 2017</completion_date>
  <primary_completion_date type="Anticipated">July 2017</primary_completion_date>
  <phase>N/A</phase>
  <study_type>Interventional</study_type>
  <has_expanded_access>No</has_expanded_access>
  <study_design_info>
    <allocation>Randomized</allocation>
    <intervention_model>Parallel Assignment</intervention_model>
    <primary_purpose>Treatment</primary_purpose>
    <masking>Open Label</masking>
  </study_design_info>
  <primary_outcome>
    <measure>Change in Alcohol Use from baseline to follow-up (4 timepoints)</measure>
    <time_frame>Baseline, 1-month, 6-months, 12-months and 16-months</time_frame>
    <description>Self-reported drinks consumed in a typical week</description>
  </primary_outcome>
  <primary_outcome>
    <measure>Change in Alcohol-related Problems from baseline to follow-up (4 timepoints)</measure>
    <time_frame>Baseline, 1-month, 6-months, 12-months and 16-months</time_frame>
    <description>Self-reported alcohol-related consequences</description>
  </primary_outcome>
  <number_of_arms>3</number_of_arms>
  <enrollment type="Actual">393</enrollment>
  <condition>Alcohol Abuse</condition>
  <arm_group>
    <arm_group_label>BMI + SFAS</arm_group_label>
    <arm_group_type>Experimental</arm_group_type>
    <description>Participants first receive a 50-minute standard brief motivational intervention designed to reduce alcohol use. A week later, they will receive the SFAS (Substance-free Activity Session., a 50-minute counseling session designed to increase the salience of the student's academic and career goals, draw attention to the potentially negative relationship between substance use and goal accomplishment, and increase engagement in substance-free alternative activities. The SFAS will be described to participants as the &quot;College Adjustment Session&quot; and the session will be conducted using an MI plus personalized feedback approach.</description>
  </arm_group>
  <arm_group>
    <arm_group_label>BMI + Relaxation Session</arm_group_label>
    <arm_group_type>Active Comparator</arm_group_type>
    <description>Participants first receive a 50-minute standard brief motivational intervention designed to reduce alcohol use. A week later, they will receive a relaxation training session. In the relaxation training session, the clinician leads the student through a diaphragmatic breathing exercise, followed by a progressive muscle relaxation protocol (~30 minutes). At the end of the session, participants will be asked about their reaction to the relaxation techniques and provided with relaxation training handouts.</description>
  </arm_group>
  <arm_group>
    <arm_group_label>Assessment</arm_group_label>
    <arm_group_type>No Intervention</arm_group_type>
    <description>Participants will fill out a battery of measures and receive no intervention.</description>
  </arm_group>
  <intervention>
    <intervention_type>Behavioral</intervention_type>
    <intervention_name>Brief Motivational Intervention (BMI)</intervention_name>
    <description>This session includes a discussion related to harm reduction and the student's autonomy to make decisions about the information provided in the session; an alcohol use decisional balance exercise; personalized alcohol-related feedback, and goal-setting. Elements included in the feedback are: (a) comparison of the student's perception of how much college students drink and actual student norms, (b) a comparison of the student's alcohol consumption vs. norms, (c) an estimate of the student's peak blood alcohol content in the past month, (d) alcohol-related problems experienced, (e) money spent on alcohol, and (f) calories consumed from alcohol. Participants discuss the personalized feedback with the clinician and review protective behavioral strategies if he or she indicates interest.</description>
    <arm_group_label>BMI + SFAS</arm_group_label>
    <arm_group_label>BMI + Relaxation Session</arm_group_label>
  </intervention>
  <intervention>
    <intervention_type>Behavioral</intervention_type>
    <intervention_name>Substance-Free Activity Session (SFAS)</intervention_name>
    <description>The clinician initiates a discussion of the student's college and career goals. Students discuss the values that motivate them as well as how alcohol use may interfere with their ability to accomplish these goals. Students then receive information on graduation rates and income benefits for those who attend and excel in college. They receive personalized feedback on (a) the requirements for their major and intended career, (b) a list of extracurricular activities tailored to their goals, (c) a graph showing time they allocate to their activities, (d) information on stress and depressive symptoms (if applicable) and possible adaptive coping responses and (e) a list of substance-free recreational activities in which they would like to start or continuing engaging.</description>
    <arm_group_label>BMI + SFAS</arm_group_label>
  </intervention>
  <intervention>
    <intervention_type>Behavioral</intervention_type>
    <intervention_name>Relaxation Session</intervention_name>
    <description>The session includes a clinician-led diaphragmatic breathing exercise, followed by a progressive muscle relaxation protocol (~30 minutes). At the end of the session, participants will be asked about their reaction to the relaxation techniques and provided with relaxation training handouts.</description>
    <arm_group_label>BMI + Relaxation Session</arm_group_label>
  </intervention>
  <eligibility>
    <criteria>
      <textblock>
        Inclusion Criteria:

          -  Male and female University of Memphis and University of Missouri

          -  College freshman or sophomore

          -  Full time student status

          -  Report 2 or more heavy drinking episodes (5/4 drinks for men/women) in the past month

        Exclusion Criteria:

          -  Employed more than 20 hours per week
      </textblock>
    </criteria>
    <gender>All</gender>
    <minimum_age>18 Years</minimum_age>
    <maximum_age>27 Years</maximum_age>
    <healthy_volunteers>No</healthy_volunteers>
  </eligibility>
  <overall_official>
    <last_name>James G Murphy, Ph.D.</last_name>
    <role>Principal Investigator</role>
    <affiliation>University of Memphis</affiliation>
  </overall_official>
  <location>
    <facility>
      <name>University of Missouri</name>
      <address>
        <city>Columbia</city>
        <state>Missouri</state>
        <zip>65211</zip>
        <country>United States</country>
      </address>
    </facility>
  </location>
  <location>
    <facility>
      <name>University of Memphis</name>
      <address>
        <city>Memphis</city>
        <state>Tennessee</state>
        <zip>38152</zip>
        <country>United States</country>
      </address>
    </facility>
  </location>
  <location_countries>
    <country>United States</country>
  </location_countries>
  <verification_date>July 2016</verification_date>
  <lastchanged_date>July 12, 2016</lastchanged_date>
  <firstreceived_date>July 8, 2016</firstreceived_date>
  <responsible_party>
    <responsible_party_type>Principal Investigator</responsible_party_type>
    <investigator_affiliation>University of Memphis</investigator_affiliation>
    <investigator_full_name>James G Murphy</investigator_full_name>
    <investigator_title>Professor</investigator_title>
  </responsible_party>
  <condition_browse>
    <!-- CAUTION:  The following MeSH terms are assigned with an imperfect algorithm            -->
    <mesh_term>Alcoholism</mesh_term>
  </condition_browse>
  <intervention_browse>
    <!-- CAUTION:  The following MeSH terms are assigned with an imperfect algorithm            -->
    <mesh_term>Ethanol</mesh_term>
  </intervention_browse>
  <patient_data>
    <sharing_ipd>Yes</sharing_ipd>
    <ipd_description>The investigators will maintain a de-identified database and after they publish the primary outcomes, they will make an individual level data available to researchers who are conducting integrated analyses.</ipd_description>
  </patient_data>
  <!-- Results have not yet been posted for this study                                          -->
</clinical_study>

