<?xml version="1.0" encoding="UTF-8"?>
<clinical_study rank="319">
  <!-- This xml conforms to an XML Schema at:
    https://clinicaltrials.gov/ct2/html/images/info/public.xsd -->
  <required_header>
    <download_date>ClinicalTrials.gov processed this data on September 01, 2017</download_date>
    <link_text>Link to the current ClinicalTrials.gov record.</link_text>
    <url>https://clinicaltrials.gov/show/NCT00873535</url>
  </required_header>
  <id_info>
    <org_study_id>114/2008</org_study_id>
    <nct_id>NCT00873535</nct_id>
  </id_info>
  <brief_title>Effect of Varenicline on Reactivity to Smoking and Drinking Cues</brief_title>
  <official_title>Effect of Varenicline on Reactivity to Smoking and Drinking Cues in Individuals With Concurrent Tobacco Dependence and Alcohol Use</official_title>
  <sponsors>
    <lead_sponsor>
      <agency>Centre for Addiction and Mental Health</agency>
      <agency_class>Other</agency_class>
    </lead_sponsor>
    <collaborator>
      <agency>Canadian Institutes of Health Research (CIHR)</agency>
      <agency_class>Other</agency_class>
    </collaborator>
  </sponsors>
  <source>Centre for Addiction and Mental Health</source>
  <oversight_info>
    <has_dmc>No</has_dmc>
  </oversight_info>
  <brief_summary>
    <textblock>
      Alcohol and nicotine dependence are often co-morbid, with 85% of alcoholics also smoking.
      However, very little research has been conducted into the nature of this co-occurrence. Thus,
      the main aim of this study is to assess differences in alcohol and tobacco consumption and
      cue-induced craving in treatment-seeking smokers after two weeks treatment of varenicline.

      Hypotheses

        1. Two weeks of varenicline treatment will significantly decrease cue-induced tobacco
           craving compared to placebo (Due to the actions of varenicline on alpha-4-beta-2
           receptors and its downstream effect on dopamine release).

        2. Varenicline will decrease cue-induced alcohol craving compared to placebo.

        3. The impact of Varenicline on cue-induced alcohol craving will be greater in heavy
           drinkers compared to social drinkers.
    </textblock>
  </brief_summary>
  <detailed_description>
    <textblock>
      The relationship between alcohol and tobacco dependence needs to be addressed as such
      populations are generally excluded from clinical trials involving smoking cessation
      pharmacotherapy. Furthermore, the effect of Varenicline(Pfizer Pharmaceuticals)treatment on
      tobacco cue-induced craving has not been empirically measured, nor has the effect of
      varenicline on alcohol consumption. In addition to being an effective aid in smoking
      cessation, preliminary evidence has shown that Varenicline can decrease alcohol consumption
      in animal models.

      Varenicline is a partial agonist of the α4β2 nicotinic acetylcholine receptor. This drug's
      partial agonist effect allows for the activation of this receptor at a lesser degree than
      nicotine while simultaneously preventing nicotine binding due to the drugs high affinity
      (i.e.: antagonist effect) for this receptor subtype.

      Varenicline has recently been approved in Canada as an aid for smoking cessation. This study
      will be a double-blind, placebo-controlled randomized study. It will assess differences in
      alcohol and tobacco consumption and cue-induced craving in treatment-seeking smokers after
      two weeks of treatment with either varenicline or placebo.Ultimately This study may help to
      further understand the association between smoking and drinking alcohol.

      This study will consist of two study groups composed of 40 subjects each being randomized to
      receive either placebo or varenicline (0.5mg once daily for days 1-3, 0.5mg twice daily for
      days 4-7 followed by 1mg twice daily for days 8-14). One group will be heavy smokers and
      heavy drinkers while the other will be heavy smokers and social drinkers. Upon entering the
      study, subjects will undergo baseline cognitive and craving measures for both tobacco and
      alcohol associated cue presentations prior to randomization to varenicline or placebo.
      Subjects will be provided a 1-week supply of study medications and directions for use. During
      this period, subjects will be requested to complete a diary outlining their cigarette and
      alcohol craving and consumption each day and outline any adverse effects. Upon completion of
      this 1-week period, subjects will attend the Centre for Addiction and Mental Health (CAMH)
      where their old pill bottles and daily diaries will be collected and they will be supplied
      with study medication (1mg varenicline taken twice daily or placebo) and daily diary for an
      additional week. At this visit, subjects will complete the symptom checklist. At the end of
      the second week of treatment, subjects will be requested to return to CAMH where craving for
      tobacco and alcohol and cue-reactivity will be assessed in a similar manner as to study day
      After study completion, all subjects will be given the option to continue with varenicline in
      a 12-week treatment plan through the Nicotine Dependence Clinic.
    </textblock>
  </detailed_description>
  <overall_status>Completed</overall_status>
  <start_date>October 2008</start_date>
  <completion_date type="Actual">January 2010</completion_date>
  <primary_completion_date type="Actual">January 2010</primary_completion_date>
  <phase>N/A</phase>
  <study_type>Interventional</study_type>
  <has_expanded_access>No</has_expanded_access>
  <study_design_info>
    <allocation>Randomized</allocation>
    <intervention_model>Parallel Assignment</intervention_model>
    <primary_purpose>Treatment</primary_purpose>
    <masking>Double (Participant, Investigator)</masking>
  </study_design_info>
  <primary_outcome>
    <measure>The Questionnaire of Smoking Urges and the Alcohol Craving Questionnaire. (This questionnaire is used following visual cue presentation consisting of smoking, drinking and neutral pictures).</measure>
    <time_frame>day 1, day 14</time_frame>
  </primary_outcome>
  <number_of_arms>2</number_of_arms>
  <enrollment type="Actual">48</enrollment>
  <condition>Tobacco Dependence</condition>
  <condition>Alcohol Dependence</condition>
  <arm_group>
    <arm_group_label>Varenicline</arm_group_label>
    <arm_group_type>Active Comparator</arm_group_type>
    <description>This group (N=40) will receive Varenicline (0.5mg once daily for days 1-3, 0.5mg twice daily for days 4-7 followed by 1mg twice daily for days 8-14). The group will consist of heavy smokers and heavy drinkers (N=20) and heavy smokers and social drinkers (N=20).</description>
  </arm_group>
  <arm_group>
    <arm_group_label>Placebo</arm_group_label>
    <arm_group_type>Placebo Comparator</arm_group_type>
    <description>This group (N=40) will receive placebo in the same dosing regimen as for Varenicline. The group will consist of heavy smokers and heavy drinkers (N=20) and heavy smokers and social drinkers (N=20).</description>
  </arm_group>
  <intervention>
    <intervention_type>Drug</intervention_type>
    <intervention_name>Varenicline</intervention_name>
    <description>This group (N=40) will receive Varenicline (0.5mg once daily for days 1-3, 0.5mg twice daily for days 4-7 followed by 1mg twice daily for days 8-14). The group will consist of heavy smokers and heavy drinkers (N=20) and heavy smokers and social drinkers (N=20).</description>
    <arm_group_label>Varenicline</arm_group_label>
    <other_name>Chantix</other_name>
    <other_name>Champix</other_name>
  </intervention>
  <intervention>
    <intervention_type>Drug</intervention_type>
    <intervention_name>Placebo</intervention_name>
    <description>This group (n=40) will receive matching placebo capsules in the identical dosing regimen described for the Varenicline arm. The group will consist of heavy smokers who are heavy drinkers (n=20) and heavy smokers who are social drinkers (n=20).</description>
    <arm_group_label>Placebo</arm_group_label>
  </intervention>
  <eligibility>
    <criteria>
      <textblock>
        Inclusion Criteria: Heavy Smokers/Heavy Drinkers

          -  Treatment seeking smokers

          -  Age 18 to 65 years

          -  Smoke ≥ 10 cigarettes per day

          -  Fagerstrom Test of Nicotine Dependence score &gt; 3

          -  Alcohol Use Disorders Identification Test (AUDIT) &gt; 8

          -  Drink &gt; 25 drinks per week for males or &gt; 20 drinks per week for females

          -  Able to provide written informed consent

        Inclusion Criteria (Heavy Smokers/Social Drinkers):

          -  Treatment seeking smokers

          -  Age 18 to 65 years

          -  Smoke ≥ 10 cigarettes per day

          -  Fagerstrom Test of Nicotine Dependence score &gt; 3

          -  Alcohol Use Disorders Identification Test(AUDIT) &lt; 8

          -  Drink &lt; 14 drinks per week for males or &lt; 9 drinks per week for females

          -  Able to provide written informed consent

        Exclusion Criteria (Heavy Smokers/Heavy Drinkers):

          -  Any medical condition requiring immediate investigation or treatment

          -  Beck Depression Inventory score &gt;16

          -  Insulin-dependent diabetes

          -  Drink &gt; 70 standard alcoholic drinks per week for males or drink &gt; 52 standard
             alcoholic drinks per week for females

          -  Pregnancy or lactation

          -  Current DSM-IV Axis 1 psychiatric disorder

          -  Regular use of any therapeutic or recreational psychoactive drug use during the last
             three months or other substance use disorder, with the exception of tobacco and
             alcohol.

        Exclusion Criteria (Heavy Smokers/Social Drinkers):

          -  Any medical condition requiring immediate investigation or treatment

          -  Beck Depression Inventory score &gt;16

          -  Insulin-dependent diabetes

          -  Drink &gt; 14 standard alcoholic drinks per week for males or &gt; 9 standard alcoholic
             drinks per week for females

          -  Pregnancy or lactation

          -  Current DSM-IV Axis 1 psychiatric disorder

          -  Regular use of any therapeutic or recreational psychoactive drug use during the last
             three months or other substance use disorder, with the exception of tobacco.
      </textblock>
    </criteria>
    <gender>All</gender>
    <minimum_age>18 Years</minimum_age>
    <maximum_age>65 Years</maximum_age>
    <healthy_volunteers>Accepts Healthy Volunteers</healthy_volunteers>
  </eligibility>
  <overall_official>
    <last_name>Usoa E. Busto, Pharm.D.</last_name>
    <role>Principal Investigator</role>
    <affiliation>Centre for Addiction and Mental Health</affiliation>
  </overall_official>
  <location>
    <facility>
      <name>Centre for Addiction and Mental Health</name>
      <address>
        <city>Toronto</city>
        <state>Ontario</state>
        <zip>M5S 2S1</zip>
        <country>Canada</country>
      </address>
    </facility>
  </location>
  <location_countries>
    <country>Canada</country>
  </location_countries>
  <link>
    <url>http://www.camh.net/research</url>
    <description>Information about research at the Centre for Addiction and Mental Health</description>
  </link>
  <reference>
    <citation>Acheson A, Mahler SV, Chi H, de Wit H. Differential effects of nicotine on alcohol consumption in men and women. Psychopharmacology (Berl). 2006 May;186(1):54-63. Epub 2006 Mar 25.</citation>
    <PMID>16565827</PMID>
  </reference>
  <verification_date>September 2015</verification_date>
  <lastchanged_date>September 3, 2015</lastchanged_date>
  <firstreceived_date>March 31, 2009</firstreceived_date>
  <responsible_party>
    <responsible_party_type>Principal Investigator</responsible_party_type>
    <investigator_affiliation>Centre for Addiction and Mental Health</investigator_affiliation>
    <investigator_full_name>Laurie Zawertailo</investigator_full_name>
    <investigator_title>Clinical Scientist</investigator_title>
  </responsible_party>
  <keyword>Nicotine</keyword>
  <keyword>Nicotine dependence</keyword>
  <keyword>Smoking cessation</keyword>
  <keyword>Alcohol</keyword>
  <keyword>Alcohol dependence</keyword>
  <keyword>Alcohol cessation</keyword>
  <keyword>Treatment</keyword>
  <keyword>Smoking</keyword>
  <keyword>Cigarette</keyword>
  <keyword>Heavy drinkers</keyword>
  <keyword>Social drinkers</keyword>
  <keyword>Co-morbidity of alcohol and nicotine dependence</keyword>
  <keyword>Nicotine receptor</keyword>
  <keyword>Nicotinic receptor</keyword>
  <keyword>Nicotinic acetycholine receptor</keyword>
  <keyword>Alpha-4-beta-2 nicotinic acetycholine receptor</keyword>
  <keyword>Cholinergic receptor</keyword>
  <keyword>Dopamine</keyword>
  <keyword>Craving</keyword>
  <keyword>Diary</keyword>
  <keyword>Cue induced</keyword>
  <keyword>Pharmacotherapy</keyword>
  <keyword>Varenicline</keyword>
  <keyword>Chantix</keyword>
  <keyword>Champix</keyword>
  <condition_browse>
    <!-- CAUTION:  The following MeSH terms are assigned with an imperfect algorithm            -->
    <mesh_term>Alcoholism</mesh_term>
    <mesh_term>Tobacco Use Disorder</mesh_term>
  </condition_browse>
  <intervention_browse>
    <!-- CAUTION:  The following MeSH terms are assigned with an imperfect algorithm            -->
    <mesh_term>Ethanol</mesh_term>
    <mesh_term>Nicotine</mesh_term>
    <mesh_term>Varenicline</mesh_term>
  </intervention_browse>
  <!-- Results have not yet been posted for this study                                          -->
</clinical_study>

