<?xml version="1.0" encoding="UTF-8"?>
<clinical_study rank="396">
  <!-- This xml conforms to an XML Schema at:
    https://clinicaltrials.gov/ct2/html/images/info/public.xsd -->
  <required_header>
    <download_date>ClinicalTrials.gov processed this data on September 15, 2017</download_date>
    <link_text>Link to the current ClinicalTrials.gov record.</link_text>
    <url>https://clinicaltrials.gov/show/NCT02707055</url>
  </required_header>
  <id_info>
    <org_study_id>160080</org_study_id>
    <secondary_id>16-AA-0080</secondary_id>
    <nct_id>NCT02707055</nct_id>
  </id_info>
  <brief_title>A Novel Compound for Alcoholism Treatment: A Translational Strategy</brief_title>
  <official_title>A Novel Compound for Alcoholism Treatment: a Translational Strategy - Part II</official_title>
  <sponsors>
    <lead_sponsor>
      <agency>National Institute on Alcohol Abuse and Alcoholism (NIAAA)</agency>
      <agency_class>NIH</agency_class>
    </lead_sponsor>
  </sponsors>
  <source>National Institutes of Health Clinical Center (CC)</source>
  <brief_summary>
    <textblock>
      Background:

      Hormones are naturally occurring chemicals in the body. Ghrelin is a hormone that stimulates
      appetite. It may also stimulate alcohol cravings and use. Researchers want to learn more
      about alcohol cravings and test if a drug that blocks ghrelin lowers alcohol cravings.

      Objective:

      To test if the drug PF-05190457 decreases alcohol craving.

      Eligibility:

      People ages 18 65 who have:

      Alcohol use disorder

      No other serious medical problems

      Woman must be postmenopausal or have had surgery to prevent pregnancy.

      Design:

      Participants will stay on the inpatient unit here at the Clinical Center for two 2-week
      stages, which will be separated by at least 2 days. The inpatient phase include:

      Taking the study drug or placebo by mouth twice daily

      Blood tests

      Tasting several sweet solutions

      Physical exams

      Smokers will smoke cigarettes through a device that gives information about how they smoke a

      cigarette.

      Exposure to alcohol, water, and food cues in a bar-like room. Participants answer questions
      on a computer.

      Blood pressure and heart rate are monitored through an arm cuff and sensors on the chest.
      Saliva is collected

      through cotton rolls in the mouth.

      MRIs: Participants lie on a table that slides in and out of the cylinder, and a coil is
      placed over the head.

      They complete tasks on a computer screen while in the cylinder. This lasts up to 2 hours.

      Wearing a virtual reality headset, walking around a virtual room, and selecting virtual food
      and drink.

      Participants will have 8 hour long follow-up visits in our Outpatient Clinic These include:

      Counseling to abstain from alcohol use. Sessions may be videotaped.

      Physical exams
    </textblock>
  </brief_summary>
  <detailed_description>
    <textblock>
      Objective:

      Ghrelin is a 28-amino acid peptide that stimulates appetite and food intake. It is an
      endogenous ligand for the growth hormone secretagogue receptor (GHSR1a). Preclinical studies
      suggest that ghrelin modulates alcohol reward processing. Previous work from our research
      team, indicated that intravenous (IV) ghrelin administration, compared to placebo, results in
      an acute increase in alcohol craving during a cue-reactivity experiment in alcoholic
      individuals. Therefore, an oral bioavailable, ghrelin receptor antagonist that is able to
      pass through the blood brain barrier holds particular promise as a treatment for alcohol use
      disorder (AUD). This protocol is part of a grant project funded by National Center for
      Advancing Translational Sciences (NCATS) aimed to generate preliminary evidence in AUD on the
      safety and efficacy of a ghrelin receptor (GHSR1a) antagonist, PF-05190457, an existing
      molecule available under the NIH-Industry Pilot Program at NCATS. Completed preclinical and
      clinical (Protocol #14-AA-0042) work has demonstrated the safety of PF-05190457/alcohol
      interaction. The goal of this protocol is to conduct a proof-of-concept human laboratory
      study to assess an early-signal of efficacy of PF-05190457 in AUD.

      Study population:

      The study population will be AUD individuals (n = 55).

      Study Design:

      A within-subject, counterbalanced, double-blind, placebo-controlled study.

      Outcome measures:

      The primary aim will be to determine whether PF-05190457, compared to placebo, reduces
      alcohol cue-elicited craving. The main secondary aim will be to determine whether
      PF-05190457, compared to placebo, reduces brain blood oxygen level dependent (BOLD) response
      during exposure to alcohol cues, during a task-based fMRI scan. We will also investigate the
      effects of PF-05190457 on food craving as well as on food choices using a virtual buffet
      experimental procedure. All these outcomes will be assessed in the inpatient Unit at the NIH
      CC. After the inpatient portion of the protocol, patients will be followed-up as outpatients.
      During the outpatient phase, patients will be offered motivational interviewing and video
      feedback to explore the effects of this intervention, compared to supportive counseling, on
      maintaining motivation for alcohol abstinence and inform future studies where medications
      like PF-05190457 and behavioral treatments may be combined. The outpatient phase is optional
      for treatment seeking and nontreatment seeking participants.
    </textblock>
  </detailed_description>
  <overall_status>Recruiting</overall_status>
  <start_date>March 2, 2016</start_date>
  <completion_date type="Anticipated">December 31, 2018</completion_date>
  <primary_completion_date type="Anticipated">December 31, 2018</primary_completion_date>
  <phase>Phase 2</phase>
  <study_type>Interventional</study_type>
  <has_expanded_access>No</has_expanded_access>
  <study_design_info>
    <allocation>Randomized</allocation>
    <intervention_model>Crossover Assignment</intervention_model>
    <primary_purpose>Other</primary_purpose>
    <masking>Quadruple (Participant, Care Provider, Investigator, Outcomes Assessor)</masking>
  </study_design_info>
  <primary_outcome>
    <measure>The primary aim will be to determine whether PF-05190457, compared to placebo, reduces alcohol cue-elicited craving.</measure>
    <time_frame>During CR procedure</time_frame>
  </primary_outcome>
  <secondary_outcome>
    <measure>To determine whether PF-05190457, compared to placebo, reduces brain blood oxygen level dependent (BOLD) response during exposure to alcohol cues</measure>
    <time_frame>During the approximately 2 hour task-based fMRI</time_frame>
  </secondary_outcome>
  <secondary_outcome>
    <measure>To determine whether PF-05190457, compared to placebo, reduces food choices in a virtual buffet conducted in a virtual reality context</measure>
    <time_frame>During the approximately 1 hour IVETU session</time_frame>
  </secondary_outcome>
  <number_of_arms>4</number_of_arms>
  <enrollment type="Anticipated">55</enrollment>
  <condition>Alcoholism</condition>
  <arm_group>
    <arm_group_label>Active Drug</arm_group_label>
    <arm_group_type>Experimental</arm_group_type>
    <description>Ghrelin Receptor Inverse Agonist</description>
  </arm_group>
  <arm_group>
    <arm_group_label>Placebo</arm_group_label>
    <arm_group_type>Other</arm_group_type>
    <description>Placebo</description>
  </arm_group>
  <arm_group>
    <arm_group_label>MI-VF</arm_group_label>
    <arm_group_type>Other</arm_group_type>
    <description>Motivational Interviewing with Video</description>
  </arm_group>
  <arm_group>
    <arm_group_label>Counseling</arm_group_label>
    <arm_group_type>Other</arm_group_type>
    <description>Counseling support</description>
  </arm_group>
  <intervention>
    <intervention_type>Drug</intervention_type>
    <intervention_name>PF-05190457</intervention_name>
    <description>Ghrelin Receptor Inverse Agonist</description>
    <arm_group_label>Active Drug</arm_group_label>
  </intervention>
  <intervention>
    <intervention_type>Behavioral</intervention_type>
    <intervention_name>MI-VF</intervention_name>
    <description>Motivational Interviewing with Video</description>
    <arm_group_label>MI-VF</arm_group_label>
  </intervention>
  <intervention>
    <intervention_type>Other</intervention_type>
    <intervention_name>Placebo</intervention_name>
    <description>Placebo</description>
    <arm_group_label>Placebo</arm_group_label>
  </intervention>
  <intervention>
    <intervention_type>Other</intervention_type>
    <intervention_name>Counseling</intervention_name>
    <description>Counselling Support</description>
    <arm_group_label>Counseling</arm_group_label>
  </intervention>
  <eligibility>
    <criteria>
      <textblock>
        -  INCLUSION CRITERIA:

          -  Male or female individuals 18-65 years old (inclusive)

          -  Current Alcohol Use Disorder (AUD) by DSM-5 criteria based on the SCID

          -  Most recent urine drug test is negative

          -  Most recent Clinical Institute Withdrawal Assessment for Alcohol - revised (CIWA-Ar)
             score is less than or equal to 8

          -  Heart rate less than or equal to 100 on two separate measurements, both assessed after
             CIWA-Ar score is less than or equal to 8

          -  Female subjects must be of non childbearing potential as defined by at least one of
             the following criteria:

             a) Females 45-65 years old, who are menopausal, defined as follow:

             i) Females who are between 45-55 years old: they will be considered menopausal if they
             satisfy all the following three requirements during screening: 1) they are in
             amenorrhea, defined as absence of menstruation for the previous 12 months; 2) they
             have a negative urine pregnancy test; and 3) they have a serum FSH level within the
             laboratory s reference range for postmenopausal females.

        ii) Females who are between 56-65 years old: they will be considered menopausal if they are
        in amenorrhea, defined as absence of menstruation for the previous 12 months before
        screening.

        OR

        b) Females 21-65 years old, who have a documented hysterectomy and/or bilateral
        oophorectomy.

        All other female subjects (including females with tubal ligations and females that do NOT
        have a documented hysterectomy) will be considered to be of childbearing potential.

          -  Male subjects must use one of the following methods of contraception from the first
             dose of study medication and until 28 days after dosing (given that it is unknown
             whether the effects of this drug can cause birth defects):

               1. Abstinence.

               2. A condom AND one of the following:

                    -  Vasectomy for more than 6 months.

                    -  Female partner who meets one of the following conditions:

                         1. Has had a tubal ligation, hysterectomy, or bilateral oophorectomy;

                         2. Is post menopausal;

                         3. Uses one of the following forms of contraception:

                            Copper or hormonal containing IUD;

                            Spermicidal foam/gel/film/cream/suppository;

                            Diaphragm with spermicide;

                            Oral contraceptive;

                            Injectable progesterone;

                            Subdermal implant.

                            EXCLUSION CRITERIA:

          -  Current clinical diagnosis of substance use disorder (other than alcohol and/or
             nicotine)

          -  Lifetime clinical diagnosis of schizophrenia or bipolar disorder

          -  EKG with QTc &gt; 450 msec as determined by either the Bazett or Fridericia formulas
             using the QTc value that is the longest in duration.

          -  BMI less than or equal to 18.5 kg/M(2) or anorexia

          -  BMI greater than or equal to 40 kg/m(2)

          -  History of epilepsy and/or seizures

          -  Most recent blood tests show creatinine greater than or equal to 2 mg/dL, AST or ALT &gt;
             3 times the upper normal limit, hemoglobin &lt;10.5 g/dl

          -  Subjects who have diabetes and/or are treated with any drug with glucose lowering
             properties such as sulfonylurea, insulin, metformin, thiazolidinediones (TZD),
             Dipeptidyl peptidase-4 (DPP4) inhibitors, or Glucagon-like peptide-1(GLP-1)agonists
             (due to the glucose-lowering properties of PF-05190457 observed in healthy volunteers)

          -  Exclusionary Medications:

             --A. Naltrexone, acamprosate, alcohol dehydrogenase inhibitors, topiramate,
             gabapentin, ondansetron, benzodiazepines, beta-blockers, H2-blockers, and alpha-1
             blockers, baclofen, drugs that are known to prolong the QTc interval and barbiturates
             as well as hormone replacement therapy; medications and dietary/herbal supplements
             (like St. John's wort) that interact with Cytochrome P450 3A4. Patients who take these
             medications may be enrolled in the study only if the potentially interacting
             medication has been stopped for a period of at least 5 half-lives of the interacting
             medication before PF-05190457 administration.

          -  Unable to pass a finger rub hearing test

          -  Vision is unable to be corrected to (Snellen) 20/100

          -  Clinically-significant history of motion or car sickness, or history of vestibular
             disorders

          -  Any other reason or clinical condition for which the PI or the MAI will consider
             unsafe for a possible participant to participate in this study

        EXCLUSION CRITERIA FOR fMRI ONLY:

          -  Have contraindications for brain fMRI, as determined by the NIAAA MRI Safety screening
             form (conducted under the 14-AA-0181 Screening Protocol)

          -  Colorblindness (this would prevent subject from completing the Stroop task) using the
             Ishihara Test for Color Deficiency, Concise Edition, 2014.
      </textblock>
    </criteria>
    <gender>All</gender>
    <minimum_age>18 Years</minimum_age>
    <maximum_age>65 Years</maximum_age>
    <healthy_volunteers>No</healthy_volunteers>
  </eligibility>
  <overall_official>
    <last_name>Lorenzo Leggio, M.D.</last_name>
    <role>Principal Investigator</role>
    <affiliation>National Institute on Alcohol Abuse and Alcoholism (NIAAA)</affiliation>
  </overall_official>
  <overall_contact>
    <last_name>Lisa A Farinelli, R.N.</last_name>
    <phone>(301) 496-0836</phone>
    <email>farinellila@mail.nih.gov</email>
  </overall_contact>
  <overall_contact_backup>
    <last_name>Lorenzo Leggio, M.D.</last_name>
    <phone>(301) 435-9398</phone>
    <email>lorenzo.leggio@nih.gov</email>
  </overall_contact_backup>
  <location>
    <facility>
      <name>National Institutes of Health Clinical Center, 9000 Rockville Pike</name>
      <address>
        <city>Bethesda</city>
        <state>Maryland</state>
        <zip>20892</zip>
        <country>United States</country>
      </address>
    </facility>
    <status>Recruiting</status>
    <contact>
      <last_name>For more information at the NIH Clinical Center contact Patient Recruitment and Public Liaison Office (PRPL)</last_name>
      <phone>800-411-1222</phone>
      <phone_ext>TTY8664111010</phone_ext>
      <email>prpl@mail.cc.nih.gov</email>
    </contact>
  </location>
  <location_countries>
    <country>United States</country>
  </location_countries>
  <link>
    <url>https://clinicalstudies.info.nih.gov/cgi/detail.cgi?A_2016-AA-0080.html</url>
    <description>NIH Clinical Center Detailed Web Page</description>
  </link>
  <verification_date>March 9, 2017</verification_date>
  <lastchanged_date>June 30, 2017</lastchanged_date>
  <firstreceived_date>March 11, 2016</firstreceived_date>
  <responsible_party>
    <responsible_party_type>Sponsor</responsible_party_type>
  </responsible_party>
  <keyword>Alcohol Consumption</keyword>
  <keyword>Alcohol Treatment</keyword>
  <keyword>Alcoholism</keyword>
  <keyword>Ghrelin</keyword>
  <keyword>Ghrelin Antagonism</keyword>
  <condition_browse>
    <!-- CAUTION:  The following MeSH terms are assigned with an imperfect algorithm            -->
    <mesh_term>Alcoholism</mesh_term>
  </condition_browse>
  <!-- Results have not yet been posted for this study                                          -->
</clinical_study>

