<?xml version="1.0" encoding="UTF-8"?>
<clinical_study rank="291">
  <!-- This xml conforms to an XML Schema at:
    https://clinicaltrials.gov/ct2/html/images/info/public.xsd -->
  <required_header>
    <download_date>ClinicalTrials.gov processed this data on September 01, 2017</download_date>
    <link_text>Link to the current ClinicalTrials.gov record.</link_text>
    <url>https://clinicaltrials.gov/show/NCT01638377</url>
  </required_header>
  <id_info>
    <org_study_id>079/2011</org_study_id>
    <nct_id>NCT01638377</nct_id>
  </id_info>
  <brief_title>Pharmacotherapy for Alcohol Dependence in Convicted Drinking Drivers</brief_title>
  <official_title>A Multi-site Study to Disseminate and Evaluate Pharmacotherapy for Alcohol Dependence in Convicted Drinking Drivers</official_title>
  <sponsors>
    <lead_sponsor>
      <agency>Centre for Addiction and Mental Health</agency>
      <agency_class>Other</agency_class>
    </lead_sponsor>
  </sponsors>
  <source>Centre for Addiction and Mental Health</source>
  <oversight_info>
    <has_dmc>No</has_dmc>
  </oversight_info>
  <brief_summary>
    <textblock>
      This pilot study will explore the ways to link Ontario's remedial system for convicted
      drinking drivers to medical intervention, assess the receptiveness of the Back on Track
      client population to effective medical interventions, and assess the feasibility of a
      full-scale trial of pharmacotherapy for convicted drinking drivers.
    </textblock>
  </brief_summary>
  <detailed_description>
    <textblock>
      Many individuals with Alcohol Dependence do not receive treatment, despite effective
      treatments being available. A significant healthcare challenge is to find ways to bring
      people who have alcohol dependence into treatment programs. Drinking drivers are a group that
      has been shown to have high rates of alcohol dependence. In Ontario, all convicted drinking
      drivers who want to obtain a drivers license must complete Ontario's remedial program for
      convicted drinking drivers called Back on Track (BOT). In this program, those with more
      serious alcohol-related problems are assigned to a group treatment program. While it is
      likely that many of the individual in this group are experiencing alcohol dependence,
      currently there is no formal linkage to any medical services for these problems. In this
      study, the investigators will provide those in the BOT treatment group with information about
      a 24-week study assessing the effectiveness of naltrexone vs. placebo. This study will also
      assess the feasibility and level of interest among this population to obtain treatment for
      alcohol dependence.
    </textblock>
  </detailed_description>
  <overall_status>Terminated</overall_status>
  <why_stopped>
    Recruitment proved to be extremely difficult.
  </why_stopped>
  <start_date>August 2012</start_date>
  <completion_date type="Actual">March 2014</completion_date>
  <primary_completion_date type="Actual">March 2014</primary_completion_date>
  <phase>Phase 4</phase>
  <study_type>Interventional</study_type>
  <has_expanded_access>No</has_expanded_access>
  <study_design_info>
    <allocation>Randomized</allocation>
    <intervention_model>Parallel Assignment</intervention_model>
    <primary_purpose>Treatment</primary_purpose>
    <masking>Double (Participant, Investigator)</masking>
  </study_design_info>
  <primary_outcome>
    <measure>Participation rate</measure>
    <time_frame>2 years</time_frame>
    <description>We will determine what percentage of subjects will participate in the preliminary medical screening and what percentage of subjects with a diagnosis of alcohol dependence will participate in the trial.</description>
  </primary_outcome>
  <secondary_outcome>
    <measure>Effect of naltrexone on drinking patterns and drinking related measures</measure>
    <time_frame>At baseline and six-month follow-up</time_frame>
    <description>Clinical trial data of naltrexone vs. placebo will assess the effectiveness of the study intervention on alcohol related outcomes. Outcomes will include percent days abstinent, time to first heavy drinking day and alcohol craving. BOT program data for all participants will also be assessed including measures of drinking behaviour and measures of other drug use and consequences resulting from substance use. Ministry of Transportation data will be used to determine the long term effect on relevant outcomes such as collisions and charges associated with alcohol use.</description>
  </secondary_outcome>
  <number_of_arms>2</number_of_arms>
  <enrollment type="Actual">2</enrollment>
  <condition>Alcohol Dependence</condition>
  <arm_group>
    <arm_group_label>Naltrexone</arm_group_label>
    <arm_group_type>Experimental</arm_group_type>
    <description>Drug: Naltrexone 50 mg/day for 24 weeks.All participants will receive medical intervention in the form of medical management (MM) which will be delovered by a trained health care professional.</description>
  </arm_group>
  <arm_group>
    <arm_group_label>Control</arm_group_label>
    <arm_group_type>Placebo Comparator</arm_group_type>
    <description>Drug: Control Placebo (Lactose Monohydrate) for 24 weeks. All participants will receive medical intervention in the form of medical management (MM) which will be delivered by a trained health care professional.</description>
  </arm_group>
  <intervention>
    <intervention_type>Drug</intervention_type>
    <intervention_name>Naltrexone</intervention_name>
    <description>50 mg/day for 24 weeks. All participants will receive medical intervention in the form of medical management (MM) which will be delivered by a trained health care professional.</description>
    <arm_group_label>Naltrexone</arm_group_label>
    <other_name>Revia</other_name>
  </intervention>
  <intervention>
    <intervention_type>Drug</intervention_type>
    <intervention_name>Control</intervention_name>
    <description>Placebo (Lactose Monohydrate) for 24 weeks. All participants will receive medical intervention in the form of medical management (MM) which will be delivered by a trained health care professional.</description>
    <arm_group_label>Control</arm_group_label>
    <other_name>Placebo (Lactose Monohydrate)</other_name>
  </intervention>
  <eligibility>
    <criteria>
      <textblock>
        Inclusion Criteria:

          -  Male or females - 18 years or older

          -  Been convicted of drinking driving and allocated to either the education or the
             treatment group of the BOT program

          -  Meet criteria for alcohol dependence using the SCID-IV

          -  Consume more than 14 drinks (female) or 21 drinks (male) per week with a minimum of 2
             heavy drinking days (≥ 4 drinks for females and ≥ 5 drinks for males) during a
             consecutive 30-day period within the 90 days prior to the baseline evaluation

          -  Willing to receive pharmacotherapy for their alcohol dependence

          -  Seeking abstinence from alcohol as their main goal

        Exclusion Criteria:

          -  History of other substance use (other than nicotine or cannabis) by DSM-IV criteria in
             the last 90 days (6 months for opiate abuse)

          -  Positive urine drug screen

          -  Psychiatric disorder requiring medication

          -  Unstable medical condition requiring immediate investigation or treatment

          -  Pregnancy or lactation
      </textblock>
    </criteria>
    <gender>All</gender>
    <minimum_age>18 Years</minimum_age>
    <maximum_age>65 Years</maximum_age>
    <healthy_volunteers>No</healthy_volunteers>
  </eligibility>
  <overall_official>
    <last_name>Bernard Le Foll, MD, PhD</last_name>
    <role>Principal Investigator</role>
    <affiliation>Centre for Addiction and Mental Health</affiliation>
  </overall_official>
  <location>
    <facility>
      <name>Centre for Addiction and Mental Health</name>
      <address>
        <city>Toronto</city>
        <state>Ontario</state>
        <zip>M5S 2S1</zip>
        <country>Canada</country>
      </address>
    </facility>
  </location>
  <location_countries>
    <country>Canada</country>
  </location_countries>
  <link>
    <url>http://www.camh.net/research</url>
    <description>Information about research at the Centre for Addiction and Mental Health</description>
  </link>
  <reference>
    <citation>Anton RF, O'Malley SS, Ciraulo DA, Cisler RA, Couper D, Donovan DM, Gastfriend DR, Hosking JD, Johnson BA, LoCastro JS, Longabaugh R, Mason BJ, Mattson ME, Miller WR, Pettinati HM, Randall CL, Swift R, Weiss RD, Williams LD, Zweben A; COMBINE Study Research Group. Combined pharmacotherapies and behavioral interventions for alcohol dependence: the COMBINE study: a randomized controlled trial. JAMA. 2006 May 3;295(17):2003-17.</citation>
    <PMID>16670409</PMID>
  </reference>
  <reference>
    <citation>Lee JD, Grossman E, DiRocco D, Truncali A, Hanley K, Stevens D, Rotrosen J, Gourevitch MN. Extended-release naltrexone for treatment of alcohol dependence in primary care. J Subst Abuse Treat. 2010 Jul;39(1):14-21. doi: 10.1016/j.jsat.2010.03.005. Epub 2010 Apr 2.</citation>
    <PMID>20363090</PMID>
  </reference>
  <reference>
    <citation>Lapham SC, Smith E, C'de Baca J, Chang I, Skipper BJ, Baum G, Hunt WC. Prevalence of psychiatric disorders among persons convicted of driving while impaired. Arch Gen Psychiatry. 2001 Oct;58(10):943-9.</citation>
    <PMID>11576032</PMID>
  </reference>
  <reference>
    <citation>Mann RE, Anglin L, Wilkins K, Vingilis ER, MacDonald S. Mortality in a sample of convicted drinking drivers. Addiction. 1993 May;88(5):643-7.</citation>
    <PMID>8518714</PMID>
  </reference>
  <reference>
    <citation>Impinen A, Mäkelä P, Karjalainen K, Rahkonen O, Lintonen T, Lillsunde P, Ostamo A. High mortality among people suspected of drunk-driving. An 18-year register-based follow-up. Drug Alcohol Depend. 2010 Jul 1;110(1-2):80-4. doi: 10.1016/j.drugalcdep.2010.02.007. Epub 2010 Mar 23.</citation>
    <PMID>20334987</PMID>
  </reference>
  <reference>
    <citation>COMBINE Study Research Group. Testing combined pharmacotherapies and behavioral interventions in alcohol dependence: rationale and methods. Alcohol Clin Exp Res. 2003 Jul;27(7):1107-22.</citation>
    <PMID>12878917</PMID>
  </reference>
  <reference>
    <citation>Rösner S, Hackl-Herrwerth A, Leucht S, Vecchi S, Srisurapanont M, Soyka M. Opioid antagonists for alcohol dependence. Cochrane Database Syst Rev. 2010 Dec 8;(12):CD001867. doi: 10.1002/14651858.CD001867.pub2. Review.</citation>
    <PMID>21154349</PMID>
  </reference>
  <reference>
    <citation>Sullivan JT, Sykora K, Schneiderman J, Naranjo CA, Sellers EM. Assessment of alcohol withdrawal: the revised clinical institute withdrawal assessment for alcohol scale (CIWA-Ar). Br J Addict. 1989 Nov;84(11):1353-7.</citation>
    <PMID>2597811</PMID>
  </reference>
  <reference>
    <citation>Sobell LC, Sobell MB, Leo GI, Cancilla A. Reliability of a timeline method: assessing normal drinkers' reports of recent drinking and a comparative evaluation across several populations. Br J Addict. 1988 Apr;83(4):393-402.</citation>
    <PMID>3395719</PMID>
  </reference>
  <reference>
    <citation>Tonigan JS, Miller WR, Brown JM. The reliability of Form 90: an instrument for assessing alcohol treatment outcome. J Stud Alcohol. 1997 Jul;58(4):358-64.</citation>
    <PMID>9203116</PMID>
  </reference>
  <reference>
    <citation>Rollnick S, Heather N, Gold R, Hall W. Development of a short 'readiness to change' questionnaire for use in brief, opportunistic interventions among excessive drinkers. Br J Addict. 1992 May;87(5):743-54.</citation>
    <PMID>1591525</PMID>
  </reference>
  <reference>
    <citation>MacKillop J. Factor structure of the alcohol urge questionnaire under neutral conditions and during a cue-elicited urge state. Alcohol Clin Exp Res. 2006 Aug;30(8):1315-21.</citation>
    <PMID>16899034</PMID>
  </reference>
  <reference>
    <citation>Drummond DC, Phillips TS. Alcohol urges in alcohol-dependent drinkers: further validation of the Alcohol Urge Questionnaire in an untreated community clinical population. Addiction. 2002 Nov;97(11):1465-72.</citation>
    <PMID>12410786</PMID>
  </reference>
  <reference>
    <citation>HAMILTON M. The assessment of anxiety states by rating. Br J Med Psychol. 1959;32(1):50-5.</citation>
    <PMID>13638508</PMID>
  </reference>
  <results_reference>
    <citation>Ware J Jr, Kosinski M, Keller SD. A 12-Item Short-Form Health Survey: construction of scales and preliminary tests of reliability and validity. Med Care. 1996 Mar;34(3):220-33.</citation>
    <PMID>8628042</PMID>
  </results_reference>
  <verification_date>April 2014</verification_date>
  <lastchanged_date>April 1, 2014</lastchanged_date>
  <firstreceived_date>June 28, 2012</firstreceived_date>
  <responsible_party>
    <responsible_party_type>Principal Investigator</responsible_party_type>
    <investigator_affiliation>Centre for Addiction and Mental Health</investigator_affiliation>
    <investigator_full_name>Bernard Le Foll</investigator_full_name>
    <investigator_title>Principal Investigator</investigator_title>
  </responsible_party>
  <keyword>Back on Track</keyword>
  <keyword>convicted drinking drivers</keyword>
  <keyword>naltrexone</keyword>
  <keyword>alcohol dependence</keyword>
  <condition_browse>
    <!-- CAUTION:  The following MeSH terms are assigned with an imperfect algorithm            -->
    <mesh_term>Alcoholism</mesh_term>
  </condition_browse>
  <intervention_browse>
    <!-- CAUTION:  The following MeSH terms are assigned with an imperfect algorithm            -->
    <mesh_term>Ethanol</mesh_term>
    <mesh_term>Naltrexone</mesh_term>
  </intervention_browse>
  <!-- Results have not yet been posted for this study                                          -->
</clinical_study>

