<?xml version="1.0" encoding="UTF-8"?>
<clinical_study rank="436">
  <!-- This xml conforms to an XML Schema at:
    https://clinicaltrials.gov/ct2/html/images/info/public.xsd -->
  <required_header>
    <download_date>ClinicalTrials.gov processed this data on August 29, 2017</download_date>
    <link_text>Link to the current ClinicalTrials.gov record.</link_text>
    <url>https://clinicaltrials.gov/show/NCT02247388</url>
  </required_header>
  <id_info>
    <org_study_id>1211011052</org_study_id>
    <nct_id>NCT02247388</nct_id>
  </id_info>
  <brief_title>Automated Bilingual Computerized Alcohol Screening and Intervention in Latinos (AB-CASI)</brief_title>
  <acronym>AB-CASI</acronym>
  <official_title>Automated Bilingual Computerized Alcohol Screen and Intervention in Latinos</official_title>
  <sponsors>
    <lead_sponsor>
      <agency>Yale University</agency>
      <agency_class>Other</agency_class>
    </lead_sponsor>
  </sponsors>
  <source>Yale University</source>
  <oversight_info>
    <has_dmc>Yes</has_dmc>
  </oversight_info>
  <brief_summary>
    <textblock>
      To study the efficacy of AB-CASI against standard of care in a randomized controlled trial in
      the Emergency Department.
    </textblock>
  </brief_summary>
  <detailed_description>
    <textblock>
      The research team will rigorously test the efficacy of AB-CASI, against a standard condition
      (SC) in a first-of-a-kind ED randomized controlled trial. Studying an urban adult (≥ 18 y/o)
      Latino ED population, the objectives are to demonstrate the superiority of AB-CASI compared
      to SC in: 1) reduction of alcohol consumption (Aims 1), 2) reduction of negative health
      behaviors and consequences (Aim 2), and 3) increasing 30-day treatment engagement (Aim 3).
      The investigators will also explore variation of the AB-CASI intervention on alcohol
      consumption, alcohol-related negative health behaviors and consequences, and 30-day treatment
      engagement by Latino subpopulations (Puerto-Rican, Mexican-American, Cuban-American,
      South/Central American) as well as other potential modifiers (age, birthplace, gender,
      preferred language, reason for ED visit, and smoking status). English and Spanish speaking
      Latino adults presenting to the Bridgeport Hospital ED will be screened using the study
      inclusion and exclusion criteria.
    </textblock>
  </detailed_description>
  <overall_status>Recruiting</overall_status>
  <start_date>October 2014</start_date>
  <completion_date type="Anticipated">August 2019</completion_date>
  <primary_completion_date type="Anticipated">August 2019</primary_completion_date>
  <phase>N/A</phase>
  <study_type>Interventional</study_type>
  <has_expanded_access>No</has_expanded_access>
  <study_design_info>
    <allocation>Randomized</allocation>
    <intervention_model>Parallel Assignment</intervention_model>
    <primary_purpose>Treatment</primary_purpose>
    <masking>Single (Participant)</masking>
  </study_design_info>
  <primary_outcome>
    <measure>Self Reported Binge Drinking Episodes</measure>
    <time_frame>28 Days post enrollment</time_frame>
    <description>Self reported number of binge drinking episodes over the previous 28 days assessed using the 28 day timeline follow back</description>
  </primary_outcome>
  <primary_outcome>
    <measure>Mean Number of Weekly Drinks</measure>
    <time_frame>28 Days post enrollment</time_frame>
    <description>Self reported mean number of weekly drinks as measured by a 28 day timeline follow back</description>
  </primary_outcome>
  <secondary_outcome>
    <measure>Alcohol-Related Negative Health Behaviors and Consequences</measure>
    <time_frame>12 months post enrollment</time_frame>
    <description>Self reported alcohol-related negative health behaviors and consequences based on the Brief Event Data survey (includes episodes of impaired driving, riding with an impaired driver, injuries, arrests, tardiness and days absent from work/school)</description>
  </secondary_outcome>
  <other_outcome>
    <measure>30 Day Treatment Engagement</measure>
    <time_frame>30 days post enrollment</time_frame>
    <description>Engagement in alcohol treatment program based on Treatment Services Review at 30 day phone follow up</description>
  </other_outcome>
  <number_of_arms>2</number_of_arms>
  <enrollment type="Anticipated">820</enrollment>
  <condition>Alcohol Dependence</condition>
  <arm_group>
    <arm_group_label>AB-CASI</arm_group_label>
    <arm_group_type>Experimental</arm_group_type>
    <description>Automated Bilingual Computerized Alcohol Screening and Brief Negotiated Interview(BNI) Intervention</description>
  </arm_group>
  <arm_group>
    <arm_group_label>Standard Care</arm_group_label>
    <arm_group_type>No Intervention</arm_group_type>
    <description>Standard Care</description>
  </arm_group>
  <intervention>
    <intervention_type>Behavioral</intervention_type>
    <intervention_name>Computerized Alcohol Screening</intervention_name>
    <description>iPad based automated alcohol screening</description>
    <arm_group_label>AB-CASI</arm_group_label>
  </intervention>
  <intervention>
    <intervention_type>Behavioral</intervention_type>
    <intervention_name>Brief Negotiated Interview</intervention_name>
    <description>iPad based automated brief negotiated interview (BNI)</description>
    <arm_group_label>AB-CASI</arm_group_label>
    <other_name>BNI</other_name>
  </intervention>
  <eligibility>
    <criteria>
      <textblock>
        Inclusion Criteria:

          -  English and Spanish speaking adult

          -  ≥ 18 y/o

          -  Latino patients who present to the Bridgeport Hospital's ED

          -  Drink over the NIAAA low-risk limits.

        Exclusion Criteria:

          -  Primary language other than English or Spanish

          -  Current enrollment in an alcohol or substance abuse treatment program

          -  Current ED visit for acute psychosis

          -  Condition that precludes interview or AB-CASI use i.e., life threatening
             injury/illness

          -  In police custody

          -  Inability to provide two contact numbers for follow-up
      </textblock>
    </criteria>
    <gender>All</gender>
    <minimum_age>18 Years</minimum_age>
    <maximum_age>N/A</maximum_age>
    <healthy_volunteers>No</healthy_volunteers>
  </eligibility>
  <overall_official>
    <last_name>Federico Vaca, MD, MPH</last_name>
    <role>Principal Investigator</role>
    <affiliation>Yale University</affiliation>
  </overall_official>
  <overall_contact>
    <last_name>Vanessa Zuniga, MA</last_name>
    <phone>(203) 737-4794</phone>
    <email>vanessa.zuniga@yale.edu</email>
  </overall_contact>
  <location>
    <facility>
      <name>Bridgeport Hospital</name>
      <address>
        <city>Bridgeport</city>
        <state>Connecticut</state>
        <zip>06610</zip>
        <country>United States</country>
      </address>
    </facility>
    <status>Recruiting</status>
    <contact>
      <last_name>Vanessa Zuniga, MA</last_name>
      <phone>203-737-4794</phone>
      <email>vanessa.zuniga@yale.edu</email>
    </contact>
    <investigator>
      <last_name>Federico Vaca, MD, MPH</last_name>
      <role>Principal Investigator</role>
    </investigator>
  </location>
  <location_countries>
    <country>United States</country>
  </location_countries>
  <verification_date>March 2017</verification_date>
  <lastchanged_date>March 9, 2017</lastchanged_date>
  <firstreceived_date>September 16, 2014</firstreceived_date>
  <responsible_party>
    <responsible_party_type>Sponsor</responsible_party_type>
  </responsible_party>
  <keyword>Alcohol Dependence</keyword>
  <keyword>Alcoholism</keyword>
  <keyword>AB-CASI</keyword>
  <keyword>Emergency Department</keyword>
  <condition_browse>
    <!-- CAUTION:  The following MeSH terms are assigned with an imperfect algorithm            -->
    <mesh_term>Alcoholism</mesh_term>
  </condition_browse>
  <intervention_browse>
    <!-- CAUTION:  The following MeSH terms are assigned with an imperfect algorithm            -->
    <mesh_term>Ethanol</mesh_term>
  </intervention_browse>
  <!-- Results have not yet been posted for this study                                          -->
</clinical_study>

