<?xml version="1.0" encoding="UTF-8"?>
<clinical_study rank="79">
  <!-- This xml conforms to an XML Schema at:
    https://clinicaltrials.gov/ct2/html/images/info/public.xsd -->
  <required_header>
    <download_date>ClinicalTrials.gov processed this data on August 15, 2017</download_date>
    <link_text>Link to the current ClinicalTrials.gov record.</link_text>
    <url>https://clinicaltrials.gov/show/NCT00854724</url>
  </required_header>
  <id_info>
    <org_study_id>P-000726</org_study_id>
    <secondary_id>R44AA152200</secondary_id>
    <nct_id>NCT00854724</nct_id>
  </id_info>
  <brief_title>Puerarin Effects on Alcohol Drinking</brief_title>
  <acronym>PAD</acronym>
  <official_title>Puerarin (NPI-031G) Effects on Alcohol Drinking - A Natural Settings Study</official_title>
  <sponsors>
    <lead_sponsor>
      <agency>Mclean Hospital</agency>
      <agency_class>Other</agency_class>
    </lead_sponsor>
  </sponsors>
  <source>Mclean Hospital</source>
  <oversight_info>
    <has_dmc>No</has_dmc>
  </oversight_info>
  <brief_summary>
    <textblock>
      This research is designed to assess the impact of pretreatment with puerarin (NPI-031G), a
      major ingredient in the plant kudzu, on alcohol drinking. Hypothesis: Short-term treatment
      with this compound will reduce alcohol self-administration in a simulated natural settings
      laboratory.
    </textblock>
  </brief_summary>
  <detailed_description>
    <textblock>
      Participants will have an opportunity to drink up to 6 beers, plus water and juice, during a
      90 minute afternoon drinking session in our simulated apartment room laboratory. Drinking
      sessions will be conducted in the afternoon after participants take puerarin or placebo for 7
      days.
    </textblock>
  </detailed_description>
  <overall_status>Completed</overall_status>
  <start_date>February 2009</start_date>
  <completion_date type="Actual">July 2011</completion_date>
  <primary_completion_date type="Actual">March 2011</primary_completion_date>
  <phase>Phase 2</phase>
  <study_type>Interventional</study_type>
  <has_expanded_access>No</has_expanded_access>
  <study_design_info>
    <allocation>Randomized</allocation>
    <intervention_model>Crossover Assignment</intervention_model>
    <primary_purpose>Treatment</primary_purpose>
    <masking>Double Blind (Participant, Investigator)</masking>
  </study_design_info>
  <primary_outcome>
    <measure>Amount of Alcohol Consumed</measure>
    <time_frame>During a 90 minute drinking session</time_frame>
  </primary_outcome>
  <number_of_arms>2</number_of_arms>
  <enrollment type="Actual">16</enrollment>
  <condition>Alcohol Abuse</condition>
  <arm_group>
    <arm_group_label>Puerarin</arm_group_label>
    <arm_group_type>Active Comparator</arm_group_type>
  </arm_group>
  <arm_group>
    <arm_group_label>Placebo</arm_group_label>
    <arm_group_type>Placebo Comparator</arm_group_type>
    <description>Sugar beet filler in capsule</description>
  </arm_group>
  <intervention>
    <intervention_type>Drug</intervention_type>
    <intervention_name>Puerarin, Placebo</intervention_name>
    <description>400 mg, three times a day for 7 days</description>
    <arm_group_label>Puerarin</arm_group_label>
    <arm_group_label>Placebo</arm_group_label>
    <other_name>Puerarin: NPI-031G</other_name>
    <other_name>Placebo: Sugar beet extract</other_name>
  </intervention>
  <eligibility>
    <criteria>
      <textblock>
        Inclusion Criteria:

          -  moderate to heavy alcohol drinkers (20+ drinks per week)

        Exclusion Criteria:

          -  alcohol dependence or treatment-seeking drinkers

          -  other drug abuse or dependence

          -  psychiatric disorders
      </textblock>
    </criteria>
    <gender>All</gender>
    <minimum_age>21 Years</minimum_age>
    <maximum_age>45 Years</maximum_age>
    <healthy_volunteers>Accepts Healthy Volunteers</healthy_volunteers>
  </eligibility>
  <overall_official>
    <last_name>David M. Penetar, PhD</last_name>
    <role>Principal Investigator</role>
    <affiliation>Mclean Hospital</affiliation>
  </overall_official>
  <location>
    <facility>
      <name>McLean Hospital, Behavioral Psychopharmacology Research Laboratory</name>
      <address>
        <city>Belmont</city>
        <state>Massachusetts</state>
        <zip>02478</zip>
        <country>United States</country>
      </address>
    </facility>
  </location>
  <location_countries>
    <country>United States</country>
  </location_countries>
  <reference>
    <citation>Lukas SE, Penetar D, Berko J, Vicens L, Palmer C, Mallya G, Macklin EA, Lee DY. An extract of the Chinese herbal root kudzu reduces alcohol drinking by heavy drinkers in a naturalistic setting. Alcohol Clin Exp Res. 2005 May;29(5):756-62.</citation>
    <PMID>15897719</PMID>
  </reference>
  <verification_date>September 2011</verification_date>
  <lastchanged_date>September 1, 2011</lastchanged_date>
  <firstreceived_date>February 27, 2009</firstreceived_date>
  <firstreceived_results_date>July 19, 2011</firstreceived_results_date>
  <responsible_party>
    <responsible_party_type>Principal Investigator</responsible_party_type>
    <investigator_affiliation>Mclean Hospital</investigator_affiliation>
    <investigator_full_name>David M. Penetar</investigator_full_name>
    <investigator_title>Psychologist</investigator_title>
  </responsible_party>
  <condition_browse>
    <!-- CAUTION:  The following MeSH terms are assigned with an imperfect algorithm            -->
    <mesh_term>Alcoholism</mesh_term>
    <mesh_term>Alcohol Drinking</mesh_term>
  </condition_browse>
  <intervention_browse>
    <!-- CAUTION:  The following MeSH terms are assigned with an imperfect algorithm            -->
    <mesh_term>Puerarin</mesh_term>
  </intervention_browse>

  <clinical_results>

    <participant_flow>
      <group_list>
        <group group_id="P1">
          <title>Placebo, Then Puerarin</title>
        </group>
        <group group_id="P2">
          <title>Puerarin, Then Placebo</title>
        </group>
      </group_list>
      <period_list>
        <period>
          <title>First Intervention</title>
          <milestone_list>
            <milestone>
              <title>STARTED</title>
              <participants_list>
                <participants group_id="P1" count="8"/>
                <participants group_id="P2" count="8"/>
              </participants_list>
            </milestone>
            <milestone>
              <title>COMPLETED</title>
              <participants_list>
                <participants group_id="P1" count="7"/>
                <participants group_id="P2" count="7"/>
              </participants_list>
            </milestone>
            <milestone>
              <title>NOT COMPLETED</title>
              <participants_list>
                <participants group_id="P1" count="1"/>
                <participants group_id="P2" count="1"/>
              </participants_list>
            </milestone>
          </milestone_list>
          <drop_withdraw_reason_list>
            <drop_withdraw_reason>
              <title>Withdrawal by Subject</title>
              <participants_list>
                <participants group_id="P1" count="1"/>
                <participants group_id="P2" count="1"/>
              </participants_list>
            </drop_withdraw_reason>
          </drop_withdraw_reason_list>
        </period>
        <period>
          <title>Washout</title>
          <milestone_list>
            <milestone>
              <title>STARTED</title>
              <participants_list>
                <participants group_id="P1" count="7"/>
                <participants group_id="P2" count="7"/>
              </participants_list>
            </milestone>
            <milestone>
              <title>COMPLETED</title>
              <participants_list>
                <participants group_id="P1" count="6"/>
                <participants group_id="P2" count="6"/>
              </participants_list>
            </milestone>
            <milestone>
              <title>NOT COMPLETED</title>
              <participants_list>
                <participants group_id="P1" count="1"/>
                <participants group_id="P2" count="1"/>
              </participants_list>
            </milestone>
          </milestone_list>
          <drop_withdraw_reason_list>
            <drop_withdraw_reason>
              <title>Protocol Violation</title>
              <participants_list>
                <participants group_id="P1" count="1"/>
                <participants group_id="P2" count="0"/>
              </participants_list>
            </drop_withdraw_reason>
            <drop_withdraw_reason>
              <title>Withdrawal by Subject</title>
              <participants_list>
                <participants group_id="P1" count="0"/>
                <participants group_id="P2" count="1"/>
              </participants_list>
            </drop_withdraw_reason>
          </drop_withdraw_reason_list>
        </period>
        <period>
          <title>Second Intervention</title>
          <milestone_list>
            <milestone>
              <title>STARTED</title>
              <participants_list>
                <participants group_id="P1" count="6"/>
                <participants group_id="P2" count="6"/>
              </participants_list>
            </milestone>
            <milestone>
              <title>COMPLETED</title>
              <participants_list>
                <participants group_id="P1" count="5"/>
                <participants group_id="P2" count="5"/>
              </participants_list>
            </milestone>
            <milestone>
              <title>NOT COMPLETED</title>
              <participants_list>
                <participants group_id="P1" count="1"/>
                <participants group_id="P2" count="1"/>
              </participants_list>
            </milestone>
          </milestone_list>
          <drop_withdraw_reason_list>
            <drop_withdraw_reason>
              <title>Protocol Violation</title>
              <participants_list>
                <participants group_id="P1" count="1"/>
                <participants group_id="P2" count="0"/>
              </participants_list>
            </drop_withdraw_reason>
            <drop_withdraw_reason>
              <title>Physician Decision</title>
              <participants_list>
                <participants group_id="P1" count="0"/>
                <participants group_id="P2" count="1"/>
              </participants_list>
            </drop_withdraw_reason>
          </drop_withdraw_reason_list>
        </period>
      </period_list>
    </participant_flow>

    <baseline>
      <group_list>
        <group group_id="B1">
          <title>Placebo, Then Puerarin</title>
        </group>
        <group group_id="B2">
          <title>Puerarin, Then Placebo</title>
        </group>
        <group group_id="B3">
          <title>Total</title>
          <description>Total of all reporting groups</description>
        </group>
      </group_list>
      <analyzed_list>
        <analyzed>
          <units>Participants</units>
          <scope>Overall</scope>
          <count_list>
            <count group_id="B1" value="8"/>
            <count group_id="B2" value="8"/>
            <count group_id="B3" value="16"/>
          </count_list>
        </analyzed>
      </analyzed_list>
      <measure_list>
        <measure>
          <title>Age</title>
          <units>participants</units>
          <param>Number</param>
          <class_list>
            <class>
              <title>&lt;=18 years</title>
              <category_list>
                <category>
                  <measurement_list>
                    <measurement group_id="B1" value="0"/>
                    <measurement group_id="B2" value="0"/>
                    <measurement group_id="B3" value="0"/>
                  </measurement_list>
                </category>
              </category_list>
            </class>
            <class>
              <title>Between 18 and 65 years</title>
              <category_list>
                <category>
                  <measurement_list>
                    <measurement group_id="B1" value="8"/>
                    <measurement group_id="B2" value="8"/>
                    <measurement group_id="B3" value="16"/>
                  </measurement_list>
                </category>
              </category_list>
            </class>
            <class>
              <title>&gt;=65 years</title>
              <category_list>
                <category>
                  <measurement_list>
                    <measurement group_id="B1" value="0"/>
                    <measurement group_id="B2" value="0"/>
                    <measurement group_id="B3" value="0"/>
                  </measurement_list>
                </category>
              </category_list>
            </class>
          </class_list>
        </measure>
        <measure>
          <title>Age</title>
          <units>years</units>
          <param>Mean</param>
          <dispersion>Standard Deviation</dispersion>
          <class_list>
            <class>
              <category_list>
                <category>
                  <measurement_list>
                    <measurement group_id="B1" value="24.3" spread="2.9"/>
                    <measurement group_id="B2" value="24.5" spread="3.7"/>
                    <measurement group_id="B3" value="24.4" spread="3.2"/>
                  </measurement_list>
                </category>
              </category_list>
            </class>
          </class_list>
        </measure>
        <measure>
          <title>Gender</title>
          <units>participants</units>
          <param>Number</param>
          <class_list>
            <class>
              <title>Female</title>
              <category_list>
                <category>
                  <measurement_list>
                    <measurement group_id="B1" value="2"/>
                    <measurement group_id="B2" value="1"/>
                    <measurement group_id="B3" value="3"/>
                  </measurement_list>
                </category>
              </category_list>
            </class>
            <class>
              <title>Male</title>
              <category_list>
                <category>
                  <measurement_list>
                    <measurement group_id="B1" value="6"/>
                    <measurement group_id="B2" value="7"/>
                    <measurement group_id="B3" value="13"/>
                  </measurement_list>
                </category>
              </category_list>
            </class>
          </class_list>
        </measure>
        <measure>
          <title>Region of Enrollment</title>
          <units>participants</units>
          <param>Number</param>
          <class_list>
            <class>
              <title>United States</title>
              <category_list>
                <category>
                  <measurement_list>
                    <measurement group_id="B1" value="8"/>
                    <measurement group_id="B2" value="8"/>
                    <measurement group_id="B3" value="16"/>
                  </measurement_list>
                </category>
              </category_list>
            </class>
          </class_list>
        </measure>
      </measure_list>
    </baseline>

    <outcome_list>
      <outcome>
        <type>Primary</type>
        <title>Amount of Alcohol Consumed</title>
        <time_frame>During a 90 minute drinking session</time_frame>
        <group_list>
          <group group_id="O1">
            <title>Placebo, Then Puerarin</title>
          </group>
          <group group_id="O2">
            <title>Puerarin, Then Placebo</title>
          </group>
        </group_list>
        <measure>
          <title>Amount of Alcohol Consumed</title>
          <units>Number of drinks consumed</units>
          <param>Mean</param>
          <dispersion>Standard Error</dispersion>
          <analyzed_list>
            <analyzed>
              <units>Participants</units>
              <scope>Measure</scope>
              <count_list>
                <count group_id="O1" value="8"/>
                <count group_id="O2" value="8"/>
              </count_list>
            </analyzed>
          </analyzed_list>
          <class_list>
            <class>
              <category_list>
                <category>
                  <measurement_list>
                    <measurement group_id="O1" value="3.46" spread="0.55"/>
                    <measurement group_id="O2" value="2.36" spread="0.41"/>
                  </measurement_list>
                </category>
              </category_list>
            </class>
          </class_list>
        </measure>
      </outcome>
    </outcome_list>

    <reported_events>
      <group_list>
        <group group_id="E1">
          <title>Placebo, Then Puerarin</title>
        </group>
        <group group_id="E2">
          <title>Puerarin, Then Placebo</title>
        </group>
      </group_list>
      <serious_events>
        <category_list>
          <category>
            <title>Total</title>
            <event_list>
              <event>
                <sub_title>Total, serious adverse events</sub_title>
                <counts group_id="E1" subjects_affected="0" subjects_at_risk="8"/>
                <counts group_id="E2" subjects_affected="0" subjects_at_risk="8"/>
              </event>
            </event_list>
          </category>
        </category_list>
      </serious_events>
      <other_events>
        <frequency_threshold>5</frequency_threshold>
        <default_assessment>Non-systematic Assessment</default_assessment>
        <category_list>
          <category>
            <title>Total</title>
            <event_list>
              <event>
                <sub_title>Total, other adverse events</sub_title>
                <counts group_id="E1" subjects_affected="4" subjects_at_risk="8"/>
                <counts group_id="E2" subjects_affected="3" subjects_at_risk="8"/>
              </event>
            </event_list>
          </category>
          <category>
            <title>Gastrointestinal disorders</title>
            <event_list>
              <event>
                <sub_title>Nausea</sub_title>
                <counts group_id="E1" events="2" subjects_affected="2" subjects_at_risk="8"/>
                <counts group_id="E2" events="1" subjects_affected="1" subjects_at_risk="8"/>
              </event>
            </event_list>
          </category>
          <category>
            <title>General disorders</title>
            <event_list>
              <event>
                <sub_title>headache</sub_title>
                <counts group_id="E1" events="1" subjects_affected="1" subjects_at_risk="8"/>
                <counts group_id="E2" events="0" subjects_affected="0" subjects_at_risk="8"/>
              </event>
            </event_list>
          </category>
          <category>
            <title>Hepatobiliary disorders</title>
            <event_list>
              <event>
                <sub_title>Elevated Liver Enzymes</sub_title>
                <assessment>Systematic Assessment</assessment>
                <counts group_id="E1" events="0" subjects_affected="0" subjects_at_risk="8"/>
                <counts group_id="E2" events="1" subjects_affected="1" subjects_at_risk="8"/>
              </event>
            </event_list>
          </category>
          <category>
            <title>Musculoskeletal and connective tissue disorders</title>
            <event_list>
              <event>
                <sub_title>Cheek Pain</sub_title>
                <counts group_id="E1" events="0" subjects_affected="0" subjects_at_risk="8"/>
                <counts group_id="E2" events="1" subjects_affected="1" subjects_at_risk="8"/>
              </event>
            </event_list>
          </category>
          <category>
            <title>Renal and urinary disorders</title>
            <event_list>
              <event>
                <sub_title>Urinary Tract infection</sub_title>
                <counts group_id="E1" events="1" subjects_affected="1" subjects_at_risk="8"/>
                <counts group_id="E2" events="0" subjects_affected="0" subjects_at_risk="8"/>
              </event>
            </event_list>
          </category>
        </category_list>
      </other_events>
    </reported_events>

    <certain_agreements>
      <pi_employee>All Principal Investigators ARE employed by the organization sponsoring the study.</pi_employee>
      <restrictive_agreement>There is NOT an agreement between Principal Investigators and the Sponsor (or its agents) that restricts the PI's rights to discuss or publish trial results after the trial is completed. </restrictive_agreement>
    </certain_agreements>
    <point_of_contact>
      <name_or_title>David M. Penetar</name_or_title>
      <organization>BPRL, McLean Hospital</organization>
      <phone>617-855-2913</phone>
      <email>dpenetar@mclean.harvard.edu</email>
    </point_of_contact>
  </clinical_results>
</clinical_study>

