<?xml version="1.0" encoding="UTF-8"?>
<clinical_study rank="202">
  <!-- This xml conforms to an XML Schema at:
    https://clinicaltrials.gov/ct2/html/images/info/public.xsd -->
  <required_header>
    <download_date>ClinicalTrials.gov processed this data on August 08, 2017</download_date>
    <link_text>Link to the current ClinicalTrials.gov record.</link_text>
    <url>https://clinicaltrials.gov/show/NCT02318823</url>
  </required_header>
  <id_info>
    <org_study_id>EKNZ 2014-369</org_study_id>
    <nct_id>NCT02318823</nct_id>
  </id_info>
  <brief_title>Effects of Beer (Alcohol) on Social Cognition</brief_title>
  <official_title>Effects of Beer (Alcohol) on Social Cognition</official_title>
  <sponsors>
    <lead_sponsor>
      <agency>University Hospital, Basel, Switzerland</agency>
      <agency_class>Other</agency_class>
    </lead_sponsor>
  </sponsors>
  <source>University Hospital, Basel, Switzerland</source>
  <oversight_info>
    <has_dmc>Yes</has_dmc>
  </oversight_info>
  <brief_summary>
    <textblock>
      The present study aims to evaluate effects of beer (alcohol) on social cognition.
    </textblock>
  </brief_summary>
  <detailed_description>
    <textblock>
      Alcohol is one of the most widely used recreational drugs and it is often used in social
      settings to enhance sociability. There are few data showing that acute alcohol consumption
      affects facial emotion recognition. However the acute effects of alcohol in social drinkers
      on different aspects of social cognition are largely unknown. In the present study, we will
      therefore evaluate effects of beer (alcohol) on social cognition. The study will include 60
      subjects (30 male, 30 female) and use a placebo-controlled, crossover design with the two
      experimental conditions alcoholic beer (individually calculated amount aiming to achieve a
      blood-alcohol concentration of 0.4g/kg), and non-alcoholic beer (placebo). We primarily aim
      to evaluate whether beer (alcohol) affects the ability to correctly decode emotions in facial
      expressions using different facial emotion recognition Tasks. Additionally, appraisal of
      visual erotic stimuli following alcohol consumption will be evaluated. Subjective social and
      mood effects will be assessed using validated questionnaires. Blood samples will be collected
      to assess plasma levels of the &quot;social hormone&quot; oxytocin as well as blood alcohol levels to
      test possible associations with effects on emotional processing.
    </textblock>
  </detailed_description>
  <overall_status>Completed</overall_status>
  <start_date>December 2014</start_date>
  <completion_date type="Actual">September 2015</completion_date>
  <primary_completion_date type="Actual">September 2015</primary_completion_date>
  <phase>N/A</phase>
  <study_type>Interventional</study_type>
  <has_expanded_access>No</has_expanded_access>
  <study_design_info>
    <allocation>Randomized</allocation>
    <intervention_model>Crossover Assignment</intervention_model>
    <primary_purpose>Basic Science</primary_purpose>
    <masking>Double Blind (Participant, Care Provider, Investigator, Outcomes Assessor)</masking>
  </study_design_info>
  <primary_outcome>
    <measure>Effect of beer (alcohol) on emotion recognition</measure>
    <time_frame>3 hours</time_frame>
  </primary_outcome>
  <secondary_outcome>
    <measure>Effect of beer (alcohol) on empathy and social behavior</measure>
    <time_frame>3 hours</time_frame>
  </secondary_outcome>
  <secondary_outcome>
    <measure>Subjective effects of beer (alcohol)</measure>
    <time_frame>3 hours</time_frame>
  </secondary_outcome>
  <secondary_outcome>
    <measure>Effect of beer (alcohol) on appraisal of visual erotic stimuli</measure>
    <time_frame>3 hours</time_frame>
  </secondary_outcome>
  <secondary_outcome>
    <measure>Effects of beer (alcohol) on plasma oxytocin</measure>
    <time_frame>3 hours</time_frame>
  </secondary_outcome>
  <secondary_outcome>
    <measure>Effect modulation by genetic polymorphisms</measure>
    <time_frame>3 hours</time_frame>
  </secondary_outcome>
  <number_of_arms>2</number_of_arms>
  <enrollment type="Actual">60</enrollment>
  <condition>Healthy</condition>
  <arm_group>
    <arm_group_label>Beer (alcoholic) followed by placebo (non-alcoholic)</arm_group_label>
    <arm_group_type>Other</arm_group_type>
    <description>Cross-over within-subjects design with all treatment conditions tested in the same subject. This design has two treatment conditions in the same subject.</description>
  </arm_group>
  <arm_group>
    <arm_group_label>Placebo (non-acoholic beer) followed by Beer (alcoholic)</arm_group_label>
    <arm_group_type>Other</arm_group_type>
    <description>Cross-over within-subjects design with all treatment conditions tested in the same subject. This design has two treatment conditions in the same subject.</description>
  </arm_group>
  <intervention>
    <intervention_type>Other</intervention_type>
    <intervention_name>Beer (alcoholic)</intervention_name>
    <description>Beer (individually calculated amount aiming to achieve a blood-alcohol-centration of 0.4g/kg)</description>
    <arm_group_label>Beer (alcoholic) followed by placebo (non-alcoholic)</arm_group_label>
    <arm_group_label>Placebo (non-acoholic beer) followed by Beer (alcoholic)</arm_group_label>
  </intervention>
  <intervention>
    <intervention_type>Other</intervention_type>
    <intervention_name>Placebo (non-alcoholic beer)</intervention_name>
    <description>Non-alcoholic beer serves as Placebo.</description>
    <arm_group_label>Beer (alcoholic) followed by placebo (non-alcoholic)</arm_group_label>
    <arm_group_label>Placebo (non-acoholic beer) followed by Beer (alcoholic)</arm_group_label>
  </intervention>
  <eligibility>
    <criteria>
      <textblock>
        Inclusion Criteria:

          1. Age between 18 and 50 years

          2. Sufficient understanding of the German language

          3. Subjects understand the procedures and the risks associated with the study

          4. Participants must be willing to adhere to the protocol and sign the consent form

          5. Participants must be willing to refrain from drinking alcohol in the evening preceding
             the study session

          6. Participants must be willing to abstain from excessive drinking and from taking
             illicit psychoactive drugs during the study.

          7. Participants must be willing not to eat or drink xanthine-containing liquids (such as
             coffee, black or green tea, red bull, chocolate) 3 h prior to the study session

          8. Participants must be willing not to drive a traffic vehicle or to operate machines for
             3h after the sessions

          9. Women must have a negative pregnancy test at the beginning of each session.

        Exclusion Criteria:

          1. Chronic or acute medical condition.

          2. Current or previous personal history of psychotic or major affective disorder.

          3. Prior or current alcohol abuse, dangerous drinking behavior (&gt;15 points in the AUDIT
             questionnaire).

          4. Family history of alcoholism (first-degree relative).

          5. Alcohol hypersensitivity

          6. Prior illicit drug use (except Tetrahydrocannabinol (THC)-containing products) more
             than 15 times or any time within the previous week.

          7. Use of medications that are contraindicated or interfere otherwise with the effects of
             the study (monoamine oxidase inhibitors, antidepressants, sedatives etc.)

          8. Pregnant or nursing women.

          9. Participation in another clinical trial (currently or within the last 30 days).
      </textblock>
    </criteria>
    <gender>All</gender>
    <minimum_age>18 Years</minimum_age>
    <maximum_age>50 Years</maximum_age>
    <healthy_volunteers>Accepts Healthy Volunteers</healthy_volunteers>
  </eligibility>
  <overall_official>
    <last_name>Matthias E Liechti, MD, MAS</last_name>
    <role>Principal Investigator</role>
    <affiliation>University Hospital, Basel, Switzerland</affiliation>
  </overall_official>
  <location>
    <facility>
      <name>University Hospital Basel</name>
      <address>
        <city>Basel</city>
        <country>Switzerland</country>
      </address>
    </facility>
  </location>
  <location_countries>
    <country>Switzerland</country>
  </location_countries>
  <verification_date>September 2015</verification_date>
  <lastchanged_date>September 24, 2015</lastchanged_date>
  <firstreceived_date>December 12, 2014</firstreceived_date>
  <responsible_party>
    <responsible_party_type>Sponsor</responsible_party_type>
  </responsible_party>
  <keyword>social neuroscience</keyword>
  <keyword>emotion</keyword>
  <keyword>face recognition</keyword>
  <keyword>empathy</keyword>
  <keyword>beer</keyword>
  <keyword>alcohol</keyword>
  <keyword>social cognition</keyword>
  <intervention_browse>
    <!-- CAUTION:  The following MeSH terms are assigned with an imperfect algorithm            -->
    <mesh_term>Ethanol</mesh_term>
  </intervention_browse>
  <!-- Results have not yet been posted for this study                                          -->
</clinical_study>

