<?xml version="1.0" encoding="UTF-8"?>
<clinical_study rank="340">
  <!-- This xml conforms to an XML Schema at:
    https://clinicaltrials.gov/ct2/html/images/info/public.xsd -->
  <required_header>
    <download_date>ClinicalTrials.gov processed this data on August 25, 2017</download_date>
    <link_text>Link to the current ClinicalTrials.gov record.</link_text>
    <url>https://clinicaltrials.gov/show/NCT00147576</url>
  </required_header>
  <id_info>
    <org_study_id>A5051005</org_study_id>
    <nct_id>NCT00147576</nct_id>
  </id_info>
  <brief_title>Study To Examine Effect Of CP-866,087 On Consumption And Craving Of Alcohol In Alcohol Dependent Subjects.</brief_title>
  <official_title>Randomized, Placebo-Controlled Parallel Group Study Comparing Effect Of Three Doses Of CP-866,087 And Naltrexone On Acute Alcohol Consumption And Craving After Seven Days Of Treatment In Alcohol Dependent (DSM IV) Subjects Who Are Not Currently Seeking Treatment</official_title>
  <sponsors>
    <lead_sponsor>
      <agency>Pfizer</agency>
      <agency_class>Industry</agency_class>
    </lead_sponsor>
  </sponsors>
  <source>Pfizer</source>
  <brief_summary>
    <textblock>
      Test the hypothesis that increasing doses of CP-866,087 will decrease the total number of
      drinks consumed during a 2 hour acute alcohol consumption assessment and to determine the
      safety and tolerability of multiple doses of CP-866,087 in alcohol dependent subjects
      compared to placebo.
    </textblock>
  </brief_summary>
  <overall_status>Completed</overall_status>
  <start_date>December 2003</start_date>
  <completion_date type="Actual">December 2004</completion_date>
  <phase>Phase 2</phase>
  <study_type>Interventional</study_type>
  <study_design_info>
    <allocation>Randomized</allocation>
    <intervention_model>Parallel Assignment</intervention_model>
    <primary_purpose>Treatment</primary_purpose>
    <masking>Double</masking>
  </study_design_info>
  <primary_outcome>
    <measure>The amount of alcohol consumed will be based on the total number of standardized drinks consumed during a two-hour laboratory-based self-administration procedure following 7 days of treatment with study medication.</measure>
  </primary_outcome>
  <enrollment type="Actual">88</enrollment>
  <condition>Alcoholism</condition>
  <intervention>
    <intervention_type>Drug</intervention_type>
    <intervention_name>CP-866,087</intervention_name>
  </intervention>
  <eligibility>
    <criteria>
      <textblock>
        Inclusion Criteria:

          -  Subject meets the DSM-IV criterion for current alcohol dependence.

          -  Subject is currently not engaged in, and does not want, treatment for alcohol related
             problems.

        Exclusion Criteria:

          -  Subject meets criteria for current DSM-IV diagnosis for any other psychoactive
             substance abuse or dependence disorder, excluding nicotine and caffeine.

          -  Specialized inpatient or outpatient alcoholism or other addiction treatment (except
             nicotine) within the past 12 months.
      </textblock>
    </criteria>
    <gender>All</gender>
    <minimum_age>21 Years</minimum_age>
    <maximum_age>65 Years</maximum_age>
    <healthy_volunteers>No</healthy_volunteers>
  </eligibility>
  <overall_official>
    <last_name>Pfizer CT.gov Call Center</last_name>
    <role>Study Director</role>
    <affiliation>Pfizer</affiliation>
  </overall_official>
  <location>
    <facility>
      <name>Pfizer Investigational Site</name>
      <address>
        <city>Cerritos</city>
        <state>California</state>
        <zip>90703</zip>
        <country>United States</country>
      </address>
    </facility>
  </location>
  <location>
    <facility>
      <name>Pfizer Investigational Site</name>
      <address>
        <city>New Haven</city>
        <state>Connecticut</state>
        <zip>06504</zip>
        <country>United States</country>
      </address>
    </facility>
  </location>
  <location>
    <facility>
      <name>Pfizer Investigational Site</name>
      <address>
        <city>New Haven</city>
        <state>Connecticut</state>
        <zip>06519</zip>
        <country>United States</country>
      </address>
    </facility>
  </location>
  <location>
    <facility>
      <name>Pfizer Investigational Site</name>
      <address>
        <city>Washington</city>
        <state>District of Columbia</state>
        <zip>20016</zip>
        <country>United States</country>
      </address>
    </facility>
  </location>
  <location>
    <facility>
      <name>Pfizer Investigational Site</name>
      <address>
        <city>Melbourne</city>
        <state>Florida</state>
        <zip>32901</zip>
        <country>United States</country>
      </address>
    </facility>
  </location>
  <location>
    <facility>
      <name>Pfizer Investigational Site</name>
      <address>
        <city>Melbourne</city>
        <state>Florida</state>
        <zip>32935</zip>
        <country>United States</country>
      </address>
    </facility>
  </location>
  <location>
    <facility>
      <name>Pfizer Investigational Site</name>
      <address>
        <city>Lenexa</city>
        <state>Kansas</state>
        <zip>66219</zip>
        <country>United States</country>
      </address>
    </facility>
  </location>
  <location>
    <facility>
      <name>Pfizer Investigational Site</name>
      <address>
        <city>Providence</city>
        <state>Rhode Island</state>
        <zip>02908</zip>
        <country>United States</country>
      </address>
    </facility>
  </location>
  <location>
    <facility>
      <name>Pfizer Investigational Site</name>
      <address>
        <city>Charleston</city>
        <state>South Carolina</state>
        <zip>29425</zip>
        <country>United States</country>
      </address>
    </facility>
  </location>
  <location>
    <facility>
      <name>Pfizer Investigational Site</name>
      <address>
        <city>San Antonio</city>
        <state>Texas</state>
        <zip>78229-3900</zip>
        <country>United States</country>
      </address>
    </facility>
  </location>
  <location>
    <facility>
      <name>Pfizer Investigational Site</name>
      <address>
        <city>San Antonio</city>
        <state>Texas</state>
        <zip>78229</zip>
        <country>United States</country>
      </address>
    </facility>
  </location>
  <location_countries>
    <country>United States</country>
  </location_countries>
  <verification_date>October 2012</verification_date>
  <lastchanged_date>October 1, 2012</lastchanged_date>
  <firstreceived_date>September 2, 2005</firstreceived_date>
  <responsible_party>
    <responsible_party_type>Sponsor</responsible_party_type>
  </responsible_party>
  <condition_browse>
    <!-- CAUTION:  The following MeSH terms are assigned with an imperfect algorithm            -->
    <mesh_term>Alcoholism</mesh_term>
  </condition_browse>
  <!-- Results have not yet been posted for this study                                          -->
</clinical_study>

