<?xml version="1.0" encoding="UTF-8"?>
<clinical_study rank="479">
  <!-- This xml conforms to an XML Schema at:
    https://clinicaltrials.gov/ct2/html/images/info/public.xsd -->
  <required_header>
    <download_date>ClinicalTrials.gov processed this data on August 15, 2017</download_date>
    <link_text>Link to the current ClinicalTrials.gov record.</link_text>
    <url>https://clinicaltrials.gov/show/NCT01641445</url>
  </required_header>
  <id_info>
    <org_study_id>R01AA007850-21</org_study_id>
    <nct_id>NCT01641445</nct_id>
  </id_info>
  <brief_title>Effects of Topiramate on Adolescent Alcohol Use: Efficacy and Mechanisms</brief_title>
  <acronym>IMPACT</acronym>
  <official_title>Effects of Topiramate on Adolescent Alcohol Use: Efficacy and Mechanisms</official_title>
  <sponsors>
    <lead_sponsor>
      <agency>Brown University</agency>
      <agency_class>Other</agency_class>
    </lead_sponsor>
  </sponsors>
  <source>Brown University</source>
  <oversight_info>
    <has_dmc>Yes</has_dmc>
  </oversight_info>
  <brief_summary>
    <textblock>
      This study will help to determine whether the medication, topiramate, reduces alcohol use
      among adolescents with alcohol dependence. It will also help answer the question, &quot;How does
      topiramate reduce drinking in teenagers?&quot; Understanding how topiramate may reduce drinking in
      adolescents would allow for a more targeted pharmacotherapeutic approach to treatment and
      help to identify additional medications that may hold promise for improving treatment
      outcomes for youth.
    </textblock>
  </brief_summary>
  <detailed_description>
    <textblock>
      Adolescent alcohol use is associated with myriad adverse legal, health, and educational
      consequences and contributes to the leading causes of mortality among youth. Yet despite the
      magnitude of this public health problem, treatment initiatives for youth remain inadequate.
      Given these data, the National Institute on Alcohol Abuse and Alcoholism identified the
      critical need for medications development research for youth with the goal of identifying
      promising agents for which large-scale clinical trials are justified. The long-term goal of
      this research program is to improve pharmacotherapy for alcoholism. The major objective of
      this project is to address the urgent need for empirical data on medications that may benefit
      youth. For the past 10 years our research program has successfully paired human laboratory
      paradigms with ecological momentary assessment (EMA), whereby research participants use
      handheld electronic diaries to monitor their drinking, craving, and sensitivity to alcohol in
      real time in their natural environment. Using this approach, we identified mechanisms by
      which medications act and patient characteristics that moderate these effects. The proposed
      study will test if and how topiramate (TPM), an anticonvulsant shown to be efficacious for
      treating adults, reduces drinking in youth. To this end, we will randomize adolescent problem
      drinkers to TPM or placebo for 8 weeks, in combination with biweekly motivational enhancement
      therapy sessions, using a two-group, double-blind design. While at the target dose (200
      mg/day) youth will complete EMA in their natural environment. In addition, youth will
      complete alcohol cue reactivity assessments in the laboratory to test the effects of TPM on
      cue-elicited craving and physiological reactivity in a controlled environment. Youth will
      complete 6- and 12-month follow-up assessments to determine whether any benefits are
      sustained. This study will provide much needed data on the tolerability and efficacy of TPM
      with adolescents, while adding important new information about the biobehavioral mechanisms
      of TPM action in youth.
    </textblock>
  </detailed_description>
  <overall_status>Recruiting</overall_status>
  <start_date>July 2012</start_date>
  <completion_date type="Anticipated">August 2016</completion_date>
  <primary_completion_date type="Anticipated">May 2016</primary_completion_date>
  <phase>Phase 1/Phase 2</phase>
  <study_type>Interventional</study_type>
  <has_expanded_access>No</has_expanded_access>
  <study_design_info>
    <allocation>Randomized</allocation>
    <intervention_model>Parallel Assignment</intervention_model>
    <primary_purpose>Treatment</primary_purpose>
    <masking>Double Blind (Participant, Care Provider, Investigator)</masking>
  </study_design_info>
  <primary_outcome>
    <measure>Alcohol use</measure>
    <time_frame>9-week medication phase</time_frame>
    <description>Days of abstinence from drinking and of clinically significant drinking</description>
  </primary_outcome>
  <secondary_outcome>
    <measure>Alcohol craving</measure>
    <time_frame>Weekly for 9 weeks, 6- and 12-month follow-up assessments</time_frame>
    <description>Probability and intensity of subjective craving</description>
  </secondary_outcome>
  <secondary_outcome>
    <measure>Cognitive functioning</measure>
    <time_frame>Baseline, week 5, and 6-month follow-up assessment</time_frame>
    <description>Neuropsychological test battery</description>
  </secondary_outcome>
  <number_of_arms>2</number_of_arms>
  <enrollment type="Anticipated">160</enrollment>
  <condition>Alcohol Drinking</condition>
  <arm_group>
    <arm_group_label>Topiramate</arm_group_label>
    <arm_group_type>Active Comparator</arm_group_type>
    <description>Topiramate (200 mg) taken orally twice daily</description>
  </arm_group>
  <arm_group>
    <arm_group_label>Sugar pill</arm_group_label>
    <arm_group_type>Placebo Comparator</arm_group_type>
    <description>Placebo (&quot;sugar pill&quot;) taken twice daily</description>
  </arm_group>
  <intervention>
    <intervention_type>Drug</intervention_type>
    <intervention_name>Topiramate</intervention_name>
    <description>Topiramate (200 mg daily)</description>
    <arm_group_label>Topiramate</arm_group_label>
    <other_name>Topamax</other_name>
  </intervention>
  <intervention>
    <intervention_type>Drug</intervention_type>
    <intervention_name>Placebo</intervention_name>
    <description>Non-active sugar pill</description>
    <arm_group_label>Sugar pill</arm_group_label>
  </intervention>
  <eligibility>
    <criteria>
      <textblock>
        Inclusion Criteria:

          -  14-24 years old (inclusive)

          -  Non-treatment seeking for alcohol abuse or dependence

          -  Interest in reducing alcohol use

          -  Self-reported alcohol use at least 2 days/week during prior 28 days

          -  Able to read simple English

        Exclusion Criteria:

          -  Alcohol or substance abuse treatment in the past 30 days

          -  Clinically significant medical abnormalities

          -  History of renal impairment, renal stones, or unstable hypertension

          -  History of progressive neurodegenerative disorders or clinical significant
             neurological disorders

          -  Body mass index lower than 18

          -  Pregnant, nursing, or refusal to use reliable birth control, if female

          -  Non-stabilized psychotropic medication and/or taking medication that is
             contraindicated for use with topiramate

          -  Medications that may effect alcohol use or a carbonic anhydrase inhibitor

          -  Suicidal or psychotic

          -  Current coexisting substance use disorders other than alcohol, caffeine, cannabis, or
             nicotine use disorders

          -  Clinically significant alcohol withdrawal symptoms

          -  Impaired cognitive functioning

          -  Living with an active study participant

          -  Compelled to treatment by the juvenile justice system
      </textblock>
    </criteria>
    <gender>All</gender>
    <minimum_age>14 Years</minimum_age>
    <maximum_age>24 Years</maximum_age>
    <healthy_volunteers>Accepts Healthy Volunteers</healthy_volunteers>
  </eligibility>
  <overall_official>
    <last_name>Robert Miranda, Ph.D.</last_name>
    <role>Principal Investigator</role>
    <affiliation>Brown University</affiliation>
  </overall_official>
  <overall_contact>
    <last_name>Robert M Jr.</last_name>
    <phone>4018636658</phone>
    <email>Robert_Miranda_Jr@Brown.EDU</email>
  </overall_contact>
  <overall_contact_backup>
    <last_name>Peter Monti</last_name>
    <phone>4018636661</phone>
    <email>Peter_Monti@brown.edu</email>
  </overall_contact_backup>
  <location>
    <facility>
      <name>Brown University, Center for Alcohol and Addiction Studies</name>
      <address>
        <city>Providence</city>
        <state>Rhode Island</state>
        <zip>02912</zip>
        <country>United States</country>
      </address>
    </facility>
    <status>Recruiting</status>
    <contact>
      <last_name>Robert Jr.</last_name>
      <phone>401-863-6658</phone>
      <email>Robert_Miranda_Jr@Brown.EDU</email>
    </contact>
    <contact_backup>
      <last_name>Peter Monti</last_name>
      <phone>4018636661</phone>
      <email>Peter_Monti@brown.edu</email>
    </contact_backup>
    <investigator>
      <last_name>Peter Monti, Ph.D.</last_name>
      <role>Sub-Investigator</role>
    </investigator>
    <investigator>
      <last_name>Jennifer Tidey, Ph.D.</last_name>
      <role>Sub-Investigator</role>
    </investigator>
    <investigator>
      <last_name>Robert Swift, MD, Ph.D.</last_name>
      <role>Sub-Investigator</role>
    </investigator>
    <investigator>
      <last_name>Damaris Rohsenow, Ph.D.</last_name>
      <role>Sub-Investigator</role>
    </investigator>
    <investigator>
      <last_name>Chad Gwaltney, Ph.D.</last_name>
      <role>Sub-Investigator</role>
    </investigator>
    <investigator>
      <last_name>Alicia Justus, Ph.D.</last_name>
      <role>Sub-Investigator</role>
    </investigator>
  </location>
  <location_countries>
    <country>United States</country>
  </location_countries>
  <verification_date>January 2016</verification_date>
  <lastchanged_date>January 11, 2016</lastchanged_date>
  <firstreceived_date>July 11, 2012</firstreceived_date>
  <responsible_party>
    <responsible_party_type>Principal Investigator</responsible_party_type>
    <investigator_affiliation>Brown University</investigator_affiliation>
    <investigator_full_name>Robert Miranda</investigator_full_name>
    <investigator_title>Associate Professor (Research)</investigator_title>
  </responsible_party>
  <condition_browse>
    <!-- CAUTION:  The following MeSH terms are assigned with an imperfect algorithm            -->
    <mesh_term>Alcohol Drinking</mesh_term>
    <mesh_term>Underage Drinking</mesh_term>
  </condition_browse>
  <intervention_browse>
    <!-- CAUTION:  The following MeSH terms are assigned with an imperfect algorithm            -->
    <mesh_term>Topiramate</mesh_term>
  </intervention_browse>
  <!-- Results have not yet been posted for this study                                          -->
</clinical_study>

