<?xml version="1.0" encoding="UTF-8"?>
<clinical_study rank="427">
  <!-- This xml conforms to an XML Schema at:
    https://clinicaltrials.gov/ct2/html/images/info/public.xsd -->
  <required_header>
    <download_date>ClinicalTrials.gov processed this data on September 01, 2017</download_date>
    <link_text>Link to the current ClinicalTrials.gov record.</link_text>
    <url>https://clinicaltrials.gov/show/NCT00082199</url>
  </required_header>
  <id_info>
    <org_study_id>CN138-089</org_study_id>
    <nct_id>NCT00082199</nct_id>
  </id_info>
  <brief_title>Study of Aripiprazole in Subjects With Alcoholism</brief_title>
  <official_title>A Randomized, Multicenter, Double-Blind, Placebo Controlled Study of the Efficacy and Safety of Aripiprazole in the Maintenance of Abstinence From Alcohol in Subjects With Alcoholism</official_title>
  <sponsors>
    <lead_sponsor>
      <agency>Otsuka Pharmaceutical Development &amp; Commercialization, Inc.</agency>
      <agency_class>Industry</agency_class>
    </lead_sponsor>
    <collaborator>
      <agency>Otsuka America Pharmaceutical</agency>
      <agency_class>Industry</agency_class>
    </collaborator>
  </sponsors>
  <source>Otsuka Pharmaceutical Development &amp; Commercialization, Inc.</source>
  <brief_summary>
    <textblock>
      The purpose of this clinical research study is to learn whether subjects treated with
      aripiprazole are able to abstain from alcohol use for a greater number of days than subjects
      treated with placebo. The safety of using aripiprazole will also be studied.
    </textblock>
  </brief_summary>
  <overall_status>Completed</overall_status>
  <start_date>April 2004</start_date>
  <completion_date type="Actual">August 2005</completion_date>
  <primary_completion_date type="Actual">August 2005</primary_completion_date>
  <phase>Phase 4</phase>
  <study_type>Interventional</study_type>
  <has_expanded_access>No</has_expanded_access>
  <study_design_info>
    <allocation>Randomized</allocation>
    <intervention_model>Parallel Assignment</intervention_model>
    <primary_purpose>Treatment</primary_purpose>
    <masking>Double</masking>
  </study_design_info>
  <primary_outcome>
    <measure>Assessment of abstinence from the consumption of alcohol during the study</measure>
  </primary_outcome>
  <secondary_outcome>
    <measure>Assessment of alcohol use during the study and behavioral measures of substance abuse an dependence</measure>
  </secondary_outcome>
  <number_of_arms>2</number_of_arms>
  <enrollment>400</enrollment>
  <condition>Alcoholism</condition>
  <arm_group>
    <arm_group_label>A1</arm_group_label>
    <arm_group_type>Active Comparator</arm_group_type>
  </arm_group>
  <arm_group>
    <arm_group_label>A2</arm_group_label>
    <arm_group_type>Placebo Comparator</arm_group_type>
  </arm_group>
  <intervention>
    <intervention_type>Drug</intervention_type>
    <intervention_name>Aripiprazole</intervention_name>
    <description>Tablets, Oral, 2-30mg, Once daily, 12 weeks.</description>
    <arm_group_label>A1</arm_group_label>
    <other_name>Abilify</other_name>
  </intervention>
  <intervention>
    <intervention_type>Drug</intervention_type>
    <intervention_name>Placebo</intervention_name>
    <description>Tablets, Oral, Once daily, 12 weeks.</description>
    <arm_group_label>A2</arm_group_label>
  </intervention>
  <eligibility>
    <criteria>
      <textblock>
        Inclusion Criteria:

          -  Subjects with a diagnosis of alcohol dependence who want to stop using alcohol will be
             considered for the study.
      </textblock>
    </criteria>
    <gender>All</gender>
    <minimum_age>21 Years</minimum_age>
    <maximum_age>65 Years</maximum_age>
    <healthy_volunteers>No</healthy_volunteers>
  </eligibility>
  <overall_official>
    <last_name>Bristol-Myers Squibb</last_name>
    <role>Study Director</role>
    <affiliation>Bristol-Myers Squibb</affiliation>
  </overall_official>
  <location>
    <facility>
      <name>Local Institution</name>
      <address>
        <city>Farmington</city>
        <state>Connecticut</state>
        <country>United States</country>
      </address>
    </facility>
  </location>
  <location>
    <facility>
      <name>Local Institution</name>
      <address>
        <city>New Haven</city>
        <state>Connecticut</state>
        <country>United States</country>
      </address>
    </facility>
  </location>
  <location>
    <facility>
      <name>Local Institution</name>
      <address>
        <city>Indianapolis</city>
        <state>Indiana</state>
        <country>United States</country>
      </address>
    </facility>
  </location>
  <location>
    <facility>
      <name>Local Institution</name>
      <address>
        <city>Boston</city>
        <state>Massachusetts</state>
        <country>United States</country>
      </address>
    </facility>
  </location>
  <location>
    <facility>
      <name>Local Institution</name>
      <address>
        <city>New York</city>
        <state>New York</state>
        <country>United States</country>
      </address>
    </facility>
  </location>
  <location>
    <facility>
      <name>Local Institution</name>
      <address>
        <city>Rochester</city>
        <state>New York</state>
        <country>United States</country>
      </address>
    </facility>
  </location>
  <location>
    <facility>
      <name>Local Institution</name>
      <address>
        <city>Chapel Hill</city>
        <state>North Carolina</state>
        <country>United States</country>
      </address>
    </facility>
  </location>
  <location>
    <facility>
      <name>Local Institution</name>
      <address>
        <city>Philadelphia</city>
        <state>Pennsylvania</state>
        <country>United States</country>
      </address>
    </facility>
  </location>
  <location>
    <facility>
      <name>Local Institution</name>
      <address>
        <city>Providence</city>
        <state>Rhode Island</state>
        <country>United States</country>
      </address>
    </facility>
  </location>
  <location>
    <facility>
      <name>Local Institution</name>
      <address>
        <city>Charleston</city>
        <state>South Carolina</state>
        <country>United States</country>
      </address>
    </facility>
  </location>
  <location>
    <facility>
      <name>Local Institution</name>
      <address>
        <city>Dallas</city>
        <state>Texas</state>
        <country>United States</country>
      </address>
    </facility>
  </location>
  <location>
    <facility>
      <name>Local Institution</name>
      <address>
        <city>Houston</city>
        <state>Texas</state>
        <country>United States</country>
      </address>
    </facility>
  </location>
  <location>
    <facility>
      <name>Local Institution</name>
      <address>
        <city>Charlottesville</city>
        <state>Virginia</state>
        <country>United States</country>
      </address>
    </facility>
  </location>
  <location>
    <facility>
      <name>Local Institution</name>
      <address>
        <city>Milwaukee</city>
        <state>Wisconsin</state>
        <country>United States</country>
      </address>
    </facility>
  </location>
  <location_countries>
    <country>United States</country>
  </location_countries>
  <link>
    <url>http://ctr.bms.com/ctd/start.do</url>
    <description>BMS Clinical Trials Disclosure</description>
  </link>
  <link>
    <url>http://www.fda.gov/MEDWATCH/safety.htm</url>
    <description>For FDA Safety Alerts and Recalls refer to the following link www.fda.gov/MEDWATCH/safety.htm</description>
  </link>
  <verification_date>July 2008</verification_date>
  <lastchanged_date>November 7, 2013</lastchanged_date>
  <firstreceived_date>April 30, 2004</firstreceived_date>
  <condition_browse>
    <!-- CAUTION:  The following MeSH terms are assigned with an imperfect algorithm            -->
    <mesh_term>Alcoholism</mesh_term>
  </condition_browse>
  <intervention_browse>
    <!-- CAUTION:  The following MeSH terms are assigned with an imperfect algorithm            -->
    <mesh_term>Aripiprazole</mesh_term>
  </intervention_browse>
  <!-- Results have not yet been posted for this study                                          -->
</clinical_study>

