<?xml version="1.0" encoding="UTF-8"?>
<clinical_study rank="258">
  <!-- This xml conforms to an XML Schema at:
    https://clinicaltrials.gov/ct2/html/images/info/public.xsd -->
  <required_header>
    <download_date>ClinicalTrials.gov processed this data on August 08, 2017</download_date>
    <link_text>Link to the current ClinicalTrials.gov record.</link_text>
    <url>https://clinicaltrials.gov/show/NCT02449577</url>
  </required_header>
  <id_info>
    <org_study_id>M212</org_study_id>
    <nct_id>NCT02449577</nct_id>
  </id_info>
  <brief_title>Identification of Biomarkers for Acute Intake of Beer and Alcohol and Acute Effects on Plasma and Insulin Response</brief_title>
  <acronym>METABEER</acronym>
  <official_title>Metabolomics in Beer Research: Identification of Biomarkers for Acute Intake of Beer and Alcohol in Individuals With a High or Low Habitual Intake, and Acute Effects on Plasma Glucose and Insulin Response Compared to Regular Soda</official_title>
  <sponsors>
    <lead_sponsor>
      <agency>University of Copenhagen</agency>
      <agency_class>Other</agency_class>
    </lead_sponsor>
    <collaborator>
      <agency>Carlsberg Breweries A/S</agency>
      <agency_class>Other</agency_class>
    </collaborator>
  </sponsors>
  <source>University of Copenhagen</source>
  <oversight_info>
    <has_dmc>Yes</has_dmc>
  </oversight_info>
  <brief_summary>
    <textblock>
      The objective of the study is to identify biomarkers for acute intake of beer and alcohol in
      individuals with a high or low habitual intake. Furthermore, we wish to identify compounds
      and metabolites in different types of beer and alcohol, which can serve as compliance markers
      for intake under the test conditions (blood tests and urine samples). We also wish to
      determine the acute effects of these beverages on plasma glucose and insulin response,
      compared to regular soda.
    </textblock>
  </brief_summary>
  <detailed_description>
    <textblock>
      The study is designed as a randomized, 4-way single-blinded cross-over intervention study.
      The participants are randomized individually to the order by which they shall receive 4 test
      meals. There will be implemented a standardized lunch which includes respectively 1)
      Light/alcohol-free (Tuborg Super Light 0,1% alcohol), 2) Regular lager (4,6% alcohol), 3)
      Strong beer(7,2% alcohol) and 4) a control drink without alcohol but with the same energy
      content (carbohydrate and protein) as the average of the other beverages (&quot;sportsdrink&quot;).
      Besides 330 ml of each test drink, each test meal consists of grilled cheese sandwiches
      (Tulip Food Company) and the amount of toast adjusted according to the type of drink served
      with each meal, so the content of macronutrients is the same in each meal.

      The study includes 16-20 participants, randomized as to which order they will receive the 4
      test meals with a washout period of at least 6 days in between test days. Upon arrival the
      test persons are asked to urinate (baseline sample), and at the 1st visit they are then
      weighed, height is measured and body composition (bioimpedance) is measured. After resting
      briefly, a baseline blood sample is taken and blood pressure is measured (1st and 4th visit).
      45 minutes after start of the test meal the first postprandial blood sample is taken, and
      again after 45, 120 and 180 minutes. Urine is collected again at 0-90 min, 90-180 min and
      3-24 hours after the test meal. Participants are provided with containers and equipment for
      this purpose, and must submit samples on an ongoing basis to the Dept. of Nutrition, Exercise
      and Sports.
    </textblock>
  </detailed_description>
  <overall_status>Completed</overall_status>
  <start_date>May 2013</start_date>
  <completion_date type="Actual">June 2013</completion_date>
  <primary_completion_date type="Actual">June 2013</primary_completion_date>
  <phase>Early Phase 1</phase>
  <study_type>Interventional</study_type>
  <has_expanded_access>No</has_expanded_access>
  <study_design_info>
    <allocation>Randomized</allocation>
    <intervention_model>Crossover Assignment</intervention_model>
    <primary_purpose>Basic Science</primary_purpose>
    <masking>Single Blind (Investigator)</masking>
  </study_design_info>
  <primary_outcome>
    <measure>Area under the curve (AUC) for glucose</measure>
    <time_frame>0-180 minutes</time_frame>
    <description>Glucose is measured at 0, 45, 90, 120, and 180 min after the test meal and the area is determined by the trapezoid method.</description>
  </primary_outcome>
  <secondary_outcome>
    <measure>Area under the curve for insulin</measure>
    <time_frame>0-180 min</time_frame>
    <description>Insulin is measured at 0, 45, 90, 120, and 180 min after the test meal and the area is determined by the trapezoid method.</description>
  </secondary_outcome>
  <secondary_outcome>
    <measure>Plasma concentration of fatty acid ethyl esters (FAEE)</measure>
    <time_frame>Change from 0-180min</time_frame>
    <description>Change in FAEE from baseline to 180min by LC-MS/MS analysis of plasma.</description>
  </secondary_outcome>
  <secondary_outcome>
    <measure>Blood level of ethanol</measure>
    <time_frame>180 min</time_frame>
    <description>The amount of ethanol is measured via a breath test using an alcoholmeter.</description>
  </secondary_outcome>
  <secondary_outcome>
    <measure>Plasma beer metabolites (metabolic profiling with NMR and mass spectrometry).</measure>
    <time_frame>After the intervention</time_frame>
    <description>Explorative marker to identify new beer intake-related metabolites in plasma.</description>
  </secondary_outcome>
  <secondary_outcome>
    <measure>Urinary content of paraaminobenzoic acid (PABA)</measure>
    <time_frame>24hour pooled urine from each volunteer</time_frame>
    <description>Total PABA metabolites by colorimetric assay to account for completeness of urine collection.</description>
  </secondary_outcome>
  <secondary_outcome>
    <measure>Urinary content of ethyl glucuronide (EtG) and ethyl sulphate (EtS)</measure>
    <time_frame>0-24 hours</time_frame>
    <description>EtG and EtS by quantitative LC-MS/MS</description>
  </secondary_outcome>
  <secondary_outcome>
    <measure>Blood content of ethyl glucuronide (EtG) and ethyl sulphate (EtS)</measure>
    <time_frame>0-180 min</time_frame>
    <description>EtG and EtS are measured at 0, 45, 90, 120 and 180 minutes and the difference between treatments is determined by multivariate ANOVA followed (if significantly different) by t-tests for each time point.</description>
  </secondary_outcome>
  <secondary_outcome>
    <measure>Urinary content of acetaldehyde (ethanal)</measure>
    <time_frame>0 -24 hrs</time_frame>
    <description>Ethanal is measured by a kit and compared between treatments.</description>
  </secondary_outcome>
  <secondary_outcome>
    <measure>Urinary compounds of beer metabolites</measure>
    <time_frame>0-24 hrs</time_frame>
    <description>Metabolic profiling of urine by NMR and mass spectrometry.</description>
  </secondary_outcome>
  <secondary_outcome>
    <measure>Blood pressure</measure>
    <time_frame>baseline and at time -30min on the last day of intervention.</time_frame>
    <description>Measurement of supine systolic and diastolic blood pressure</description>
  </secondary_outcome>
  <secondary_outcome>
    <measure>Body fat mass and body fat percentage</measure>
    <time_frame>baseline</time_frame>
    <description>Measurement of body fat mass and fat percentage by bioimpedance</description>
  </secondary_outcome>
  <secondary_outcome>
    <measure>Urinary creatinine</measure>
    <time_frame>0-24hrs</time_frame>
    <description>Creatinine is measured by standard clinical chemistry.</description>
  </secondary_outcome>
  <number_of_arms>11</number_of_arms>
  <enrollment type="Actual">19</enrollment>
  <condition>Alcohol Consumption</condition>
  <condition>Insulin Resistance</condition>
  <arm_group>
    <arm_group_label>Beverage sequence ABCD</arm_group_label>
    <arm_group_type>Experimental</arm_group_type>
    <description>Each participant randomized to this arm is exposed to 4 test meals in the order ABCD with a washout period of at least a week between each meal. Each meal consisted of a standardized lunch of Parisian toast (sandwichbread, ham, cheese) together with a beverage. Each beverage is assigned a letter, A, B, C, or D. The letter assignment is blinded. The following four drinks were used Placebo: 330 ml of a soft drink (Sports drink), Beer 1 - 330 ml of an alcohol-free beer (&lt;0.1% alcohol), Beer 2 - 330 ml of a regular lager beer (4.6% alcohol), and Beer 3 - 330 ml of a strong beer (7.2% alcohol)</description>
  </arm_group>
  <arm_group>
    <arm_group_label>Beverage sequence CADB</arm_group_label>
    <arm_group_type>Experimental</arm_group_type>
    <description>Each participant randomized to this arm is exposed to 4 test meals in the order CADB with a washout period of at least a week between each meal. Each meal consisted of a standardized lunch of Parisian toast (sandwichbread, ham, cheese) together with a beverage. Each beverage is assigned a letter, A, B, C, or D. The letter assignment is blinded. The following four drinks were used Placebo: 330 ml of a soft drink (Sports drink), Beer 1 - 330 ml of an alcohol-free beer (&lt;0.1% alcohol), Beer 2 - 330 ml of a regular lager beer (4.6% alcohol), and Beer 3 - 330 ml of a strong beer (7.2% alcohol)</description>
  </arm_group>
  <arm_group>
    <arm_group_label>Beverage sequence DACB</arm_group_label>
    <arm_group_type>Experimental</arm_group_type>
    <description>Each participant randomized to this arm is exposed to 4 test meals in the order DACB with a washout period of at least a week between each meal. Each meal consisted of a standardized lunch of Parisian toast (sandwichbread, ham, cheese) together with a beverage. Each beverage is assigned a letter, A, B, C, or D. The letter assignment is blinded. The following four drinks were used Placebo: 330 ml of a soft drink (Sports drink), Beer 1 - 330 ml of an alcohol-free beer (&lt;0.1% alcohol), Beer 2 - 330 ml of a regular lager beer (4.6% alcohol), and Beer 3 - 330 ml of a strong beer (7.2% alcohol)</description>
  </arm_group>
  <arm_group>
    <arm_group_label>Beverage sequence CBAD</arm_group_label>
    <arm_group_type>Experimental</arm_group_type>
    <description>Each participant randomized to this arm is exposed to 4 test meals in the order CBAD with a washout period of at least a week between each meal. Each meal consisted of a standardized lunch of Parisian toast (sandwichbread, ham, cheese) together with a beverage. Each beverage is assigned a letter, A, B, C, or D. The letter assignment is blinded. The following four drinks were used Placebo: 330 ml of a soft drink (Sports drink), Beer 1 - 330 ml of an alcohol-free beer (&lt;0.1% alcohol), Beer 2 - 330 ml of a regular lager beer (4.6% alcohol), and Beer 3 - 330 ml of a strong beer (7.2% alcohol)</description>
  </arm_group>
  <arm_group>
    <arm_group_label>Beverage sequence ABDC</arm_group_label>
    <arm_group_type>Experimental</arm_group_type>
    <description>Each participant randomized to this arm is exposed to 4 test meals in the order ABDC with a washout period of at least a week between each meal. Each meal consisted of a standardized lunch of Parisian toast (sandwichbread, ham, cheese) together with a beverage. Each beverage is assigned a letter, A, B, C, or D. The letter assignment is blinded. The following four drinks were used Placebo: 330 ml of a soft drink (Sports drink), Beer 1 - 330 ml of an alcohol-free beer (&lt;0.1% alcohol), Beer 2 - 330 ml of a regular lager beer (4.6% alcohol), and Beer 3 - 330 ml of a strong beer (7.2% alcohol)</description>
  </arm_group>
  <arm_group>
    <arm_group_label>Beverage sequence DABC</arm_group_label>
    <arm_group_type>Experimental</arm_group_type>
    <description>Each participant randomized to this arm is exposed to 4 test meals in the order DABC with a washout period of at least a week between each meal. Each meal consisted of a standardized lunch of Parisian toast (sandwichbread, ham, cheese) together with a beverage. Each beverage is assigned a letter, A, B, C, or D. The letter assignment is blinded. The following four drinks were used Placebo: 330 ml of a soft drink (Sports drink), Beer 1 - 330 ml of an alcohol-free beer (&lt;0.1% alcohol), Beer 2 - 330 ml of a regular lager beer (4.6% alcohol), and Beer 3 - 330 ml of a strong beer (7.2% alcohol)</description>
  </arm_group>
  <arm_group>
    <arm_group_label>Beverage sequence DCAB</arm_group_label>
    <arm_group_type>Experimental</arm_group_type>
    <description>Each participant randomized to this arm is exposed to 4 test meals in the order DCAB with a washout period of at least a week between each meal. Each meal consisted of a standardized lunch of Parisian toast (sandwichbread, ham, cheese) together with a beverage. Each beverage is assigned a letter, A, B, C, or D. The letter assignment is blinded. The following four drinks were used Placebo: 330 ml of a soft drink (Sports drink), Beer 1 - 330 ml of an alcohol-free beer (&lt;0.1% alcohol), Beer 2 - 330 ml of a regular lager beer (4.6% alcohol), and Beer 3 - 330 ml of a strong beer (7.2% alcohol)</description>
  </arm_group>
  <arm_group>
    <arm_group_label>Beverage sequence DBCA</arm_group_label>
    <arm_group_type>Experimental</arm_group_type>
    <description>Each participant randomized to this arm is exposed to 4 test meals in the order DBCA with a washout period of at least a week between each meal. Each meal consisted of a standardized lunch of Parisian toast (sandwichbread, ham, cheese) together with a beverage. Each beverage is assigned a letter, A, B, C, or D. The letter assignment is blinded. The following four drinks were used Placebo: 330 ml of a soft drink (Sports drink), Beer 1 - 330 ml of an alcohol-free beer (&lt;0.1% alcohol), Beer 2 - 330 ml of a regular lager beer (4.6% alcohol), and Beer 3 - 330 ml of a strong beer (7.2% alcohol)</description>
  </arm_group>
  <arm_group>
    <arm_group_label>Beverage sequence ADCB</arm_group_label>
    <arm_group_type>Experimental</arm_group_type>
    <description>Each participant randomized to this arm is exposed to 4 test meals in the order ADCB with a washout period of at least a week between each meal. Each meal consisted of a standardized lunch of Parisian toast (sandwichbread, ham, cheese) together with a beverage. Each beverage is assigned a letter, A, B, C, or D. The letter assignment is blinded. The following four drinks were used Placebo: 330 ml of a soft drink (Sports drink), Beer 1 - 330 ml of an alcohol-free beer (&lt;0.1% alcohol), Beer 2 - 330 ml of a regular lager beer (4.6% alcohol), and Beer 3 - 330 ml of a strong beer (7.2% alcohol)</description>
  </arm_group>
  <arm_group>
    <arm_group_label>Beverage sequence BADC</arm_group_label>
    <arm_group_type>Experimental</arm_group_type>
    <description>Each participant randomized to this arm is exposed to 4 test meals in the order BADC with a washout period of at least a week between each meal. Each meal consisted of a standardized lunch of Parisian toast (sandwichbread, ham, cheese) together with a beverage. Each beverage is assigned a letter, A, B, C, or D. The letter assignment is blinded. The following four drinks were used Placebo: 330 ml of a soft drink (Sports drink), Beer 1 - 330 ml of an alcohol-free beer (&lt;0.1% alcohol), Beer 2 - 330 ml of a regular lager beer (4.6% alcohol), and Beer 3 - 330 ml of a strong beer (7.2% alcohol)</description>
  </arm_group>
  <arm_group>
    <arm_group_label>Beverage sequence ACDB</arm_group_label>
    <arm_group_type>Experimental</arm_group_type>
    <description>Each participant randomized to this arm is exposed to 4 test meals in the order ACDB with a washout period of at least a week between each meal. Each meal consisted of a standardized lunch of Parisian toast (sandwichbread, ham, cheese) together with a beverage. Each beverage is assigned a letter, A, B, C, or D. The letter assignment is blinded. The following four drinks were used Placebo: 330 ml of a soft drink (Sports drink), Beer 1 - 330 ml of an alcohol-free beer (&lt;0.1% alcohol), Beer 2 - 330 ml of a regular lager beer (4.6% alcohol), and Beer 3 - 330 ml of a strong beer (7.2% alcohol)</description>
  </arm_group>
  <intervention>
    <intervention_type>Other</intervention_type>
    <intervention_name>Beverage sequence ABCD</intervention_name>
    <description>Participants receive test beverages in the randomised order ABCD</description>
    <arm_group_label>Beverage sequence ABCD</arm_group_label>
  </intervention>
  <intervention>
    <intervention_type>Other</intervention_type>
    <intervention_name>Beverage sequence CADB</intervention_name>
    <description>Participants receive test beverages in the randomised order CADB</description>
    <arm_group_label>Beverage sequence CADB</arm_group_label>
  </intervention>
  <intervention>
    <intervention_type>Other</intervention_type>
    <intervention_name>Beverage sequence DACB</intervention_name>
    <description>Participants receive test beverages in the randomised order DACB</description>
    <arm_group_label>Beverage sequence DACB</arm_group_label>
  </intervention>
  <intervention>
    <intervention_type>Other</intervention_type>
    <intervention_name>Beverage sequence CBAD</intervention_name>
    <description>Participants receive test beverages in the randomised order CBAD</description>
    <arm_group_label>Beverage sequence CBAD</arm_group_label>
  </intervention>
  <intervention>
    <intervention_type>Other</intervention_type>
    <intervention_name>Beverage sequence ABDC</intervention_name>
    <description>Participants receive test beverages in the randomised order ABDC</description>
    <arm_group_label>Beverage sequence ABDC</arm_group_label>
  </intervention>
  <intervention>
    <intervention_type>Other</intervention_type>
    <intervention_name>Beverage sequence DABC</intervention_name>
    <description>Participants receive test beverages in the randomised order DABC</description>
    <arm_group_label>Beverage sequence DABC</arm_group_label>
  </intervention>
  <intervention>
    <intervention_type>Other</intervention_type>
    <intervention_name>Beverage sequence DCAB</intervention_name>
    <description>Participants receive test beverages in the randomised order DCAB</description>
    <arm_group_label>Beverage sequence DCAB</arm_group_label>
  </intervention>
  <intervention>
    <intervention_type>Other</intervention_type>
    <intervention_name>Beverage sequence DBCA</intervention_name>
    <description>Participants receive test beverages in the randomised order BDCA</description>
    <arm_group_label>Beverage sequence DBCA</arm_group_label>
  </intervention>
  <intervention>
    <intervention_type>Other</intervention_type>
    <intervention_name>Beverage sequence ADCB</intervention_name>
    <description>Participants receive test beverages in the randomised order ADCB</description>
    <arm_group_label>Beverage sequence ADCB</arm_group_label>
  </intervention>
  <intervention>
    <intervention_type>Other</intervention_type>
    <intervention_name>Beverage sequence BADC</intervention_name>
    <description>Participants receive test beverages in the randomised order BADC</description>
    <arm_group_label>Beverage sequence BADC</arm_group_label>
  </intervention>
  <intervention>
    <intervention_type>Other</intervention_type>
    <intervention_name>Beverage sequence ACDB</intervention_name>
    <description>Participants receive test beverages in the randomised order ACDB</description>
    <arm_group_label>Beverage sequence ACDB</arm_group_label>
  </intervention>
  <eligibility>
    <criteria>
      <textblock>
        Inclusion Criteria:

          -  Healthy man or woman in the age group 18-60 years

          -  Likes and tolerates pasta, tomatoes and cheese, and is not a vegetarian or vegan,
             since meat (beef and pork) is included in the standardized dinner, breakfast and in
             the test meal

          -  Habitual alcohol intake (high: up to 7/14 units per week for women/men) or low: 0-2
             units per week for both genders

          -  Tolerates alcohol

        Exclusion Criteria:

          -  Systematic infections, psychiatric conditions and metabolic disease, and any clinical
             condition and other condition/situation, which according to the experimenter's
             assessment makes the person unfit to participate in the study

          -  Donation of a larger amount of blood (more than 24 ml) e.g. in connection with
             donation or other scientific research study, during the study and 3 months before
             start of the study

          -  Alcohol intake above the Danish Health and Medicines Authority's recommended 7
             respective 14 drinks (units) per week for women and men

          -  Have or have had a drug addiction

          -  Allergy or intolerance to any of the tested drinks, or to any other foods included in
             the study. The participant will be specifically screened for possible alcohol allergy
             or intolerance

          -  Nursing, pregnancy or planned pregnancy.

          -  Not capable of complying with the procedures stipulated in the protocol.
      </textblock>
    </criteria>
    <gender>All</gender>
    <minimum_age>18 Years</minimum_age>
    <maximum_age>60 Years</maximum_age>
    <healthy_volunteers>Accepts Healthy Volunteers</healthy_volunteers>
  </eligibility>
  <overall_official>
    <last_name>Lars O. Dragsted, Professor</last_name>
    <role>Principal Investigator</role>
    <affiliation>Department of Nutrition, Exercise and Sports, University of Copenhagen, Rolighedsvej 30, 1958 Frederiksberg C, Denmark</affiliation>
  </overall_official>
  <location>
    <facility>
      <name>Department of Nutrition, Exercise and Sports, University of Copenhagen</name>
      <address>
        <city>Frederiksberg C</city>
        <zip>1958</zip>
        <country>Denmark</country>
      </address>
    </facility>
  </location>
  <location_countries>
    <country>Denmark</country>
  </location_countries>
  <verification_date>May 2015</verification_date>
  <lastchanged_date>May 19, 2015</lastchanged_date>
  <firstreceived_date>June 28, 2013</firstreceived_date>
  <responsible_party>
    <responsible_party_type>Principal Investigator</responsible_party_type>
    <investigator_affiliation>University of Copenhagen</investigator_affiliation>
    <investigator_full_name>Professor Lars Ove Dragsted</investigator_full_name>
    <investigator_title>Professor</investigator_title>
  </responsible_party>
  <keyword>Metabolomics</keyword>
  <keyword>Beer</keyword>
  <keyword>Biomarker</keyword>
  <keyword>Glucose response</keyword>
  <keyword>Insulin response</keyword>
  <condition_browse>
    <!-- CAUTION:  The following MeSH terms are assigned with an imperfect algorithm            -->
    <mesh_term>Insulin Resistance</mesh_term>
    <mesh_term>Alcohol Drinking</mesh_term>
  </condition_browse>
  <intervention_browse>
    <!-- CAUTION:  The following MeSH terms are assigned with an imperfect algorithm            -->
    <mesh_term>Insulin</mesh_term>
    <mesh_term>Ethanol</mesh_term>
  </intervention_browse>
  <!-- Results have not yet been posted for this study                                          -->
</clinical_study>

