<?xml version="1.0" encoding="UTF-8"?>
<clinical_study rank="296">
  <!-- This xml conforms to an XML Schema at:
    https://clinicaltrials.gov/ct2/html/images/info/public.xsd -->
  <required_header>
    <download_date>ClinicalTrials.gov processed this data on August 29, 2017</download_date>
    <link_text>Link to the current ClinicalTrials.gov record.</link_text>
    <url>https://clinicaltrials.gov/show/NCT00326742</url>
  </required_header>
  <id_info>
    <org_study_id>NGFN 2 01 GS 0475</org_study_id>
    <nct_id>NCT00326742</nct_id>
  </id_info>
  <brief_title>Validation in Humans of Genes Involved in Alcohol Drinking, Stress-Induced Alcohol Drinking and Relapse</brief_title>
  <official_title>Validation in Humans of Genes Involved in Alcohol Drinking, Stress-Induced Alcohol Drinking and Relapse</official_title>
  <sponsors>
    <lead_sponsor>
      <agency>Central Institute of Mental Health, Mannheim</agency>
      <agency_class>Other</agency_class>
    </lead_sponsor>
    <collaborator>
      <agency>German Federal Ministry of Education and Research</agency>
      <agency_class>Other</agency_class>
    </collaborator>
  </sponsors>
  <source>Central Institute of Mental Health, Mannheim</source>
  <brief_summary>
    <textblock>
      Aim of the project is to validate and functionally characterize the combined impact of
      candidate genes and stress exposure on drinking in adolescents. Lifetime and recent stress
      experiences and drinking are recorded in a sample of healthy young adults who are genotyped
      for polymorphisms in candidate genes related to alcoholism. All participants undergo a
      standard laboratory psychosocial stress test. Our hypothesis is that specific genes can be
      identified which influence drinking by modulating stress response.
    </textblock>
  </brief_summary>
  <overall_status>Completed</overall_status>
  <start_date>July 2005</start_date>
  <completion_date type="Actual">March 2007</completion_date>
  <phase>N/A</phase>
  <study_type>Observational</study_type>
  <has_expanded_access>No</has_expanded_access>
  <study_design_info>
    <primary_purpose>Screening</primary_purpose>
    <observational_model>Defined Population</observational_model>
    <time_perspective>Cross-Sectional, Retrospective/Prospective</time_perspective>
  </study_design_info>
  <enrollment type="Actual">281</enrollment>
  <condition>Alcohol Drinking</condition>
  <intervention>
    <intervention_type>Behavioral</intervention_type>
    <intervention_name>Trier Social Stress Test</intervention_name>
  </intervention>
  <eligibility>
    <criteria>
      <textblock>
        Inclusion Criteria:

          -  All 18 or 19 year old participants of the Mannheim risk children study, i.e. a
             longitudinal birth cohort study that started in 1986 and had the inclusion criteria
             given below:

          -  Male and female singletons, firstborn to their mothers between February 1st, 1986 and
             February 28th, 1988, consecutively recruited from 2 obstetric and 4 children's
             hospitals of the Rhine-Neckar region, Germany.

          -  with no severe physical handicaps, obvious genetic defects, or metabolic diseases.

          -  with German-speaking Caucasian parents.

          -  Falling into one of 3 predefined groups with absent, moderate or high pre- and
             perinatal risk, operationalized by low gestational age at birth, low birth weight, and
             severity of the following: Preterm labor, EPH-gestosis, perinatal asphyxia, seizures,
             respiratory distress syndrome, perinatal sepsis.

          -  Falling into one of 3 predefined groups with absent, moderate or high psychosocial
             risk, operationalized by a family risk index measuring the presence of 11 adverse
             family factors covering characteristics of the parents (e.g., psychiatric disorders),
             the partnership (e.g., disharmony), and the family environment (e.g.,
             overcrowding)during a period of one year prior to birth.

        Exclusion Criteria:

          -  Intelligence quotient or motor quotient below 70, or presence of severe neurological
             disorder such as infantile cerebral palsy, at age 15.

          -  Women with known pregnancy.

          -  Any physical of psychiatric disease requiring treatment

          -  Incapable to give informed consent or to answer questionnaires in writing

          -  Recent use of illegal drugs
      </textblock>
    </criteria>
    <gender>All</gender>
    <minimum_age>18 Years</minimum_age>
    <maximum_age>19 Years</maximum_age>
    <healthy_volunteers>Accepts Healthy Volunteers</healthy_volunteers>
  </eligibility>
  <overall_official>
    <last_name>Karl F Mann, Prof</last_name>
    <role>Principal Investigator</role>
    <affiliation>Central Institute of Mental Health, Mannheim</affiliation>
  </overall_official>
  <location>
    <facility>
      <name>Department of Addictive Behavior und Addiction Medicine, Central Institute of Mental Health</name>
      <address>
        <city>Mannheim</city>
        <state>BW</state>
        <zip>68159</zip>
        <country>Germany</country>
      </address>
    </facility>
  </location>
  <location_countries>
    <country>Germany</country>
  </location_countries>
  <link>
    <url>http://www.zi-mannheim.de</url>
    <description>Homepage of the Department conducting the study</description>
  </link>
  <reference>
    <citation>Zimmermann U, Spring K, Kunz-Ebrecht SR, Uhr M, Wittchen HU, Holsboer F. Effect of ethanol on hypothalamic-pituitary-adrenal system response to psychosocial stress in sons of alcohol-dependent fathers. Neuropsychopharmacology. 2004 Jun;29(6):1156-65.</citation>
    <PMID>15100697</PMID>
  </reference>
  <reference>
    <citation>Laucht M, Esser G, Schmidt MH. Developmental outcome of infants born with biological and psychosocial risks. J Child Psychol Psychiatry. 1997 Oct;38(7):843-53.</citation>
    <PMID>9363583</PMID>
  </reference>
  <verification_date>May 2007</verification_date>
  <lastchanged_date>May 9, 2007</lastchanged_date>
  <firstreceived_date>May 16, 2006</firstreceived_date>
  <keyword>Alcoholism</keyword>
  <keyword>Risk factors</keyword>
  <keyword>Adolescence</keyword>
  <keyword>Stress test</keyword>
  <keyword>HPA system</keyword>
  <keyword>Family adversity</keyword>
  <keyword>Candidate genes</keyword>
  <keyword>Cortisol</keyword>
  <keyword>Adrenocorticotrophin</keyword>
  <condition_browse>
    <!-- CAUTION:  The following MeSH terms are assigned with an imperfect algorithm            -->
    <mesh_term>Alcohol Drinking</mesh_term>
  </condition_browse>
  <!-- Results have not yet been posted for this study                                          -->
</clinical_study>

