<?xml version="1.0" encoding="UTF-8"?>
<clinical_study rank="87">
  <!-- This xml conforms to an XML Schema at:
    https://clinicaltrials.gov/ct2/html/images/info/public.xsd -->
  <required_header>
    <download_date>ClinicalTrials.gov processed this data on August 15, 2017</download_date>
    <link_text>Link to the current ClinicalTrials.gov record.</link_text>
    <url>https://clinicaltrials.gov/show/NCT02058355</url>
  </required_header>
  <id_info>
    <org_study_id>PNFBrAB2013</org_study_id>
    <nct_id>NCT02058355</nct_id>
  </id_info>
  <brief_title>Development and Evaluation of Effectiveness of an Internet-based Brief Intervention for Alcohol Use Among Brazilian College Students</brief_title>
  <official_title>Development and Evaluation of Effectiveness of an Internet-based Brief Intervention for Alcohol Use Among Brazilian College Students</official_title>
  <sponsors>
    <lead_sponsor>
      <agency>Federal University of São Paulo</agency>
      <agency_class>Other</agency_class>
    </lead_sponsor>
  </sponsors>
  <source>Federal University of São Paulo</source>
  <brief_summary>
    <textblock>
      This project aims to develop and evaluate the effectiveness of an Personalized Normative
      Feedback (PNF) intervention via the internet, through a randomized clinical trial for alcohol
      consumption among Brazilian college students, as well as evaluating the most effective
      components of the PNF (normative and list of consequences). The sample is composed of college
      students aged between 18 and 30 years. Participants allocated into four different groups:
      control, full intervention (PNF), feedback with normative components (FN) and feedback with
      list of consequences (FLC). The investigators will use the dismantling design to study the
      most effective components. Participants will be followed-up at 1, 3 and 6 months.
    </textblock>
  </brief_summary>
  <overall_status>Active, not recruiting</overall_status>
  <start_date type="Actual">March 2014</start_date>
  <completion_date type="Anticipated">December 2017</completion_date>
  <primary_completion_date type="Anticipated">December 2017</primary_completion_date>
  <phase>N/A</phase>
  <study_type>Interventional</study_type>
  <has_expanded_access>No</has_expanded_access>
  <study_design_info>
    <allocation>Randomized</allocation>
    <intervention_model>Factorial Assignment</intervention_model>
    <primary_purpose>Health Services Research</primary_purpose>
    <masking>Investigator</masking>
  </study_design_info>
  <primary_outcome>
    <measure>Alcohol Consumption</measure>
    <time_frame>Last 3 Months</time_frame>
    <description>Measured by AUDIT questionnaire</description>
  </primary_outcome>
  <secondary_outcome>
    <measure>Maximum Drinks</measure>
    <time_frame>Last 3 months</time_frame>
    <description>Maximum number of drinks reported</description>
  </secondary_outcome>
  <secondary_outcome>
    <measure>Frequency of Alcohol Use</measure>
    <time_frame>Last 3 months</time_frame>
    <description>Measured by AUDIT questionnaire</description>
  </secondary_outcome>
  <secondary_outcome>
    <measure>Typical Number of Drinks</measure>
    <time_frame>Last 3 months</time_frame>
    <description>Measured by AUDIT questionnaire</description>
  </secondary_outcome>
  <secondary_outcome>
    <measure>Number of Alcohol-related Consequences</measure>
    <time_frame>Last 3 Months</time_frame>
    <description>Measured by AUDIT questionnaire</description>
  </secondary_outcome>
  <number_of_arms>3</number_of_arms>
  <enrollment type="Anticipated">6500</enrollment>
  <condition>Alcohol Drinking</condition>
  <arm_group>
    <arm_group_label>Personalized Normative Feedback</arm_group_label>
    <arm_group_type>Experimental</arm_group_type>
    <description>This group receive the complete Personalized Normative Feedback (with normative information and a list of consequences)</description>
  </arm_group>
  <arm_group>
    <arm_group_label>Normative Feedback</arm_group_label>
    <arm_group_type>Experimental</arm_group_type>
    <description>This group receive a feedback only with normative informations (without a list of consequences)</description>
  </arm_group>
  <arm_group>
    <arm_group_label>Consequences List Feedback</arm_group_label>
    <arm_group_type>Experimental</arm_group_type>
    <description>This group receive a list of consequences without normative informations</description>
  </arm_group>
  <intervention>
    <intervention_type>Behavioral</intervention_type>
    <intervention_name>Consequences List Feedback</intervention_name>
    <arm_group_label>Personalized Normative Feedback</arm_group_label>
    <arm_group_label>Consequences List Feedback</arm_group_label>
  </intervention>
  <intervention>
    <intervention_type>Behavioral</intervention_type>
    <intervention_name>Personalized Normative Feedback</intervention_name>
    <arm_group_label>Personalized Normative Feedback</arm_group_label>
    <arm_group_label>Normative Feedback</arm_group_label>
  </intervention>
  <eligibility>
    <criteria>
      <textblock>
        Inclusion Criteria:

          -  College students

          -  Age 18-30 years

          -  Alcohol Use during the last 3 months

        Exclusion Criteria:
      </textblock>
    </criteria>
    <gender>All</gender>
    <minimum_age>18 Years</minimum_age>
    <maximum_age>30 Years</maximum_age>
    <healthy_volunteers>Accepts Healthy Volunteers</healthy_volunteers>
  </eligibility>
  <location>
    <facility>
      <name>Federal University of Sao Paulo</name>
      <address>
        <city>Sao Paulo</city>
        <zip>04023062</zip>
        <country>Brazil</country>
      </address>
    </facility>
  </location>
  <location_countries>
    <country>Brazil</country>
  </location_countries>
  <verification_date>March 2017</verification_date>
  <lastchanged_date>March 13, 2017</lastchanged_date>
  <firstreceived_date>February 4, 2014</firstreceived_date>
  <responsible_party>
    <responsible_party_type>Principal Investigator</responsible_party_type>
    <investigator_affiliation>Federal University of São Paulo</investigator_affiliation>
    <investigator_full_name>André Bedendo</investigator_full_name>
    <investigator_title>MSc</investigator_title>
  </responsible_party>
  <condition_browse>
    <!-- CAUTION:  The following MeSH terms are assigned with an imperfect algorithm            -->
    <mesh_term>Alcohol Drinking</mesh_term>
  </condition_browse>
  <!-- Results have not yet been posted for this study                                          -->
</clinical_study>

