<?xml version="1.0" encoding="UTF-8"?>
<clinical_study rank="160">
  <!-- This xml conforms to an XML Schema at:
    https://clinicaltrials.gov/ct2/html/images/info/public.xsd -->
  <required_header>
    <download_date>ClinicalTrials.gov processed this data on September 01, 2017</download_date>
    <link_text>Link to the current ClinicalTrials.gov record.</link_text>
    <url>https://clinicaltrials.gov/show/NCT00423904</url>
  </required_header>
  <id_info>
    <org_study_id>E1_P1</org_study_id>
    <secondary_id>01EB0120</secondary_id>
    <secondary_id>01EB0420</secondary_id>
    <nct_id>NCT00423904</nct_id>
  </id_info>
  <brief_title>Brief Alcohol Intervention in General Hospitals</brief_title>
  <official_title>Implementing Early Intervention for Alcohol Use Disorders in the General Hospital</official_title>
  <sponsors>
    <lead_sponsor>
      <agency>University Medicine Greifswald</agency>
      <agency_class>Other</agency_class>
    </lead_sponsor>
    <collaborator>
      <agency>German Federal Ministry of Education and Research</agency>
      <agency_class>Other</agency_class>
    </collaborator>
  </sponsors>
  <source>University Medicine Greifswald</source>
  <brief_summary>
    <textblock>
      The purpose of the study is to reveal the most promising procedure for implementing alcohol
      screening and intervention in general hospitals and to find out, if and to which extent
      non-specialist health professionals can be qualified to carry out motivational intervention
      on their own or if there is a need for a specialized counseling services. In a randomized
      controlled trial, patients recruited in general hospitals and fulfilling criteria for alcohol
      dependence, alcohol abuse, at-risk drinking or heavy episodic drinking will be allocated to
      three conditions: (1) Intervention by a liaison service (LC): Counselling based on the
      Transtheoretical Model of behaviour change (TTM) which will be provided by staff of the study
      (psychologists/ social worker) trained in Motivational Interviewing (MI), (2) Intervention by
      hospital physicians (PC): Counselling will be provided by hospital physicians trained in MI,
      and (3) Control group (CC): Treatment as usual, assessment only. Outcome assessment will be
      conducted after 12 months and includes abstinent point prevalence rates, drinks per day,
      help-seeking, stage progress and cost-effectiveness analysis.
    </textblock>
  </brief_summary>
  <detailed_description>
    <textblock>
      Background: High prevalence rates (10 - 25 %) and a promising setting for proactive
      intervention strategies make the general hospital a first choice setting for secondary
      prevention of alcohol-related disorders. Efficient screening instruments have been developed
      for early detection. With regard to the severity of alcohol problem (e.g. alcohol dependence
      vs. heavy episodic drinking) and the motivation to change, the target group is very
      heterogeneous. Although there are counseling strategies that take into account this
      heterogeneity, there is still a lack of implementation and poor knowledge about different
      implementation strategies in routine care. Objectives: To evaluate the effectiveness of a
      proactive secondary preventive intervention based on the TTM and on MI in a representative
      sample of general hospital patients carried out by a liaison service versus non-specialist
      physicians trained in counseling techniques by staff of the study. Methods: A sample of 1,479
      alcohol at-risk-drinking, alcohol abusing or alcohol dependent patients from four general
      hospitals detected by screening questionnaires will be assigned to (1) a group counseled by
      an addiction liaison service, (2) a group counseled by the physicians of the ward, and (3) to
      an assessment-only condition with treatment as usual. Outcome will be measured one year later
      and will include abstinence point prevalence rates, stage progress, help seeking, and
      cost-effectiveness analysis. Expected impact: The project will yield new scientific knowledge
      on how to implement early intervention for alcohol at-risk-drinking and alcohol use disorders
      in the general hospital. Results of the study shall be transferred to nationwide practice
      guideline proposals. The study will contribute to the improvement of the health care system
      as well as the education of medical students. The study is designed to reveal empirical
      evidence for proactive TTM-based interventions for individuals suffering from a prevalent
      substance use disorder.
    </textblock>
  </detailed_description>
  <overall_status>Completed</overall_status>
  <start_date>October 2001</start_date>
  <completion_date>August 2005</completion_date>
  <phase>Phase 2</phase>
  <study_type>Interventional</study_type>
  <has_expanded_access>No</has_expanded_access>
  <study_design_info>
    <allocation>Randomized</allocation>
    <intervention_model>Factorial Assignment</intervention_model>
    <primary_purpose>Educational/Counseling/Training</primary_purpose>
    <masking>Single</masking>
  </study_design_info>
  <primary_outcome>
    <measure>Reduced alcohol consumption</measure>
  </primary_outcome>
  <primary_outcome>
    <measure>Increased alcohol-specific help-seeking</measure>
  </primary_outcome>
  <secondary_outcome>
    <measure>Increased readiness to change drinking behaviour</measure>
  </secondary_outcome>
  <secondary_outcome>
    <measure>Increased well-being</measure>
  </secondary_outcome>
  <enrollment>1035</enrollment>
  <condition>Alcohol Dependence</condition>
  <condition>Alcohol Abuse</condition>
  <condition>At-Risk-Drinking</condition>
  <condition>Heavy Episodic Drinking</condition>
  <intervention>
    <intervention_type>Behavioral</intervention_type>
    <intervention_name>Brief intervention</intervention_name>
  </intervention>
  <eligibility>
    <criteria>
      <textblock>
        Inclusion Criteria:

          -  Alcohol dependence

          -  Alcohol abuse

          -  At-risk drinking

          -  Heavy episodic drinking

        Exclusion Criteria:

          -  Persons physically and mentally not capable of participating in study

          -  Persons with a hospital stay of less than 24 hours
      </textblock>
    </criteria>
    <gender>All</gender>
    <minimum_age>18 Years</minimum_age>
    <maximum_age>64 Years</maximum_age>
  </eligibility>
  <overall_official>
    <last_name>Jennis Freyer-Adam, Dr</last_name>
    <role>Principal Investigator</role>
    <affiliation>University Medicine Greifswald</affiliation>
  </overall_official>
  <overall_official>
    <last_name>Ulfert Hapke, Dr</last_name>
    <role>Principal Investigator</role>
    <affiliation>University of Applied Sciences Muenster</affiliation>
  </overall_official>
  <overall_official>
    <last_name>Ulrich John, Prof Dr</last_name>
    <role>Study Director</role>
    <affiliation>University Medicine Greifswald</affiliation>
  </overall_official>
  <reference>
    <citation>Freyer J, Bott K, Riedel J, Wedler B, Meyer C, Rumpf HJ, John U, Hapke U. Psychometric properties of the 'Processes of Change' scale for alcohol misuse and its short form (POC-20). Addict Behav. 2006 May;31(5):821-32. Epub 2005 Jul 1.</citation>
    <PMID>15993545</PMID>
  </reference>
  <reference>
    <citation>Freyer J, Coder B, Bischof G, Baumeister SE, Rumpf HJ, John U, Hapke U. Intention to utilize formal help in a sample with alcohol problems: a prospective study. Drug Alcohol Depend. 2007 Mar 16;87(2-3):210-6. Epub 2006 Sep 18.</citation>
    <PMID>16979304</PMID>
  </reference>
  <reference>
    <citation>Freyer J, Coder B, Pockrandt C, Hartmann B, Rumpf HJ, John U, Hapke U. [General hospital patients with alcohol problems welcome counselling]. Gesundheitswesen. 2006 Jul;68(7):429-35. German.</citation>
    <PMID>16868869</PMID>
  </reference>
  <reference>
    <citation>Freyer J, Tonigan JS, Keller S, John U, Rumpf HJ, Hapke U. Readiness to change versus readiness to seek help for alcohol problems: the development of the Treatment Readiness Tool (TReaT). J Stud Alcohol. 2004 Nov;65(6):801-9.</citation>
    <PMID>15700519</PMID>
  </reference>
  <reference>
    <citation>Freyer J, Tonigan JS, Keller S, Rumpf HJ, John U, Hapke U. Readiness for change and readiness for help-seeking: a composite assessment of client motivation. Alcohol Alcohol. 2005 Nov-Dec;40(6):540-4. Epub 2005 Sep 26.</citation>
    <PMID>16186144</PMID>
  </reference>
  <verification_date>January 2007</verification_date>
  <lastchanged_date>January 17, 2007</lastchanged_date>
  <firstreceived_date>January 17, 2007</firstreceived_date>
  <keyword>Early intervention</keyword>
  <keyword>Brief intervention</keyword>
  <keyword>alcohol</keyword>
  <keyword>general hospital</keyword>
  <condition_browse>
    <!-- CAUTION:  The following MeSH terms are assigned with an imperfect algorithm            -->
    <mesh_term>Alcoholism</mesh_term>
  </condition_browse>
  <intervention_browse>
    <!-- CAUTION:  The following MeSH terms are assigned with an imperfect algorithm            -->
    <mesh_term>Ethanol</mesh_term>
  </intervention_browse>
  <!-- Results have not yet been posted for this study                                          -->
</clinical_study>

