<?xml version="1.0" encoding="UTF-8"?>
<clinical_study rank="364">
  <!-- This xml conforms to an XML Schema at:
    https://clinicaltrials.gov/ct2/html/images/info/public.xsd -->
  <required_header>
    <download_date>ClinicalTrials.gov processed this data on August 29, 2017</download_date>
    <link_text>Link to the current ClinicalTrials.gov record.</link_text>
    <url>https://clinicaltrials.gov/show/NCT01781273</url>
  </required_header>
  <id_info>
    <org_study_id>CE-12-277</org_study_id>
    <nct_id>NCT01781273</nct_id>
  </id_info>
  <brief_title>MedDrive's Responsiveness to Alcohol</brief_title>
  <acronym>OH-MedDrive</acronym>
  <official_title>MedDrive's Responsiveness to Different Blood Alcohol Concentrations and Concurrent Validity Against Performances on a Driving Simulator; a Phase I, Randomised, Double Blind, Placebo, Dose Response Validation Trial</official_title>
  <sponsors>
    <lead_sponsor>
      <agency>University of Lausanne</agency>
      <agency_class>Other</agency_class>
    </lead_sponsor>
    <collaborator>
      <agency>University of Lausanne Hospitals</agency>
      <agency_class>Other</agency_class>
    </collaborator>
    <collaborator>
      <agency>University Hospital, Geneva</agency>
      <agency_class>Other</agency_class>
    </collaborator>
  </sponsors>
  <source>University of Lausanne</source>
  <oversight_info>
    <has_dmc>No</has_dmc>
  </oversight_info>
  <brief_summary>
    <textblock>
      This four-way, dose-response, crossover, double blind, placebo-controlled, randomised
      validation study investigates the responsiveness of MedDrive, a computed battery of
      neuropsychological tasks, to different doses of alcohol.

      The following hypothesis are tested:

        1. Measures from MedDrive are influenced by alcohol in a dose dependent way.

        2. Effects of alcohol on driving performances are correlated to measures from MedDrive in a
           dose dependent way.

        3. Within a group of healthy young drivers, MedDrive shows consistent results over repeated
           measures (ICC≥0.7).

        4. MedDrive models effects of alcohol on driving performances better than does the UFOV or
           the trial making task.
    </textblock>
  </brief_summary>
  <detailed_description>
    <textblock>
      Background: There is an increasing need for physicians to advice patients on their fitness to
      drive. Current guidelines underline the limitations of existing instruments and the poor
      adaptability of batteries of neuropsychological tests assessing fitness to drive in both
      experimental and primary care settings. The investigators therefore developed MedDrive, a
      free, reliable, computer based measuring instrument capable of detecting effects of age and
      drugs on cognitive functions considered as essential for driving.

      Objectives: This study aims to test MedDrive responsiveness to different blood alcohol
      concentrations (BAC) and validate these measures against performances on a driving simulator.
      It also aims to measure MedDrive's reliability following repeated measures during the
      training phase, to compare MedDrive's performances in measuring effects of different BAC
      against the UFOV, and to model MedDrives measures to predict behaviour on the simulator.
      Finally, this study also includes a nested experimental study measuring effects of alcohol on
      attention.

      Methods: Using Widmark's formula, 16 healthy young drivers are given cranberry juice with
      different doses of ethanol to bring their BAC to 0 g/L, 0.5 g/L, 0.65 g/L, and 0.8 g/L. They
      are blinded to the presence of ethanol by inhaling vapors of ethanol just before drinking.
      BAC is maintained during the entire experiment by using a breathalyser and administrating
      drinks throughout the experiment. Three scenarios are planned on a driving simulator
      (StSoftware PvW-2010), a road tracking task, a car following task, and a car following task
      including dual tasking using peripheral vision.
    </textblock>
  </detailed_description>
  <overall_status>Completed</overall_status>
  <start_date>February 2013</start_date>
  <completion_date type="Actual">April 2013</completion_date>
  <primary_completion_date type="Actual">April 2013</primary_completion_date>
  <phase>N/A</phase>
  <study_type>Interventional</study_type>
  <has_expanded_access>No</has_expanded_access>
  <study_design_info>
    <allocation>Randomized</allocation>
    <intervention_model>Crossover Assignment</intervention_model>
    <primary_purpose>Diagnostic</primary_purpose>
    <masking>Double (Participant, Outcomes Assessor)</masking>
  </study_design_info>
  <primary_outcome>
    <measure>central visual processing time</measure>
    <time_frame>1 hour post-intervention</time_frame>
    <description>Corresponds to the duration of exposure in ms for a 37.5% threshold for correct guesses adjusted for chance for central vision in the Visual Recognition Task (Task 1) in MedDrive.</description>
  </primary_outcome>
  <primary_outcome>
    <measure>peripheral visual processing time</measure>
    <time_frame>1 hour post-intervention</time_frame>
    <description>Corresponds to the duration of exposure in ms for a 43.8% threshold for correct guesses adjusted for chance for peripheral vision in the Visual Recognition Task (Task 1) in MedDrive.</description>
  </primary_outcome>
  <primary_outcome>
    <measure>dual task processing time</measure>
    <time_frame>1 hour post-intervention</time_frame>
    <description>Corresponds to the duration of exposure in ms for a 48.7% threshold for correct guesses adjusted for chance for simultaneous central and peripheral vision (dual tasking) in the Visual Recognition Task (Task 1) in MedDrive.</description>
  </primary_outcome>
  <primary_outcome>
    <measure>neutral response time</measure>
    <time_frame>1 hour post-intervention</time_frame>
    <description>Corresponds to the average response time in ms adjusted for learning effect for participants to respond to a peripheral stimuli during the Central Cue Attention Task (Task 2) in MedDrive.</description>
  </primary_outcome>
  <primary_outcome>
    <measure>conditioned alerting gain</measure>
    <time_frame>1 hour post-intervention</time_frame>
    <description>Corresponds to the average gain in response time (ms) over the neutral condition after participants are warned of the imminent exposure to a peripheral stimuli during the Central Cue Attention Task (Task 2) in MedDrive.</description>
  </primary_outcome>
  <primary_outcome>
    <measure>orientation gain</measure>
    <time_frame>1 hour post-intervention</time_frame>
    <description>Corresponds to the average gain in response time (ms) over the neutral condition after participants are shown where the peripheral stimuli is to show up during the Central Cue Attention Task (Task 2) in MedDrive.</description>
  </primary_outcome>
  <primary_outcome>
    <measure>attention shift response time</measure>
    <time_frame>1 hour post-intervention</time_frame>
    <description>Corresponds to the average response time in ms to detect the orientation of a given moving target during the Movement Detection Task (Task 3) in MedDrive.</description>
  </primary_outcome>
  <primary_outcome>
    <measure>distance to first cue</measure>
    <time_frame>1 hour post-intervention</time_frame>
    <description>Corresponds to the geometrical mean of distances in mm between the true location of the first cue and its indicated location during the Memory Decay of Spatial Resolution Task (Task 4) in MedDrive.</description>
  </primary_outcome>
  <primary_outcome>
    <measure>distance to last cue</measure>
    <time_frame>1 hour post-intervention</time_frame>
    <description>Corresponds to the geometrical mean of distances in mm between the true location of the last cue and its indicated location during the Memory Decay of Spatial Resolution Task (Task 4) in MedDrive.</description>
  </primary_outcome>
  <primary_outcome>
    <measure>spatial resolution decay</measure>
    <time_frame>1 hour post-intervention</time_frame>
    <description>Corresponds to the loss in precision for each extra cue shown during the Memory Decay of Spatial Resolution Task (Task 4) in MedDrive (ln(mm)/cue).</description>
  </primary_outcome>
  <secondary_outcome>
    <measure>Useful Field of View</measure>
    <time_frame>1 hour post-intervention</time_frame>
    <description>The UFOV is a neuropsychological task which provides four outputs: visual processing, divided attention, selective attention, and overall risk</description>
  </secondary_outcome>
  <secondary_outcome>
    <measure>Trial Making Task</measure>
    <time_frame>1 hour post-intervention</time_frame>
    <description>The duration of tasks TMT-A and TMT-B are provided in seconds</description>
  </secondary_outcome>
  <secondary_outcome>
    <measure>StSoftware driving simulator</measure>
    <time_frame>1 hour post-intervention</time_frame>
    <description>Standard lateral deviation from the center of the road during the road tracking task, and gain and delay during the car following tasks</description>
  </secondary_outcome>
  <other_outcome>
    <measure>Adverse events</measure>
    <time_frame>1 week after intervention</time_frame>
    <description>New symptoms, accidents, hospitalisation are recorded one week after each visit.</description>
  </other_outcome>
  <number_of_arms>4</number_of_arms>
  <enrollment type="Actual">21</enrollment>
  <condition>Impaired Driving</condition>
  <arm_group>
    <arm_group_label>Cranberry juice alone</arm_group_label>
    <arm_group_type>Placebo Comparator</arm_group_type>
    <description>500 mL of cranberry juice</description>
  </arm_group>
  <arm_group>
    <arm_group_label>BAC 0.5 g/L</arm_group_label>
    <arm_group_type>Experimental</arm_group_type>
    <description>Cranberry juice with ethanol to rise BAC to 0.5 g/L</description>
  </arm_group>
  <arm_group>
    <arm_group_label>BAC 0.65 g/L</arm_group_label>
    <arm_group_type>Experimental</arm_group_type>
    <description>Cranberry juice with ethanol to rise BAC to 0.65 g/L</description>
  </arm_group>
  <arm_group>
    <arm_group_label>BAC 0.8 g/L</arm_group_label>
    <arm_group_type>Experimental</arm_group_type>
    <description>Cranberry juice with ethanol to rise BAC to 0.8 g/L</description>
  </arm_group>
  <intervention>
    <intervention_type>Other</intervention_type>
    <intervention_name>Ethanol</intervention_name>
    <description>During a 45 min period, investigators will ask participants to drink 500ml of cranberry juice, 100 ml at a time each 5 minutes. Depending of the allocation, these drinks will contain more or less alcohol. Pure ethanol will be used mixed with the beverage. The amount of alcohol to dilute in the drink will be calculated using Widmarks formula. Participants will move to the simulator room 20 minutes after having finished drinking the first 500 ml. To maintain the BAC level, investigators will use a breathalyser and provide 100 ml cranberry juice every 20 minutes with the amount of necessary alcohol. The person administrating drinks will hand over the drinks and make sure the participants breaths in before taking a sip, thereby inhaling alcohol vapour from the lid and keeping them blinded to the content.</description>
    <arm_group_label>BAC 0.5 g/L</arm_group_label>
    <arm_group_label>BAC 0.65 g/L</arm_group_label>
    <arm_group_label>BAC 0.8 g/L</arm_group_label>
  </intervention>
  <intervention>
    <intervention_type>Other</intervention_type>
    <intervention_name>Cranberry juice</intervention_name>
    <description>100 mL cranberry juice is provided in a 250 ml container.</description>
    <arm_group_label>Cranberry juice alone</arm_group_label>
    <arm_group_label>BAC 0.5 g/L</arm_group_label>
    <arm_group_label>BAC 0.65 g/L</arm_group_label>
    <arm_group_label>BAC 0.8 g/L</arm_group_label>
  </intervention>
  <eligibility>
    <criteria>
      <textblock>
        Inclusion Criteria:

          -  Aged 20 to 40 years

          -  Obtained drivers license at least 24 months before

          -  Fit to drive

          -  Consumed at least once six units of a beverage with alcohol at a single occasion
             during the previous six months

        Exclusion Criteria:

          -  Under the influence of a medicinal drug affecting their driving performance

          -  Suffer from a psychiatric condition affecting driving performances

          -  Suffer from simulator sickness

          -  Presenting criteria (ICD-10) of alcohol dependence.

          -  Pregnant or breastfeeding

          -  Intolerant to alcohol defined by having either headaches or digestive disorders for
             quantities of alcohol that do not seem to bother other people.
      </textblock>
    </criteria>
    <gender>All</gender>
    <minimum_age>20 Years</minimum_age>
    <maximum_age>40 Years</maximum_age>
    <healthy_volunteers>Accepts Healthy Volunteers</healthy_volunteers>
  </eligibility>
  <overall_official>
    <last_name>Bernard Favrat, MD</last_name>
    <role>Principal Investigator</role>
    <affiliation>CHUV, University of Lausanne</affiliation>
  </overall_official>
  <overall_official>
    <last_name>Patrice Mangin, MD, PhD</last_name>
    <role>Study Director</role>
    <affiliation>CHUV, University of Lausanne</affiliation>
  </overall_official>
  <location>
    <facility>
      <name>Institute of Legal Medicine, University of Geneva</name>
      <address>
        <city>Geneva 4</city>
        <state>Geneva</state>
        <zip>1211</zip>
        <country>Switzerland</country>
      </address>
    </facility>
  </location>
  <location_countries>
    <country>Switzerland</country>
  </location_countries>
  <verification_date>April 2013</verification_date>
  <lastchanged_date>April 20, 2013</lastchanged_date>
  <firstreceived_date>January 28, 2013</firstreceived_date>
  <responsible_party>
    <responsible_party_type>Principal Investigator</responsible_party_type>
    <investigator_affiliation>University of Lausanne</investigator_affiliation>
    <investigator_full_name>Bernard Favrat, MD</investigator_full_name>
    <investigator_title>Head of Unit of Traffic Medicine and Psychology, Principle Investigator</investigator_title>
  </responsible_party>
  <keyword>impaired driving</keyword>
  <intervention_browse>
    <!-- CAUTION:  The following MeSH terms are assigned with an imperfect algorithm            -->
    <mesh_term>Ethanol</mesh_term>
  </intervention_browse>
  <!-- Results have not yet been posted for this study                                          -->
</clinical_study>

