<?xml version="1.0" encoding="UTF-8"?>
<clinical_study rank="423">
  <!-- This xml conforms to an XML Schema at:
    https://clinicaltrials.gov/ct2/html/images/info/public.xsd -->
  <required_header>
    <download_date>ClinicalTrials.gov processed this data on September 15, 2017</download_date>
    <link_text>Link to the current ClinicalTrials.gov record.</link_text>
    <url>https://clinicaltrials.gov/show/NCT02135237</url>
  </required_header>
  <id_info>
    <org_study_id>12-204H-2</org_study_id>
    <secondary_id>R01AA021446</secondary_id>
    <nct_id>NCT02135237</nct_id>
  </id_info>
  <brief_title>Contingency Management for Alcohol Use Disorders</brief_title>
  <official_title>Contingency Management for Alcohol Use Disorders</official_title>
  <sponsors>
    <lead_sponsor>
      <agency>UConn Health</agency>
      <agency_class>Other</agency_class>
    </lead_sponsor>
    <collaborator>
      <agency>National Institute on Alcohol Abuse and Alcoholism (NIAAA)</agency>
      <agency_class>NIH</agency_class>
    </collaborator>
  </sponsors>
  <source>UConn Health</source>
  <oversight_info>
    <has_dmc>Yes</has_dmc>
  </oversight_info>
  <brief_summary>
    <textblock>
      Contingency management (CM) treatments are highly efficacious in improving outcomes of
      substance abusing patients. However, CM has rarely been applied to individuals with alcohol
      use disorders, primarily because of technological limitations in monitoring drinking. The
      Secure Continuous Remote Alcohol Monitor (SCRAMx®) is a new technology designed to
      continuously monitor alcohol consumption 24 hours a day for 7 days per week. The purpose of
      this study is to evaluate the efficacy of CM in reducing alcohol use using SCRAMx. In total,
      120 alcohol abusing or dependent patients initiating outpatient treatment at community-based
      clinics will be randomly assigned to one of two conditions: standard care, or standard care
      plus CM with reinforcement based on results of SCRAMx readings. Compared with standard care,
      it is expected that CM will result in fewer drinking days and longer durations of continuous
      non-drinking days.
    </textblock>
  </brief_summary>
  <overall_status>Recruiting</overall_status>
  <start_date>January 2014</start_date>
  <completion_date type="Anticipated">January 2018</completion_date>
  <primary_completion_date type="Anticipated">January 2018</primary_completion_date>
  <phase>N/A</phase>
  <study_type>Interventional</study_type>
  <has_expanded_access>No</has_expanded_access>
  <study_design_info>
    <allocation>Randomized</allocation>
    <intervention_model>Parallel Assignment</intervention_model>
    <primary_purpose>Treatment</primary_purpose>
    <masking>None (Open Label)</masking>
  </study_design_info>
  <primary_outcome>
    <measure>longest duration of abstinence from alcohol</measure>
    <time_frame>three months</time_frame>
    <description>objective report of alcohol use as measured by SCRAMx device</description>
  </primary_outcome>
  <number_of_arms>2</number_of_arms>
  <enrollment type="Anticipated">120</enrollment>
  <condition>Alcohol Use Disorder</condition>
  <condition>Contingency Management</condition>
  <arm_group>
    <arm_group_label>Control Group</arm_group_label>
    <arm_group_type>Active Comparator</arm_group_type>
    <description>Standard Care</description>
  </arm_group>
  <arm_group>
    <arm_group_label>Experimental Group</arm_group_label>
    <arm_group_type>Experimental</arm_group_type>
    <description>Standard Care plus Prize Contingency Management for Alcohol Abstinence</description>
  </arm_group>
  <intervention>
    <intervention_type>Behavioral</intervention_type>
    <intervention_name>Prize Contingency Management for Alcohol Abstinence</intervention_name>
    <arm_group_label>Experimental Group</arm_group_label>
  </intervention>
  <intervention>
    <intervention_type>Behavioral</intervention_type>
    <intervention_name>Standard Care</intervention_name>
    <arm_group_label>Control Group</arm_group_label>
    <arm_group_label>Experimental Group</arm_group_label>
  </intervention>
  <eligibility>
    <criteria>
      <textblock>
        Inclusion Criteria:

          -  age 18 years or older

          -  current diagnosis of alcohol use disorder and self report of recent alcohol use

          -  pass an informed consent quiz

          -  agree to wear a SCRAMx monitor for 12 weeks

          -  have a standard SCRAMx compatible phone line in their home or agree to attend the
             clinic weekly for brief research visits/downloads

          -  agree to sign an off-campus property transfer form and return SCRAMx equipment

        Exclusion Criteria:

          -  serious, uncontrolled psychiatric illness

          -  in recovery from pathological gambling

          -  have an unstable address

          -  intend to participate in activities incompatible with SCRAMx over the next 3 months

          -  are wearing SCRAMx for legal purposes
      </textblock>
    </criteria>
    <gender>All</gender>
    <minimum_age>18 Years</minimum_age>
    <maximum_age>N/A</maximum_age>
    <healthy_volunteers>No</healthy_volunteers>
  </eligibility>
  <overall_official>
    <last_name>Nancy M Petry, Ph.D.</last_name>
    <role>Principal Investigator</role>
    <affiliation>UConn Health</affiliation>
  </overall_official>
  <overall_contact>
    <last_name>Ruth Fetter</last_name>
    <phone>860.679.4556</phone>
    <email>fetter@uchc.edu</email>
  </overall_contact>
  <overall_contact_backup>
    <last_name>Wendy Soneson</last_name>
    <phone>860.679.2984</phone>
    <email>soneson@uchc.edu</email>
  </overall_contact_backup>
  <location>
    <facility>
      <name>The Hospital of Central Connecticut at New Britain General</name>
      <address>
        <city>New Britain</city>
        <state>Connecticut</state>
        <zip>06050</zip>
        <country>United States</country>
      </address>
    </facility>
    <status>Recruiting</status>
    <contact>
      <last_name>Ruth Fetter</last_name>
      <phone>860-679-4556</phone>
      <email>fetter@uchc.edu</email>
    </contact>
    <investigator>
      <last_name>Nancy M Petry, Ph.D.</last_name>
      <role>Principal Investigator</role>
    </investigator>
  </location>
  <location>
    <facility>
      <name>Farrell Treatment Center</name>
      <address>
        <city>New Britain</city>
        <state>Connecticut</state>
        <zip>06051</zip>
        <country>United States</country>
      </address>
    </facility>
    <status>Recruiting</status>
    <contact>
      <last_name>Ruth Fetter</last_name>
      <phone>860-679-4556</phone>
      <email>fetter@uchc.edu</email>
    </contact>
    <investigator>
      <last_name>Nancy M Petry, Ph.D.</last_name>
      <role>Principal Investigator</role>
    </investigator>
  </location>
  <location>
    <facility>
      <name>Behavioral Health Network, Inc.</name>
      <address>
        <city>Springfield</city>
        <state>Massachusetts</state>
        <zip>01104</zip>
        <country>United States</country>
      </address>
    </facility>
    <status>Recruiting</status>
    <contact>
      <last_name>Ruth Fetter</last_name>
      <phone>860-679-4556</phone>
      <email>fetter@uchc.edu</email>
    </contact>
    <investigator>
      <last_name>Nancy M Petry, Ph.D.</last_name>
      <role>Principal Investigator</role>
    </investigator>
  </location>
  <location_countries>
    <country>United States</country>
  </location_countries>
  <verification_date>June 2017</verification_date>
  <lastchanged_date>June 23, 2017</lastchanged_date>
  <firstreceived_date>February 24, 2014</firstreceived_date>
  <responsible_party>
    <responsible_party_type>Principal Investigator</responsible_party_type>
    <investigator_affiliation>UConn Health</investigator_affiliation>
    <investigator_full_name>Nancy Petry</investigator_full_name>
    <investigator_title>Professor</investigator_title>
  </responsible_party>
  <condition_browse>
    <!-- CAUTION:  The following MeSH terms are assigned with an imperfect algorithm            -->
    <mesh_term>Disease</mesh_term>
    <mesh_term>Alcohol Drinking</mesh_term>
  </condition_browse>
  <intervention_browse>
    <!-- CAUTION:  The following MeSH terms are assigned with an imperfect algorithm            -->
    <mesh_term>Ethanol</mesh_term>
  </intervention_browse>
  <!-- Results have not yet been posted for this study                                          -->
</clinical_study>

