<?xml version="1.0" encoding="UTF-8"?>
<clinical_study rank="463">
  <!-- This xml conforms to an XML Schema at:
    https://clinicaltrials.gov/ct2/html/images/info/public.xsd -->
  <required_header>
    <download_date>ClinicalTrials.gov processed this data on September 15, 2017</download_date>
    <link_text>Link to the current ClinicalTrials.gov record.</link_text>
    <url>https://clinicaltrials.gov/show/NCT02228967</url>
  </required_header>
  <id_info>
    <org_study_id>W81XWH-14-2-0014</org_study_id>
    <secondary_id>12019006</secondary_id>
    <nct_id>NCT02228967</nct_id>
  </id_info>
  <brief_title>Alcohol Screening, Brief Intervention, and Referral to Treatment in a Military Treatment Facility</brief_title>
  <official_title>Feasibility and Pilot Testing of SBI to Reduce Alcohol Misuse Among Active Duty Members in a Military ER Setting</official_title>
  <sponsors>
    <lead_sponsor>
      <agency>San Diego State University</agency>
      <agency_class>Other</agency_class>
    </lead_sponsor>
    <collaborator>
      <agency>United States Naval Medical Center, San Diego</agency>
      <agency_class>U.S. Fed</agency_class>
    </collaborator>
  </sponsors>
  <source>San Diego State University</source>
  <oversight_info>
    <has_dmc>No</has_dmc>
  </oversight_info>
  <brief_summary>
    <textblock>
      An alcohol Screening, Brief Intervention and Referral to Treatment (SBIRT) approach will be
      adapted for use in a large military hospital setting, and then pilot tested in a military
      emergency department (ED) to assess its potential for effectiveness and for further testing
      in a large-scale trial. SBIRT is an &quot;opportunistic&quot; approach whereby all adult patients in
      the ED are screened by Health Educators for their alcohol use, and then, taking advantage of
      a &quot;teachable moment,&quot; are delivered a brief, motivational intervention matched to their level
      of risk.

      The feasibility/formative research activities in the first phase (Phase I) of the study are
      not summative research, and therefore, do not lend themselves to testable hypotheses.
      Hypotheses with regard to the pilot randomized trial in Phase II are as follows:

        1. Participants in the SBIRT intervention will show relatively greater reductions over a
           six month period (or less increase) than the brochure/usual care control group in the
           prevalence of past-month heavy drinking, frequency of heavy drinking, past week number
           of drinks, and the AUDIT-based drinkers' index.

        2. Alcohol use-related motivation/readiness to change and controlled drinking self-efficacy
           will show greater change in the SBIRT intervention group relative to the brochure/usual
           care control group.

           In addition, exploratory analyses will examine the following:

        3. Sociodemographic/military variables (e.g., age, race/ethnicity, gender, branch of
           service, officer/enlisted status, PTS) and social-psychological factors (e.g., baseline
           readiness to change, self efficacy) will mediate or moderate changes in alcohol misuse.
    </textblock>
  </brief_summary>
  <detailed_description>
    <textblock>
      Deployment frequency and duration and combat exposure are implicated as risk factors for
      alcohol misuse and PTSD among military personnel. During the past 10 years, Department of
      Defense healthcare systems have observed steep increases in mental health and substance use
      services among personnel demobilizing from these conflicts. Although the alcohol Screening,
      Brief Intervention and Referral to Treatment (SBIRT) approach has shown promise as a
      low-cost, effective strategy for reducing alcohol use in civilians many of whom are risky
      drinkers but not yet dependent, it has not been adapted or tested in military health care
      settings for active duty personnel. This 2.5 year civilian-military collaborative study is
      highly responsive to exploring solutions to this emerging issue. The specific objectives for
      the overall project are given below.

      Objective 1: Feasibility and Acceptability

        -  Determine how the SBIRT intervention can be integrated into standard military emergency
           department (ED) operations by conducting record review and observation of the ED.

        -  Develop and test the acceptability and usability (for both ED staff and potential
           participants) of the SBIRT approach by conducting focus groups with active duty
           personnel and garnering input from ED staff.

        -  Develop an implementation/operations protocol for delivering SBIRT in the ED.

      Objective 2: Adaptation

        -  Apply a translational research approach to adapt SBIRT implementation in military
           settings and populations by using information from focus groups and input from ED staff.

        -  Adapt the content of the SBIRT intervention to be relevant for military personnel,
           including language and images for counseling and materials using information from focus
           groups and input from ED staff.

      Objective 3: Pilot Trial

        -  Using a two group repeated measures design, assess the impact of SBIRT using
           standardized alcohol use measures to assess its potential for effectiveness with active
           duty military personnel in an ED setting. Specific methodologies include:

        -  Apply a randomization method in the ED to assign active duty participants to
           experimental condition.

        -  Implement the SBIRT intervention in the ED for those assigned to the intervention arm.

        -  Implement a process for obtaining follow-up data with this mobile population.

        -  Assess presumed mediators (e.g., readiness/motivation to change and self-efficacy) and
           moderators (e.g., PTSD status, gender) of alcohol misuse change.
    </textblock>
  </detailed_description>
  <overall_status>Active, not recruiting</overall_status>
  <start_date>May 2015</start_date>
  <completion_date type="Anticipated">October 2016</completion_date>
  <primary_completion_date type="Actual">March 2016</primary_completion_date>
  <phase>N/A</phase>
  <study_type>Interventional</study_type>
  <has_expanded_access>No</has_expanded_access>
  <study_design_info>
    <allocation>Randomized</allocation>
    <intervention_model>Parallel Assignment</intervention_model>
    <primary_purpose>Prevention</primary_purpose>
    <masking>Double (Participant, Investigator)</masking>
  </study_design_info>
  <primary_outcome>
    <measure>Alcohol Use Disorders Identification Test (AUDIT)</measure>
    <time_frame>Baseline, Follow-up (Up to 7 months)</time_frame>
    <description>A primary outcome measure will come from the AUDIT item assessing the frequency of consuming six or more drinks in one occasion. The item lends itself to be recoded into a dichotomous variable representing whether or not one has had at least one heavy-drinking episode in the past month. Changes in the prevalence will be assessed, as well as the frequency of heavy drinking, and a drinkers index. The drinkers index consists of a summary of the first three AUDIT items which represents a combination of quantity, usual frequency, and frequency of heavy drinking. One other primary outcome measure will be a quantitative measure of the number of drinks per week derived from two questions from the AUDIT.</description>
  </primary_outcome>
  <secondary_outcome>
    <measure>Controlled Drinking Self-Efficacy Scale (CDSES)</measure>
    <time_frame>Baseline, Follow-up (Up to 7 months)</time_frame>
    <description>We will use the 20-item Controlled Drinking Self-Efficacy Scale -- CDSES, a reliable, valid, easy-to-administer scale that assesses confidence to reduce overall consumption and frequency of drinking. The CDSES will be administered at both baseline and follow-up to assess changes in this presumed mediating attitude. The baseline readiness to change and the CDSES also will be useful as predictors of alcohol use change.</description>
  </secondary_outcome>
  <other_outcome>
    <measure>Readiness to Change Scale</measure>
    <time_frame>Baseline, Follow-up (Up to 7 months)</time_frame>
    <description>A readiness to change alcohol use measure (ranging from 1 - not ready to change, to 10 - very ready) will be assessed at baseline and follow-up for all participants. Because motivation and readiness to change are hallmark elements of the SBIRT approach and are thought to be integral to behavior change, these constructs will be measured to assess the degree to which they change in the two groups. Some individuals may not abstain or reduce their use over time, but there may be improvement in their readiness to change.</description>
  </other_outcome>
  <number_of_arms>2</number_of_arms>
  <enrollment type="Actual">795</enrollment>
  <condition>Alcohol Dependency</condition>
  <arm_group>
    <arm_group_label>Usual Care</arm_group_label>
    <arm_group_type>No Intervention</arm_group_type>
    <description>Those participants assigned to the usual care control group will be given a brochure on safe drinking limits, will be reminded of the 6-month follow-up, and thanked for their time.</description>
  </arm_group>
  <arm_group>
    <arm_group_label>SBIRT</arm_group_label>
    <arm_group_type>Active Comparator</arm_group_type>
    <description>Those assigned to the SBIRT intervention group will receive 1 of 3 tracks:
Brief Intervention (BI) for At Risk Individuals (scores lower than 15) - Brief motivational intervention with feedback related to their use and change strategies.
Brief Treatment (BT) for High Risk Individuals (scores of 16-19) - Brief Intervention on site and be offered 6 individual confidential sessions with a civilian Brief Treatment Counselor over the phone.
Referral to Treatment (RT) for Severe Risk Individuals (scores of 20-40) - Brief Intervention on site and will be given a list of services where they may self-refer for further assessment and support.</description>
  </arm_group>
  <intervention>
    <intervention_type>Behavioral</intervention_type>
    <intervention_name>SBIRT</intervention_name>
    <description>SBIRT is an &quot;opportunistic&quot; approach whereby patients are screened by Health Educators for their alcohol use, and then, taking advantage of a &quot;teachable moment,&quot; are delivered a brief, motivational intervention matched to their level of risk.</description>
    <arm_group_label>SBIRT</arm_group_label>
    <other_name>Screening</other_name>
    <other_name>Brief Intervention</other_name>
    <other_name>Brief Treatment</other_name>
    <other_name>Referral to Treatment</other_name>
    <other_name>Motivational Interviewing</other_name>
  </intervention>
  <eligibility>
    <criteria>
      <textblock>
        Inclusion Criteria:

          -  18 or Older

          -  Active Duty

          -  Off Duty

          -  Telephone Number for Follow-up

          -  Healthy Enough to Participate

          -  Positive Screen for Risky Drinking

        Exclusion Criteria:

          -  Under 18

          -  Non-Military

          -  On Duty

          -  Low Level Drinking
      </textblock>
    </criteria>
    <gender>All</gender>
    <minimum_age>18 Years</minimum_age>
    <maximum_age>N/A</maximum_age>
    <healthy_volunteers>Accepts Healthy Volunteers</healthy_volunteers>
  </eligibility>
  <overall_official>
    <last_name>Mark Reed, PhD</last_name>
    <role>Principal Investigator</role>
    <affiliation>SDSURF - Center for Alcohol &amp; Drug Studies &amp; Services</affiliation>
  </overall_official>
  <overall_official>
    <last_name>Gerard DeMers, DO</last_name>
    <role>Principal Investigator</role>
    <affiliation>United States Naval Medical Center, San Diego</affiliation>
  </overall_official>
  <location>
    <facility>
      <name>Naval Medical Center San Diego</name>
      <address>
        <city>San Diego</city>
        <state>California</state>
        <zip>92134</zip>
        <country>United States</country>
      </address>
    </facility>
  </location>
  <location_countries>
    <country>United States</country>
  </location_countries>
  <verification_date>April 2016</verification_date>
  <lastchanged_date>April 12, 2016</lastchanged_date>
  <firstreceived_date>August 26, 2014</firstreceived_date>
  <responsible_party>
    <responsible_party_type>Principal Investigator</responsible_party_type>
    <investigator_affiliation>San Diego State University</investigator_affiliation>
    <investigator_full_name>Mark Reed, PhD</investigator_full_name>
    <investigator_title>Director</investigator_title>
  </responsible_party>
  <keyword>Alcohol Use</keyword>
  <keyword>SBIRT</keyword>
  <keyword>Military</keyword>
  <keyword>Health Behavior</keyword>
  <keyword>Emergency Room</keyword>
  <keyword>Health Promotion</keyword>
  <keyword>Formative Research</keyword>
  <keyword>Randomized Trial</keyword>
  <condition_browse>
    <!-- CAUTION:  The following MeSH terms are assigned with an imperfect algorithm            -->
    <mesh_term>Alcoholism</mesh_term>
  </condition_browse>
  <intervention_browse>
    <!-- CAUTION:  The following MeSH terms are assigned with an imperfect algorithm            -->
    <mesh_term>Ethanol</mesh_term>
  </intervention_browse>
  <!-- Results have not yet been posted for this study                                          -->
</clinical_study>

