<?xml version="1.0" encoding="UTF-8"?>
<clinical_study rank="383">
  <!-- This xml conforms to an XML Schema at:
    https://clinicaltrials.gov/ct2/html/images/info/public.xsd -->
  <required_header>
    <download_date>ClinicalTrials.gov processed this data on August 15, 2017</download_date>
    <link_text>Link to the current ClinicalTrials.gov record.</link_text>
    <url>https://clinicaltrials.gov/show/NCT01348113</url>
  </required_header>
  <id_info>
    <org_study_id>RCB 2009-A00591-56</org_study_id>
    <secondary_id>PHRC/09-09</secondary_id>
    <nct_id>NCT01348113</nct_id>
  </id_info>
  <brief_title>Efficacy of a Brief Alcohol Intervention for Non Dependant Alcohol-misusing Patients Undergoing a Scheduled Surgery</brief_title>
  <acronym>ITBCHIR</acronym>
  <official_title>Efficacy of a Brief Alcohol Intervention for Non Dependant Alcohol-misusing Patients Undergoing a Scheduled Surgery: a Randomized Controlled Trial</official_title>
  <sponsors>
    <lead_sponsor>
      <agency>Rennes University Hospital</agency>
      <agency_class>Other</agency_class>
    </lead_sponsor>
    <collaborator>
      <agency>Ministry of Health, France</agency>
      <agency_class>Other</agency_class>
    </collaborator>
  </sponsors>
  <source>Rennes University Hospital</source>
  <oversight_info>
    <has_dmc>No</has_dmc>
  </oversight_info>
  <brief_summary>
    <textblock>
      Excessive alcohol consumption is a worldwide major public health problem. Brief interventions
      have shown to be an efficient treatment modality for problem drinkers, but have never been
      tested in scheduled surgery.

      Patients will be recruited in various surgery units in 7 hospital in France. All patients
      attending a scheduled surgery will be screened during the visit with the anaesthesist by the
      Alcohol Use Disorders Identification Test (AUDIT). Patients aged 30-75 with an AUDIT between
      7 and 12, corresponding to at risk or harmful use, will be proposed to enter a control study
      and randomized between a brief intervention by a trained nurse during the post-surgery
      hospitalisation and no intervention. Twelve months after the surgery, a research technician
      will interview by telephone patients and evaluate AUDIT and alcohol consumption of the last
      month.
    </textblock>
  </brief_summary>
  <detailed_description>
    <textblock>
      Excessive alcohol consumption is a worldwide major public health problem. Persons who drink
      more than 2-3 drinks per day are at risk for numerous medical, psychological and social
      problems. Brief interventions have shown to be an efficient treatment modality for problem
      drinkers in settings such as primary care, emergencies or psychiatric hospitals by numerous
      randomized studies. Brief intervention consists typically in a brief assessment, giving
      patients personal feedback, dealing with resistance and ambivalence, establishing a goal of
      reduced alcohol use, and giving a workbook; reinforcement visits or calls are included. Brief
      interventions seem to be particularly effective in patients with alcohol problem without
      dependence.

      Screening for alcohol problem is best done using standardized questionnaires, as the Alcohol
      Use Disorders Identification Test (AUDIT), developed by WHO and translated in many languages.
      The AUDIT allows distinguishing between normal alcohol use, harmful or at risk use and
      dependence and is easy to use.

      No study on brief intervention has been conducted in scheduled surgery. This seems to be a
      promising situation, since there is first a visit with the anaesthetist, during which
      screening for alcohol problem should occur, then a hospitalisation, during which the
      intervention could be made. It is possible that patients are more concerned by their health
      when they come to hospital for a surgery.

      The aim of this controlled, randomized study is to test the hypothesis that a brief
      intervention, consisting in a visit with a trained nurse, followed by a telephone call three
      months later, in patients with at risk or harmful alcohol use, undergoing a scheduled
      surgery, could be efficient to promote the decrease of alcohol consumption.

      Patients will be screened during the visit with the anaesthetist with AUDIT. Patients with
      AUDIT between 7 and 12 will be proposed to enter the study, and randomised between Brief
      Intervention and no intervention. A research technician will interview patients 12 months
      after the surgery, with assessment of the AUDIT and alcohol consumption. CDT and GGT will be
      measured prior to surgery, then at 12 months after surgery.
    </textblock>
  </detailed_description>
  <overall_status>Terminated</overall_status>
  <start_date>July 2010</start_date>
  <completion_date type="Actual">November 2012</completion_date>
  <primary_completion_date type="Actual">May 2012</primary_completion_date>
  <phase>Phase 3</phase>
  <study_type>Interventional</study_type>
  <has_expanded_access>No</has_expanded_access>
  <study_design_info>
    <allocation>Randomized</allocation>
    <intervention_model>Parallel Assignment</intervention_model>
    <primary_purpose>Supportive Care</primary_purpose>
    <masking>Open Label</masking>
  </study_design_info>
  <primary_outcome>
    <measure>Rate of patients getting back to an Alcohol Use Disorders Identification Test score &lt;7</measure>
    <time_frame>1 year</time_frame>
  </primary_outcome>
  <secondary_outcome>
    <measure>Evolution of the Alcohol Use Disorders Identification Test score</measure>
    <time_frame>1 year</time_frame>
  </secondary_outcome>
  <secondary_outcome>
    <measure>Alcohol consumption in the month preceding the final evaluation at 1 year</measure>
    <time_frame>1 year</time_frame>
  </secondary_outcome>
  <secondary_outcome>
    <measure>Gamma-GT and CDT evolution</measure>
    <time_frame>1 year</time_frame>
  </secondary_outcome>
  <secondary_outcome>
    <measure>Frequency of normalization of gamma-GT and CDT measures</measure>
    <time_frame>1 year</time_frame>
  </secondary_outcome>
  <secondary_outcome>
    <measure>Rate of patients in the Brief Alcohol Intervention group getting back to an Alcohol Use Disorders Identification Test score &lt;7, with stratification on the Prochaska score</measure>
    <time_frame>1 year</time_frame>
  </secondary_outcome>
  <secondary_outcome>
    <measure>Feeling of the patients towards the Brief Alcohol Intervention</measure>
    <time_frame>1 year</time_frame>
    <description>recollection, acceptability, relevance, recollection of the recall at 3 months, acceptability of the recall at 3 months</description>
  </secondary_outcome>
  <secondary_outcome>
    <measure>Prevalence of alcohol misuse, with or without dependence, in patients seen in pre-anaesthesia consultation</measure>
    <time_frame>6 months</time_frame>
  </secondary_outcome>
  <secondary_outcome>
    <measure>Proportion of total population presenting an increase in gamma-GT and CDT in comparison with upper limits of normal</measure>
    <time_frame>6 months</time_frame>
  </secondary_outcome>
  <number_of_arms>2</number_of_arms>
  <enrollment type="Actual">3</enrollment>
  <condition>Alcohol Abuse</condition>
  <condition>Alcohol Problem</condition>
  <condition>AOD Misuse</condition>
  <arm_group>
    <arm_group_label>Brief Alcohol Intervention</arm_group_label>
    <arm_group_type>Experimental</arm_group_type>
  </arm_group>
  <arm_group>
    <arm_group_label>No intervention</arm_group_label>
    <arm_group_type>No Intervention</arm_group_type>
  </arm_group>
  <intervention>
    <intervention_type>Other</intervention_type>
    <intervention_name>Brief Alcohol intervention</intervention_name>
    <description>Brief intervention consists typically in a brief assessment, giving patients personal feedback, dealing with resistance and ambivalence, establishing a goal of reduced alcohol use, and giving a workbook; reinforcement visits or calls are included.</description>
    <arm_group_label>Brief Alcohol Intervention</arm_group_label>
    <other_name>BAI</other_name>
  </intervention>
  <eligibility>
    <criteria>
      <textblock>
        Inclusion Criteria:

          -  Man or woman

          -  Aged 30 to 75 years old

          -  With a scheduled surgery

          -  Presenting an Alcohol Use Disorders Identification Test score between 7 and 12
             (included) during the routine visit with the anaesthesist prior to hospitalisation

          -  Being capable of understanding the information note

          -  Who gave a written informed consent

          -  Affiliated to a medical insurance

        Non inclusion Criteria:

          -  Surgery in relation to alcohol consumption (chronic pancreatitis, oropharyngeal cancer
             for example) or modifying alcohol consumption (liver transplantation for example),

          -  No telephone number

          -  Dependence to alcohol (Alcohol Use Disorders Identification Test score ≥ 13)

          -  History of alcohol weaning complications

          -  History of addiction care

          -  Life expectancy less than 5 years

          -  Decompensated psychiatric disease

          -  Usual consumption (more than three times a week) of illicit products

          -  Person deprived of freedom or under guardianship

          -  Participation or intent to participate in another biomedical research
      </textblock>
    </criteria>
    <gender>All</gender>
    <minimum_age>30 Years</minimum_age>
    <maximum_age>75 Years</maximum_age>
    <healthy_volunteers>No</healthy_volunteers>
  </eligibility>
  <overall_official>
    <last_name>Romain MOIRAND, MD, PhD</last_name>
    <role>Principal Investigator</role>
    <affiliation>Rennes University Hospital</affiliation>
  </overall_official>
  <overall_official>
    <last_name>Jean-Michel REYMANN, PhD</last_name>
    <role>Study Chair</role>
    <affiliation>Rennes University Hospital</affiliation>
  </overall_official>
  <location>
    <facility>
      <name>Unité d'Alcoologie et Hépatologie Générale, Département d'Anesthésie Réanimation- Hôpital de Pontchaillou</name>
      <address>
        <city>Rennes</city>
        <zip>35033</zip>
        <country>France</country>
      </address>
    </facility>
  </location>
  <location_countries>
    <country>France</country>
  </location_countries>
  <verification_date>April 2014</verification_date>
  <lastchanged_date>April 30, 2014</lastchanged_date>
  <firstreceived_date>July 2, 2010</firstreceived_date>
  <responsible_party>
    <responsible_party_type>Sponsor</responsible_party_type>
  </responsible_party>
  <keyword>Alcohol Use Disorders Identification Test</keyword>
  <keyword>alcohol dependence</keyword>
  <keyword>Alcohol problem</keyword>
  <condition_browse>
    <!-- CAUTION:  The following MeSH terms are assigned with an imperfect algorithm            -->
    <mesh_term>Alcoholism</mesh_term>
  </condition_browse>
  <intervention_browse>
    <!-- CAUTION:  The following MeSH terms are assigned with an imperfect algorithm            -->
    <mesh_term>Ethanol</mesh_term>
  </intervention_browse>
  <!-- Results have not yet been posted for this study                                          -->
</clinical_study>

