<?xml version="1.0" encoding="UTF-8"?>
<clinical_study rank="371">
  <!-- This xml conforms to an XML Schema at:
    https://clinicaltrials.gov/ct2/html/images/info/public.xsd -->
  <required_header>
    <download_date>ClinicalTrials.gov processed this data on September 01, 2017</download_date>
    <link_text>Link to the current ClinicalTrials.gov record.</link_text>
    <url>https://clinicaltrials.gov/show/NCT00124059</url>
  </required_header>
  <id_info>
    <org_study_id>706689</org_study_id>
    <nct_id>NCT00124059</nct_id>
  </id_info>
  <brief_title>Quetiapine Fumarate (Seroquel) for the Treatment of Alcohol Dependence.</brief_title>
  <official_title>A Double-Blind Study of Quetiapine Fumarate (Seroquel) for the Treatment of Type A vs.Type B Alcoholics.</official_title>
  <sponsors>
    <lead_sponsor>
      <agency>University of Pennsylvania</agency>
      <agency_class>Other</agency_class>
    </lead_sponsor>
  </sponsors>
  <source>University of Pennsylvania</source>
  <oversight_info>
    <has_dmc>No</has_dmc>
  </oversight_info>
  <brief_summary>
    <textblock>
      The purpose of this study is to determine whether seroquel is effective in the treatment of
      type A and type B alcohol dependence.
    </textblock>
  </brief_summary>
  <detailed_description>
    <textblock>
      The purpose of this study is to obtain preliminary data regarding the safety, efficacy and
      tolerability of quetiapine [Seroquel (SQL)] in treating Type A vs B alcohol dependent
      outpatients seeking treatment.
    </textblock>
  </detailed_description>
  <overall_status>Completed</overall_status>
  <start_date>March 2003</start_date>
  <completion_date type="Actual">October 2005</completion_date>
  <primary_completion_date type="Actual">September 2005</primary_completion_date>
  <phase>Phase 3</phase>
  <study_type>Interventional</study_type>
  <has_expanded_access>No</has_expanded_access>
  <study_design_info>
    <allocation>Randomized</allocation>
    <intervention_model>Factorial Assignment</intervention_model>
    <primary_purpose>Treatment</primary_purpose>
    <masking>Quadruple (Participant, Care Provider, Investigator, Outcomes Assessor)</masking>
  </study_design_info>
  <primary_outcome>
    <measure>TLFB (TimeLine FollowBack) for 1) proportion of days abstinent; 2) proportion of days of heavy drinking; 3) time to the return of heavy drinking (drinking heavily for 2 out of 30 days).</measure>
    <time_frame>13 weeks</time_frame>
  </primary_outcome>
  <secondary_outcome>
    <measure>1. Patient acceptability of the pharmacotherapy (measured by treatment drop outs and pill noncompliance) 2. Changes in craving for alcohol over the course of treatment 3. Changes in any mood and anxiety symptoms over the course of treatment</measure>
    <time_frame>13 weeks</time_frame>
  </secondary_outcome>
  <number_of_arms>4</number_of_arms>
  <enrollment type="Actual">61</enrollment>
  <condition>Alcoholism</condition>
  <arm_group>
    <arm_group_label>Type A SERO</arm_group_label>
    <arm_group_type>Experimental</arm_group_type>
  </arm_group>
  <arm_group>
    <arm_group_label>Type B SERO</arm_group_label>
    <arm_group_type>Experimental</arm_group_type>
  </arm_group>
  <arm_group>
    <arm_group_label>Type A PLA</arm_group_label>
    <arm_group_type>Placebo Comparator</arm_group_type>
  </arm_group>
  <arm_group>
    <arm_group_label>Type B PLA</arm_group_label>
    <arm_group_type>Placebo Comparator</arm_group_type>
  </arm_group>
  <intervention>
    <intervention_type>Drug</intervention_type>
    <intervention_name>Seroquel</intervention_name>
    <description>400mg/day quetiapine</description>
    <arm_group_label>Type A SERO</arm_group_label>
    <arm_group_label>Type B SERO</arm_group_label>
  </intervention>
  <intervention>
    <intervention_type>Drug</intervention_type>
    <intervention_name>Placebo</intervention_name>
    <description>400mg/day placebo</description>
    <arm_group_label>Type A PLA</arm_group_label>
    <arm_group_label>Type B PLA</arm_group_label>
  </intervention>
  <eligibility>
    <criteria>
      <textblock>
        Inclusion Criteria:

          1. Male or female and 18-65 years old.

          2. Has a DSM-IV diagnosis of current alcohol dependence.

          3. Has either Type A or Type B alcohol dependence, determined by cut-off scores for
             drinking amounts per day (TLFB), depression symptoms (Hamilton Depression Rating
             Scale--HDRS; Hamilton, 1967), and number of childhood antisocial personality symptoms.
             These three variables were selected based on recently published data on alcohol
             subtyping by Pettinati et al., 2000b).

          4. Meets the following drinking criteria, measured by TLFB: a. drink within 30 days of
             starting pharmacotherapy treatment, b. reports a minimum of 48 standard alcoholic
             drinks (avg 12 drinks/wk) in a consecutive 30-day period over the 90-day period prior
             to starting pharmacotherapy (i.e., a minimum of 40% days drinking), and c. has 2 or
             more days of heavy drinking (defined as 5 or more drinks per day in males and 4 or
             more drinks per day in females) in this same pre-treatment period. [Note: To be a
             subject in the study, the patient must have been drinking enough in the 90 days before
             the trial so that a baseline exists in order to then measure reductions in drinking
             during the trial.]

          5. Prior to starting pharmacotherapy, scores below 8 on the Clinical Institutes
             Withdrawal Assessment for Alcohol (CIWA; Shaw et al, 1981), and has at least 3
             consecutive days of abstinence, as determined by subject report, breathalyzer
             measures, and a collateral report.

          6. Speaks, understands and prints in English.

          7. Gives written informed consent.

        Exclusion Criteria:

          1. Has evidence of dependence on a substance other than alcohol (except nicotine), test
             positive on the urine drug screen (with the exception of THC) in the screening week
             (only one repeat testing permitted), or require inpatient detoxification for any
             substance.

          2. Has hepatocellular disease indicated by elevations of SGPT (ALT) and SGOT (AST) of at
             least 4.5 times normal after the required 3 days of abstinence, or elevated bilirubin
             (&gt;1.3).

          3. Patients with hepatocellular disease as evidenced by AST or ALT levels at least 2
             times normal who test positive on a screening test for hepatitis A, B or C.

          4. Meets diagnostic criteria for a current unstable or serious psychiatric or medical
             illness. For example, bipolar affective disorder, schizophrenia or any other psychotic
             disorder, or organic mental disorder; has serious heart, lung, kidney, immune system,
             GI tract (ulcerative colitis, regional enteritis, or gastrointestinal bleeding)
             disease.

          5. Has taken any psychotropic medications (or disulfiram) regularly within the last 2
             weeks or needs immediate treatment with a psychotropic medication (with the exception
             of detoxification medications or benadryl used sparingly for sleep);

          6. Tests positive on a pregnancy test, is contemplating pregnancy in the next 12 months,
             is nursing, or is not using an effective contraceptive method if the S is of
             child-bearing potential.

          7. Has known hypersensitivity to antipsychotics.

          8. Has participated in any investigational drug trial within 30 days prior to the study.

          9. History of seizures including alcohol withdrawal seizures.

         10. History of head trauma.

         11. Family history of seizures.
      </textblock>
    </criteria>
    <gender>All</gender>
    <minimum_age>18 Years</minimum_age>
    <maximum_age>65 Years</maximum_age>
    <healthy_volunteers>No</healthy_volunteers>
  </eligibility>
  <overall_official>
    <last_name>Helen M Pettinati, PhD</last_name>
    <role>Principal Investigator</role>
    <affiliation>University of Pennsylvania Treatment Research Center</affiliation>
  </overall_official>
  <location>
    <facility>
      <name>University of Pennsylvania Treatment Research Center</name>
      <address>
        <city>Philadelphia</city>
        <state>Pennsylvania</state>
        <zip>19104</zip>
        <country>United States</country>
      </address>
    </facility>
  </location>
  <location_countries>
    <country>United States</country>
  </location_countries>
  <results_reference>
    <citation>Kampman KM, Pettinati HM, Lynch KG, Whittingham T, Macfadden W, Dackis C, Tirado C, Oslin DW, Sparkman T, O'Brien CP. A double-blind, placebo-controlled pilot trial of quetiapine for the treatment of Type A and Type B alcoholism. J Clin Psychopharmacol. 2007 Aug;27(4):344-51.</citation>
    <PMID>17632217</PMID>
  </results_reference>
  <verification_date>September 2013</verification_date>
  <lastchanged_date>October 2, 2015</lastchanged_date>
  <firstreceived_date>July 22, 2005</firstreceived_date>
  <responsible_party>
    <responsible_party_type>Sponsor</responsible_party_type>
  </responsible_party>
  <keyword>alcohol dependence</keyword>
  <condition_browse>
    <!-- CAUTION:  The following MeSH terms are assigned with an imperfect algorithm            -->
    <mesh_term>Alcoholism</mesh_term>
  </condition_browse>
  <intervention_browse>
    <!-- CAUTION:  The following MeSH terms are assigned with an imperfect algorithm            -->
    <mesh_term>Quetiapine Fumarate</mesh_term>
  </intervention_browse>
  <!-- Results have not yet been posted for this study                                          -->
</clinical_study>

