<?xml version="1.0" encoding="UTF-8"?>
<clinical_study rank="475">
  <!-- This xml conforms to an XML Schema at:
    https://clinicaltrials.gov/ct2/html/images/info/public.xsd -->
  <required_header>
    <download_date>ClinicalTrials.gov processed this data on September 15, 2017</download_date>
    <link_text>Link to the current ClinicalTrials.gov record.</link_text>
    <url>https://clinicaltrials.gov/show/NCT02159391</url>
  </required_header>
  <id_info>
    <org_study_id>PI 0691-2013</org_study_id>
    <secondary_id>PI-0691-2013</secondary_id>
    <nct_id>NCT02159391</nct_id>
  </id_info>
  <brief_title>The Efficacy of Brief Motivational Interviewing for Trauma Patients Related to Alcohol or Other Abuse Drugs.</brief_title>
  <acronym>MOTIVA</acronym>
  <official_title>The Efficacy of Brief Motivational Interviewing for Trauma Patients Related to Alcohol or Other Abuse Drugs.</official_title>
  <sponsors>
    <lead_sponsor>
      <agency>Fundación Pública Andaluza para la Investigación Biomédica Andalucía Oriental</agency>
      <agency_class>Other</agency_class>
    </lead_sponsor>
    <collaborator>
      <agency>Universidad de Granada</agency>
      <agency_class>Other</agency_class>
    </collaborator>
    <collaborator>
      <agency>Andaluz Health Service</agency>
      <agency_class>Other</agency_class>
    </collaborator>
  </sponsors>
  <source>Fundación Pública Andaluza para la Investigación Biomédica Andalucía Oriental</source>
  <oversight_info>
    <has_dmc>No</has_dmc>
  </oversight_info>
  <brief_summary>
    <textblock>
      The purpose of this study is to determine whether the Brief Motivational Interview will
      produce a significantly reduction in risk behavior than usual treatment 3 months after
      discharge from hospital in people who have survived a traumatism.
    </textblock>
  </brief_summary>
  <detailed_description>
    <textblock>
      Objectives:

        1. To determine the efficacy of Brief Motivational Interview against an usual hospital
           treatment (no psychological treatment) in patients who have suffered an accident under
           the influence of drugs (1) to reduce risk behaviors and drug consumption and (2) to
           increase motivation to change behavior and risk perception.

        2. To investigate the mediating role of impulsive personality and decision making in the
           impact of Brief Motivational Interview on reduction of risk driving.

        3. To assess the economic viability of the results of Brief Motivational Interview through
           a cost-utility analysis.
    </textblock>
  </detailed_description>
  <overall_status>Unknown status</overall_status>
  <last_known_status>Active, not recruiting</last_known_status>
  <start_date>June 2014</start_date>
  <completion_date type="Anticipated">December 2016</completion_date>
  <primary_completion_date type="Anticipated">March 2016</primary_completion_date>
  <phase>N/A</phase>
  <study_type>Interventional</study_type>
  <has_expanded_access>No</has_expanded_access>
  <study_design_info>
    <allocation>Randomized</allocation>
    <intervention_model>Parallel Assignment</intervention_model>
    <primary_purpose>Prevention</primary_purpose>
    <masking>None (Open Label)</masking>
  </study_design_info>
  <primary_outcome>
    <measure>Risk behavior</measure>
    <time_frame>Baseline, month 3.</time_frame>
    <description>Measure with Short Driver Behaviour Questionnaire (SDBQ) and Domain-Specific Risk-Taking (DOSPERT)</description>
  </primary_outcome>
  <secondary_outcome>
    <measure>Alcohol and Other Drug consumption</measure>
    <time_frame>Baseline, month 3.</time_frame>
    <description>Measure with Timeline Followback (TLFB), Interview for Research on Addictive Behavior (IRAB) and Audit Test.</description>
  </secondary_outcome>
  <secondary_outcome>
    <measure>Motivation to change</measure>
    <time_frame>Baseline, post-intervention, month 3</time_frame>
    <description>Measure with SOCRATES-8</description>
  </secondary_outcome>
  <secondary_outcome>
    <measure>Risk perception</measure>
    <time_frame>Baseline, post-intervention, month 3.</time_frame>
    <description>Risk perception questionnaire, perceived risk of alcohol and drug (EDADES).</description>
  </secondary_outcome>
  <secondary_outcome>
    <measure>General Health</measure>
    <time_frame>Baseline, month 3.</time_frame>
    <description>Measure with SF6D</description>
  </secondary_outcome>
  <other_outcome>
    <measure>Risk Taking and Impulsive Behavior</measure>
    <time_frame>Baseline, month 3.</time_frame>
    <description>Measure with Impulsive Behavior Scale (UPPS-P) and Self-efficacy questionnaire</description>
  </other_outcome>
  <other_outcome>
    <measure>Real-life decision making</measure>
    <time_frame>Baseline, month 3.</time_frame>
    <description>Iowa Gambling Task (IGT)</description>
  </other_outcome>
  <number_of_arms>2</number_of_arms>
  <enrollment type="Anticipated">86</enrollment>
  <condition>AODD and AODR Disorder</condition>
  <arm_group>
    <arm_group_label>Usual Intervention</arm_group_label>
    <arm_group_type>No Intervention</arm_group_type>
    <description>A standard intervention will be performed by nursing staff during hospital admission. Written information about the consequences of driving under the influence of alcohol and/or drugs will be provided. No psychological intervention.</description>
  </arm_group>
  <arm_group>
    <arm_group_label>Brief Motivational Interview</arm_group_label>
    <arm_group_type>Experimental</arm_group_type>
    <description>A Brief Motivational Interviewing will be performed during hospital admission by a psychologist experienced with this intervention.</description>
  </arm_group>
  <intervention>
    <intervention_type>Behavioral</intervention_type>
    <intervention_name>Brief Motivational Interview</intervention_name>
    <description>The Brief Motivational Interview implies an empathic interviewing style which (i) recognizes, examines and tries to resolve the patient´s ambivalence to facilitate behavioral change, (ii) promotes self-efficacy, (iii) allows flexibility in strategies, including short-term aims to reduce consumption and decrease damage linked to this consumption (like road accidents), (iv) works to reduce the patient's resistances, and (v) provides individualized feedback, if deemed appropriate, to promote recognition of the problem and cognitive restructuring.</description>
    <arm_group_label>Brief Motivational Interview</arm_group_label>
  </intervention>
  <eligibility>
    <criteria>
      <textblock>
        Inclusion Criteria:

          -  Trauma patients who have had: 1) A road crash, 2) A sport injury, 3) Occupational
             accident.

          -  Tested positive on alcohol and/or other abuse drugs tests.

        Exclusion Criteria:

          -  Cognitive or brain-damage that prevent assessment and Brief Motivational Interview

          -  Psychopathological disorders

          -  Residence status that prevents follow-up (residence outside of Spain, homeless).
      </textblock>
    </criteria>
    <gender>All</gender>
    <minimum_age>18 Years</minimum_age>
    <maximum_age>55 Years</maximum_age>
    <healthy_volunteers>No</healthy_volunteers>
  </eligibility>
  <overall_official>
    <last_name>Raquel Vilar, PhD</last_name>
    <role>Principal Investigator</role>
    <affiliation>Universidad de Granada</affiliation>
  </overall_official>
  <location>
    <facility>
      <name>Hospital Virgen de las Nieves</name>
      <address>
        <city>Granada</city>
        <state>Andalucia</state>
        <zip>18000</zip>
        <country>Spain</country>
      </address>
    </facility>
  </location>
  <location_countries>
    <country>Spain</country>
  </location_countries>
  <link>
    <url>http://www.sintraumas.org</url>
    <description>Related Info</description>
  </link>
  <verification_date>September 2015</verification_date>
  <lastchanged_date>September 24, 2015</lastchanged_date>
  <firstreceived_date>June 6, 2014</firstreceived_date>
  <responsible_party>
    <responsible_party_type>Principal Investigator</responsible_party_type>
    <investigator_affiliation>Universidad de Granada</investigator_affiliation>
    <investigator_full_name>Raquel Vilar Lopez</investigator_full_name>
    <investigator_title>Prof. Experimental Psychology Department</investigator_title>
  </responsible_party>
  <keyword>Accident Prevention</keyword>
  <keyword>Alcohol Drinking</keyword>
  <keyword>Substance-Related Disorders</keyword>
  <keyword>Motivational Interviewing</keyword>
  <keyword>Adult</keyword>
  <keyword>Humans</keyword>
  <keyword>Intervention Studies</keyword>
  <keyword>Recurrence</keyword>
  <keyword>Risk Factors</keyword>
  <keyword>Trauma Centers</keyword>
  <keyword>Wounds and Injuries/epidemiology</keyword>
  <keyword>Wounds and Injuries/etiology*</keyword>
  <keyword>Wounds and Injuries/prevention &amp; control*</keyword>
  <intervention_browse>
    <!-- CAUTION:  The following MeSH terms are assigned with an imperfect algorithm            -->
    <mesh_term>Ethanol</mesh_term>
  </intervention_browse>
  <!-- Results have not yet been posted for this study                                          -->
</clinical_study>

