<?xml version="1.0" encoding="UTF-8"?>
<clinical_study rank="11">
  <!-- This xml conforms to an XML Schema at:
    https://clinicaltrials.gov/ct2/html/images/info/public.xsd -->
  <required_header>
    <download_date>ClinicalTrials.gov processed this data on September 15, 2017</download_date>
    <link_text>Link to the current ClinicalTrials.gov record.</link_text>
    <url>https://clinicaltrials.gov/show/NCT02117193</url>
  </required_header>
  <id_info>
    <org_study_id>UFRGS 366465</org_study_id>
    <nct_id>NCT02117193</nct_id>
  </id_info>
  <brief_title>Combined and Isolated Effects of Sleep Deprivation and Alcohol Intake on Exercise Performance in Humans.</brief_title>
  <official_title>Combined and Isolated Effects of Sleep Deprivation and Alcohol Intake on Cardiorrespiratory, Neuromuscular and Hormonal Responses in Healthy Males.</official_title>
  <sponsors>
    <lead_sponsor>
      <agency>Federal University of Rio Grande do Sul</agency>
      <agency_class>Other</agency_class>
    </lead_sponsor>
    <collaborator>
      <agency>Fundação de Amparo à Pesquisa do Estado do Rio Grande do Sul, Brazil</agency>
      <agency_class>Other</agency_class>
    </collaborator>
    <collaborator>
      <agency>Coordenação de Aperfeiçoamento de Pessoal de Nível Superior.</agency>
      <agency_class>Other</agency_class>
    </collaborator>
  </sponsors>
  <source>Federal University of Rio Grande do Sul</source>
  <oversight_info>
    <has_dmc>No</has_dmc>
  </oversight_info>
  <brief_summary>
    <textblock>
      Although the effects of acute alcohol intake and sleep deprivation on exercise performance
      lacks evidence in the literature, in many situations, they occur simultaneously. Once the
      alcohol affects physiological processes, the processes that occur during sleep can be
      impaired, such as: suppression of GH release, action of neurotransmitters and neuromodulators
      in the CNS, changes in the proportion of sleep stages and may lead to suppression of REM
      sleep. These changes promote a significant functional impairment such as a reduction in
      alertness and modification in reaction time, which affects the performance of any activity of
      daily and professional life. However, the combined effects on the physical performance
      variables, such as aerobic and neuromuscular performance lack of evidence in the literature.
    </textblock>
  </brief_summary>
  <detailed_description>
    <textblock>
      Ten subjects were randomized in four situations after familiarization and control situation:
      (1) alcohol intake combined with sleep normal; (2) alcohol intake combined with sleep
      deprivation; (3) placebo intake combined with sleep normal and (4) placebo intake combined
      with sleep deprivation.
    </textblock>
  </detailed_description>
  <overall_status>Completed</overall_status>
  <start_date>October 2013</start_date>
  <completion_date type="Actual">May 2015</completion_date>
  <primary_completion_date type="Actual">May 2015</primary_completion_date>
  <phase>N/A</phase>
  <study_type>Interventional</study_type>
  <has_expanded_access>No</has_expanded_access>
  <study_design_info>
    <allocation>Randomized</allocation>
    <intervention_model>Crossover Assignment</intervention_model>
    <masking>Single (Outcomes Assessor)</masking>
  </study_design_info>
  <primary_outcome>
    <measure>Aerobic Performance</measure>
    <time_frame>After each sequence, up to 8 hours</time_frame>
    <description>Aerobic performance will be determined through the subject's heart rate</description>
  </primary_outcome>
  <primary_outcome>
    <measure>Neuromuscular Performance</measure>
    <time_frame>After each sequence, up to 8 hours</time_frame>
    <description>knee extensor isometric torque</description>
  </primary_outcome>
  <primary_outcome>
    <measure>Biochemical Responses</measure>
    <time_frame>After each sequence, up to 8 hours</time_frame>
    <description>Glucose after each situation in the morning</description>
  </primary_outcome>
  <secondary_outcome>
    <measure>Hydration Status</measure>
    <time_frame>After each sequence, up to 8 hours</time_frame>
    <description>Urine Specific Gravity</description>
  </secondary_outcome>
  <secondary_outcome>
    <measure>Profile of Mood States</measure>
    <time_frame>6 months</time_frame>
  </secondary_outcome>
  <secondary_outcome>
    <measure>Breath Alcohol</measure>
    <time_frame>6 months</time_frame>
  </secondary_outcome>
  <number_of_arms>2</number_of_arms>
  <enrollment type="Actual">10</enrollment>
  <condition>Alcohol Intake</condition>
  <condition>Sleep Deprivation</condition>
  <arm_group>
    <arm_group_label>Alcohol intake</arm_group_label>
    <arm_group_type>Placebo Comparator</arm_group_type>
    <description>1 g/kg of etanol combined. Beer without alcohol in the same volume will be used to placebo condition.</description>
  </arm_group>
  <arm_group>
    <arm_group_label>sleep deprivation</arm_group_label>
    <arm_group_type>Active Comparator</arm_group_type>
    <description>one night of sleep deprivation will be compared to 8h of normal sleep.</description>
  </arm_group>
  <intervention>
    <intervention_type>Other</intervention_type>
    <intervention_name>Alcohol intake</intervention_name>
    <description>The subjects will be drink beer (with or without alcohol) before sleep intervention (normal sleep and sleep deprivation).</description>
    <arm_group_label>Alcohol intake</arm_group_label>
    <arm_group_label>sleep deprivation</arm_group_label>
  </intervention>
  <intervention>
    <intervention_type>Other</intervention_type>
    <intervention_name>Sleep deprivation</intervention_name>
    <description>One night of sleep deprivation or one night of normal sleep.</description>
    <arm_group_label>Alcohol intake</arm_group_label>
    <arm_group_label>sleep deprivation</arm_group_label>
  </intervention>
  <eligibility>
    <criteria>
      <textblock>
        Inclusion Criteria:

        - Physical active men

        Exclusion Criteria:

          -  AUDIT questionnaire above 15 points

          -  Nocturnal Chronotype

          -  Skeletal muscle injuries in upper and lower limb

          -  Metabolic and cardiovascular disease
      </textblock>
    </criteria>
    <gender>Male</gender>
    <minimum_age>18 Years</minimum_age>
    <maximum_age>30 Years</maximum_age>
    <healthy_volunteers>Accepts Healthy Volunteers</healthy_volunteers>
  </eligibility>
  <overall_official>
    <last_name>Rodrigo Rodrigues, MSc</last_name>
    <role>Principal Investigator</role>
    <affiliation>Federal University of Rio Grande do Sul</affiliation>
  </overall_official>
  <location>
    <facility>
      <name>Exercise Research Laboratory</name>
      <address>
        <city>Porto Alegre</city>
        <state>Rio Grande do Sul</state>
        <zip>90690200</zip>
        <country>Brazil</country>
      </address>
    </facility>
  </location>
  <location_countries>
    <country>Brazil</country>
  </location_countries>
  <verification_date>October 2016</verification_date>
  <lastchanged_date>October 27, 2016</lastchanged_date>
  <firstreceived_date>April 14, 2014</firstreceived_date>
  <firstreceived_results_date>May 10, 2016</firstreceived_results_date>
  <responsible_party>
    <responsible_party_type>Principal Investigator</responsible_party_type>
    <investigator_affiliation>Federal University of Rio Grande do Sul</investigator_affiliation>
    <investigator_full_name>Marco Aurélio Vaz, PhD</investigator_full_name>
    <investigator_title>PhD</investigator_title>
  </responsible_party>
  <condition_browse>
    <!-- CAUTION:  The following MeSH terms are assigned with an imperfect algorithm            -->
    <mesh_term>Sleep Deprivation</mesh_term>
    <mesh_term>Alcohol Drinking</mesh_term>
  </condition_browse>
  <intervention_browse>
    <!-- CAUTION:  The following MeSH terms are assigned with an imperfect algorithm            -->
    <mesh_term>Ethanol</mesh_term>
  </intervention_browse>
  <patient_data>
    <sharing_ipd>No</sharing_ipd>
  </patient_data>

  <clinical_results>

    <participant_flow>
      <group_list>
        <group group_id="P1">
          <title>All Study Participants</title>
          <description>This is a cross-over study.</description>
        </group>
      </group_list>
      <period_list>
        <period>
          <title>Overall Study</title>
          <milestone_list>
            <milestone>
              <title>STARTED</title>
              <participants_list>
                <participants group_id="P1" count="10"/>
              </participants_list>
            </milestone>
            <milestone>
              <title>Alcohol Intake + Normal Sleep</title>
              <participants_list>
                <participants group_id="P1" count="10"/>
              </participants_list>
            </milestone>
            <milestone>
              <title>Placebo Intake + Normal Sleep</title>
              <participants_list>
                <participants group_id="P1" count="10"/>
              </participants_list>
            </milestone>
            <milestone>
              <title>Alcohol Intake + Sleep Deprivation</title>
              <participants_list>
                <participants group_id="P1" count="10"/>
              </participants_list>
            </milestone>
            <milestone>
              <title>Placebo Intake + Sleep Deprivation</title>
              <participants_list>
                <participants group_id="P1" count="10"/>
              </participants_list>
            </milestone>
            <milestone>
              <title>COMPLETED</title>
              <participants_list>
                <participants group_id="P1" count="10"/>
              </participants_list>
            </milestone>
            <milestone>
              <title>NOT COMPLETED</title>
              <participants_list>
                <participants group_id="P1" count="0"/>
              </participants_list>
            </milestone>
          </milestone_list>
        </period>
      </period_list>
    </participant_flow>

    <baseline>
      <group_list>
        <group group_id="B1">
          <title>All Study Participants</title>
          <description>Received Alcohol intake + Normal Sleep Received Alcohol intake + Sleep Deprivation Received Placebo intake + Normal Sleep Received Placebo intake + Sleep Deprivation</description>
        </group>
      </group_list>
      <analyzed_list>
        <analyzed>
          <units>Participants</units>
          <scope>Overall</scope>
          <count_list>
            <count group_id="B1" value="10"/>
          </count_list>
        </analyzed>
      </analyzed_list>
      <measure_list>
        <measure>
          <title>Age</title>
          <units>Participants</units>
          <param>Count of Participants</param>
          <class_list>
            <class>
              <category_list>
                <category>
                  <title>&lt;=18 years</title>
                  <measurement_list>
                    <measurement group_id="B1" value="0"/>
                  </measurement_list>
                </category>
                <category>
                  <title>Between 18 and 65 years</title>
                  <measurement_list>
                    <measurement group_id="B1" value="10"/>
                  </measurement_list>
                </category>
                <category>
                  <title>&gt;=65 years</title>
                  <measurement_list>
                    <measurement group_id="B1" value="0"/>
                  </measurement_list>
                </category>
              </category_list>
            </class>
          </class_list>
        </measure>
        <measure>
          <title>Age</title>
          <units>years</units>
          <param>Mean</param>
          <dispersion>Standard Deviation</dispersion>
          <class_list>
            <class>
              <category_list>
                <category>
                  <measurement_list>
                    <measurement group_id="B1" value="23.5" spread="3.3"/>
                  </measurement_list>
                </category>
              </category_list>
            </class>
          </class_list>
        </measure>
        <measure>
          <title>Gender</title>
          <units>Participants</units>
          <param>Count of Participants</param>
          <class_list>
            <class>
              <category_list>
                <category>
                  <title>Female</title>
                  <measurement_list>
                    <measurement group_id="B1" value="0"/>
                  </measurement_list>
                </category>
                <category>
                  <title>Male</title>
                  <measurement_list>
                    <measurement group_id="B1" value="10"/>
                  </measurement_list>
                </category>
              </category_list>
            </class>
          </class_list>
        </measure>
        <measure>
          <title>Region of Enrollment</title>
          <units>participants</units>
          <param>Number</param>
          <class_list>
            <class>
              <title>Brazil</title>
              <category_list>
                <category>
                  <measurement_list>
                    <measurement group_id="B1" value="10"/>
                  </measurement_list>
                </category>
              </category_list>
            </class>
          </class_list>
        </measure>
        <measure>
          <title>maximal oxygen uptake</title>
          <units>ml.kg-1.min-1</units>
          <param>Mean</param>
          <dispersion>Standard Deviation</dispersion>
          <class_list>
            <class>
              <category_list>
                <category>
                  <measurement_list>
                    <measurement group_id="B1" value="44.8" spread="2.4"/>
                  </measurement_list>
                </category>
              </category_list>
            </class>
          </class_list>
        </measure>
      </measure_list>
    </baseline>

    <outcome_list>
      <outcome>
        <type>Primary</type>
        <title>Aerobic Performance</title>
        <description>Aerobic performance will be determined through the subject's heart rate</description>
        <time_frame>After each sequence, up to 8 hours</time_frame>
        <group_list>
          <group group_id="O1">
            <title>Sequence 1</title>
            <description>Alcohol intake + Normal Sleep
Alcohol intake: The subjects will be drink beer (1g/kg of ethanol) before sleep.
Normal sleep: One night of normal sleep (8h)</description>
          </group>
          <group group_id="O2">
            <title>Sequence 2</title>
            <description>Alcohol intake + Sleep deprivation
Alcohol intake: The subjects will be drink beer (1g/kg of ethanol) before sleep.
Sleep deprivation: One night of sleep deprivation (8h)</description>
          </group>
          <group group_id="O3">
            <title>Sequence 3</title>
            <description>Placebo intake + Normal Sleep
Placebo intake: The subjects will be drink beer (zero alcohol) before sleep.
Normal sleep: One night of normal sleep (8h)</description>
          </group>
          <group group_id="O4">
            <title>Sequence 4</title>
            <description>Placebo intake + Sleep deprivation
Placebo intake: The subjects will be drink beer (zero alcohol) before sleep.
Sleep deprivation: One night of sleep deprivation (8h)</description>
          </group>
        </group_list>
        <measure>
          <title>Aerobic Performance</title>
          <description>Aerobic performance will be determined through the subject's heart rate</description>
          <units>bpm</units>
          <param>Mean</param>
          <dispersion>Standard Deviation</dispersion>
          <analyzed_list>
            <analyzed>
              <units>Participants</units>
              <scope>Measure</scope>
              <count_list>
                <count group_id="O1" value="10"/>
                <count group_id="O2" value="10"/>
                <count group_id="O3" value="10"/>
                <count group_id="O4" value="10"/>
              </count_list>
            </analyzed>
          </analyzed_list>
          <class_list>
            <class>
              <category_list>
                <category>
                  <measurement_list>
                    <measurement group_id="O1" value="172" spread="12.19"/>
                    <measurement group_id="O2" value="173" spread="9.2"/>
                    <measurement group_id="O3" value="175" spread="6.5"/>
                    <measurement group_id="O4" value="176" spread="11.4"/>
                  </measurement_list>
                </category>
              </category_list>
            </class>
          </class_list>
        </measure>
      </outcome>
      <outcome>
        <type>Primary</type>
        <title>Neuromuscular Performance</title>
        <description>knee extensor isometric torque</description>
        <time_frame>After each sequence, up to 8 hours</time_frame>
        <group_list>
          <group group_id="O1">
            <title>Sequence 1</title>
            <description>Alcohol intake + Normal Sleep
Alcohol intake: The subjects will be drink beer (1g/kg ethanol) before sleep.
Normal sleep: One night of normal sleep (8h)</description>
          </group>
          <group group_id="O2">
            <title>Sequence 2</title>
            <description>Alcohol intake + Sleep deprivation
Alcohol intake: The subjects will be drink beer (1g/kg ethanol) before sleep.
Sleep deprivation: One night of sleep deprivation (8h)</description>
          </group>
          <group group_id="O3">
            <title>Sequence 3</title>
            <description>Placebo intake + Normal Sleep
Placebo intake: The subjects will be drink beer (zero alcohol) before sleep.
Normal sleep: One night of normal sleep (8h)</description>
          </group>
          <group group_id="O4">
            <title>Sequence 4</title>
            <description>Placebo intake + Sleep deprivation
Placebo intake: The subjects will be drink beer (zero alcohol) before sleep.
Sleep deprivation: One night of sleep deprivation (8h)</description>
          </group>
        </group_list>
        <measure>
          <title>Neuromuscular Performance</title>
          <description>knee extensor isometric torque</description>
          <units>Nm</units>
          <param>Mean</param>
          <dispersion>Standard Deviation</dispersion>
          <analyzed_list>
            <analyzed>
              <units>Participants</units>
              <scope>Measure</scope>
              <count_list>
                <count group_id="O1" value="10"/>
                <count group_id="O2" value="10"/>
                <count group_id="O3" value="10"/>
                <count group_id="O4" value="10"/>
              </count_list>
            </analyzed>
          </analyzed_list>
          <class_list>
            <class>
              <category_list>
                <category>
                  <measurement_list>
                    <measurement group_id="O1" value="260.8" spread="27.9"/>
                    <measurement group_id="O2" value="242.3" spread="34.3"/>
                    <measurement group_id="O3" value="258.9" spread="31.3"/>
                    <measurement group_id="O4" value="249.5" spread="33.9"/>
                  </measurement_list>
                </category>
              </category_list>
            </class>
          </class_list>
        </measure>
      </outcome>
      <outcome>
        <type>Primary</type>
        <title>Biochemical Responses</title>
        <description>Glucose after each situation in the morning</description>
        <time_frame>After each sequence, up to 8 hours</time_frame>
        <group_list>
          <group group_id="O1">
            <title>Alcohol Intake + Normal Sleep</title>
            <description>1g/kg of alcohol (beer) combined with 8 hours of normal sleep</description>
          </group>
          <group group_id="O2">
            <title>Alcohol Intake + Sleep Deprivation</title>
            <description>1g/kg of alcohol (beer) combined with 8 hours of sleep deprivation</description>
          </group>
          <group group_id="O3">
            <title>Placebo Intake + Normal Sleep</title>
            <description>Placebo (beer without alcohol in the same volume to beer with alcohol) combined with 8 hours of normal sleep</description>
          </group>
          <group group_id="O4">
            <title>Placebo Intake + Sleep Deprivation</title>
            <description>Placebo (beer without alcohol in the same volume to beer with alcohol) combined with 8 hours of sleep deprivation</description>
          </group>
        </group_list>
        <measure>
          <title>Biochemical Responses</title>
          <description>Glucose after each situation in the morning</description>
          <units>mg/dl</units>
          <param>Mean</param>
          <dispersion>Standard Deviation</dispersion>
          <analyzed_list>
            <analyzed>
              <units>Participants</units>
              <scope>Measure</scope>
              <count_list>
                <count group_id="O1" value="10"/>
                <count group_id="O2" value="10"/>
                <count group_id="O3" value="10"/>
                <count group_id="O4" value="10"/>
              </count_list>
            </analyzed>
          </analyzed_list>
          <class_list>
            <class>
              <category_list>
                <category>
                  <measurement_list>
                    <measurement group_id="O1" value="89.82" spread="6.60"/>
                    <measurement group_id="O2" value="84.76" spread="4.03"/>
                    <measurement group_id="O3" value="92.77" spread="5.13"/>
                    <measurement group_id="O4" value="92.85" spread="8.26"/>
                  </measurement_list>
                </category>
              </category_list>
            </class>
          </class_list>
        </measure>
      </outcome>
      <outcome>
        <type>Secondary</type>
        <title>Hydration Status</title>
        <description>Urine Specific Gravity</description>
        <time_frame>After each sequence, up to 8 hours</time_frame>
        <group_list>
          <group group_id="O1">
            <title>Sequence 1</title>
            <description>Alcohol intake + Normal Sleep
Alcohol intake: The subjects will be drink beer (1g/kg of ethanol) before sleep.
Normal sleep: One night of normal sleep (8h)</description>
          </group>
          <group group_id="O2">
            <title>Sequence 2</title>
            <description>Alcohol intake + Sleep Deprivation
Alcohol intake: The subjects will be drink beer (1g/kg of ethanol) before sleep.
Sleep deprivation: One night of sleep deprivation (8h)</description>
          </group>
          <group group_id="O3">
            <title>Sequence 3</title>
            <description>Placebo intake + Normal Sleep
Placebo intake: The subjects will be drink beer (zero alcohol, in the same volume that alcohol intake) before sleep.
Normal sleep: One night of normal sleep (8h)</description>
          </group>
          <group group_id="O4">
            <title>Sequence 4</title>
            <description>Placebo intake + Sleep deprivation
Placebo intake: The subjects will be drink beer (zero alcohol, in the same volume that alcohol intake) before sleep.
Sleep deprivation: One night of sleep deprivation (8h)</description>
          </group>
        </group_list>
        <measure>
          <title>Hydration Status</title>
          <description>Urine Specific Gravity</description>
          <units>g/ml</units>
          <param>Mean</param>
          <dispersion>Standard Deviation</dispersion>
          <analyzed_list>
            <analyzed>
              <units>Participants</units>
              <scope>Measure</scope>
              <count_list>
                <count group_id="O1" value="10"/>
                <count group_id="O2" value="10"/>
                <count group_id="O3" value="10"/>
                <count group_id="O4" value="10"/>
              </count_list>
            </analyzed>
          </analyzed_list>
          <class_list>
            <class>
              <category_list>
                <category>
                  <measurement_list>
                    <measurement group_id="O1" value="1.017" spread="0.006"/>
                    <measurement group_id="O2" value="1.017" spread="0.005"/>
                    <measurement group_id="O3" value="1.015" spread="0.003"/>
                    <measurement group_id="O4" value="1.011" spread="0.006"/>
                  </measurement_list>
                </category>
              </category_list>
            </class>
          </class_list>
        </measure>
      </outcome>
      <outcome>
        <type>Secondary</type>
        <title>Profile of Mood States</title>
        <time_frame>6 months</time_frame>
      </outcome>
      <outcome>
        <type>Secondary</type>
        <title>Breath Alcohol</title>
        <time_frame>6 months</time_frame>
      </outcome>
    </outcome_list>

    <reported_events>
      <group_list>
        <group group_id="E1">
          <title>Alcohol Intake + Normal Sleep</title>
          <description>1 g/kg of etanol combined with 8 hours of normal sleep</description>
        </group>
        <group group_id="E2">
          <title>Alcohol Intake + Sleep Deprivation</title>
          <description>1 g/kg of etanol combined with 8 hours of sleep deprivation</description>
        </group>
        <group group_id="E3">
          <title>Placebo Intake + Normal Sleep</title>
          <description>Placebo (beer without alcohol in the same volume to beer with alcohol) combined with 8 hours of normal sleep</description>
        </group>
        <group group_id="E4">
          <title>Placebo Intake + Sleep Deprivation</title>
          <description>Placebo (beer without alcohol in the same volume to beer with alcohol) combined with 8 hours of sleep deprivation</description>
        </group>
      </group_list>
      <serious_events>
        <category_list>
          <category>
            <title>Total</title>
            <event_list>
              <event>
                <sub_title>Total, serious adverse events</sub_title>
                <counts group_id="E1" subjects_affected="0" subjects_at_risk="10"/>
                <counts group_id="E2" subjects_affected="0" subjects_at_risk="10"/>
                <counts group_id="E3" subjects_affected="0" subjects_at_risk="10"/>
                <counts group_id="E4" subjects_affected="0" subjects_at_risk="10"/>
              </event>
            </event_list>
          </category>
        </category_list>
      </serious_events>
      <other_events>
        <frequency_threshold>5</frequency_threshold>
        <category_list>
          <category>
            <title>Total</title>
            <event_list>
              <event>
                <sub_title>Total, other adverse events</sub_title>
                <counts group_id="E1" subjects_affected="5" subjects_at_risk="10"/>
                <counts group_id="E2" subjects_affected="8" subjects_at_risk="10"/>
                <counts group_id="E3" subjects_affected="0" subjects_at_risk="10"/>
                <counts group_id="E4" subjects_affected="3" subjects_at_risk="10"/>
              </event>
            </event_list>
          </category>
          <category>
            <title>Nervous system disorders</title>
            <event_list>
              <event>
                <sub_title>Fatigue</sub_title>
                <counts group_id="E1" subjects_affected="5" subjects_at_risk="10"/>
                <counts group_id="E2" subjects_affected="8" subjects_at_risk="10"/>
                <counts group_id="E3" subjects_affected="0" subjects_at_risk="10"/>
                <counts group_id="E4" subjects_affected="3" subjects_at_risk="10"/>
              </event>
              <event>
                <sub_title>Headache</sub_title>
                <counts group_id="E1" subjects_affected="5" subjects_at_risk="10"/>
                <counts group_id="E2" subjects_affected="8" subjects_at_risk="10"/>
                <counts group_id="E3" subjects_affected="0" subjects_at_risk="10"/>
                <counts group_id="E4" subjects_affected="3" subjects_at_risk="10"/>
              </event>
            </event_list>
          </category>
        </category_list>
      </other_events>
    </reported_events>

    <certain_agreements>
      <pi_employee>All Principal Investigators ARE employed by the organization sponsoring the study.</pi_employee>
      <restrictive_agreement>There is NOT an agreement between Principal Investigators and the Sponsor (or its agents) that restricts the PI's rights to discuss or publish trial results after the trial is completed. </restrictive_agreement>
    </certain_agreements>
    <point_of_contact>
      <name_or_title>Dr Marco Aurélio Vaz</name_or_title>
      <organization>Federal University of Rio Grande do Sul</organization>
      <phone>555133085860</phone>
      <email>marcovaz@esef.ufrgs.br</email>
    </point_of_contact>
  </clinical_results>
</clinical_study>

