<?xml version="1.0" encoding="UTF-8"?>
<clinical_study rank="166">
  <!-- This xml conforms to an XML Schema at:
    https://clinicaltrials.gov/ct2/html/images/info/public.xsd -->
  <required_header>
    <download_date>ClinicalTrials.gov processed this data on August 29, 2017</download_date>
    <link_text>Link to the current ClinicalTrials.gov record.</link_text>
    <url>https://clinicaltrials.gov/show/NCT00223639</url>
  </required_header>
  <id_info>
    <org_study_id>5R01AA014628-02</org_study_id>
    <secondary_id>5R01AA014628-02</secondary_id>
    <nct_id>NCT00223639</nct_id>
  </id_info>
  <brief_title>New Medications to Treat Alcohol Dependence</brief_title>
  <official_title>New Medications to Treat Alcohol Dependence</official_title>
  <sponsors>
    <lead_sponsor>
      <agency>Bankole Johnson</agency>
      <agency_class>Other</agency_class>
    </lead_sponsor>
    <collaborator>
      <agency>National Institute on Alcohol Abuse and Alcoholism (NIAAA)</agency>
      <agency_class>NIH</agency_class>
    </collaborator>
    <collaborator>
      <agency>National Institutes of Health (NIH)</agency>
      <agency_class>NIH</agency_class>
    </collaborator>
  </sponsors>
  <source>University of Virginia</source>
  <oversight_info>
    <has_dmc>Yes</has_dmc>
  </oversight_info>
  <brief_summary>
    <textblock>
      In the last decade, there has been an explosion of new knowledge of the neuroscientific basis
      of alcohol-seeking behavior. Briefly, medications that modulate mesolimbic dopamine pathways
      by facilitating gamma amino butyric function and inhibiting the action of excitatory amino
      acids should reliably diminish alcohol's rewarding effects. Topiramate (a
      sulfamate-substituted fructo-pyranose derivative) has these characteristics. In support of
      this concept, we have shown in a phase-II-type medications clinical trial that topiramate is
      significantly superior to placebo at improving drinking outcomes and decreasing craving among
      (N = 150) alcohol-dependent individuals. Using the carefully controlled environment of the
      human laboratory, we are submitting a revised application containing a set of systematic
      studies to assess directly the mechanistic neuropharmacological processes that are associated
      with topiramate's anti-drinking effects. This will provide a more comprehensive understanding
      of the neurobiology of alcohol-seeking behavior and aid in the development of even more
      effective compounds for the treatment of alcohol dependence. Thus, the specific aims of the
      project are to: 1) determine the dose-relationship of acute effects of topiramate to reduce
      alcohol effects related to its abuse and addiction potential. We hypothesize that topiramate
      will reduce alcohol-induced craving, reward, and euphoria; 2) determine whether chronic
      treatment with an acutely effective dose of topiramate produces substantial reductions in
      alcohol-related cue-induced craving, thereby decreasing the potential for treatment relapse.
      We hypothesize that chronic topiramate administration will desensitize (reduce) alcohol
      craving produced by alcohol-related sensory cues; and 3) determine whether topiramate
      interactions with and without alcohol are associated with neurocognitive impairment. Clinical
      studies including ours have suggested that topiramate use may be associated with
      neurocognitive effects such as loss of concentration and memory impairment. In our own study,
      these effects were mild and not associated with reduced treatment compliance. Since alcohol's
      ability to produce neurocognitive impairment may be mediated through similar ionic mechanisms
      to that of topiramate, the proposed human laboratory setting affords us the unique
      opportunity to more clearly delineate topiramate's neurocognitive effects in both the
      presence and absence of alcohol. This study supports NIAAA's goal to develop effective
      medications for treating alcoholism and to understand the basic underpinnings of the disease.
    </textblock>
  </brief_summary>
  <overall_status>Completed</overall_status>
  <start_date>September 2005</start_date>
  <completion_date type="Actual">July 2008</completion_date>
  <primary_completion_date type="Actual">July 2008</primary_completion_date>
  <phase>Phase 2</phase>
  <study_type>Interventional</study_type>
  <has_expanded_access>No</has_expanded_access>
  <study_design_info>
    <allocation>Randomized</allocation>
    <intervention_model>Crossover Assignment</intervention_model>
    <primary_purpose>Basic Science</primary_purpose>
    <masking>Quadruple (Participant, Care Provider, Investigator, Outcomes Assessor)</masking>
  </study_design_info>
  <primary_outcome>
    <measure>Reduction of alcohol-induced craving,reward,and euphoria</measure>
    <time_frame>During testing days</time_frame>
  </primary_outcome>
  <secondary_outcome>
    <measure>Reductions in alcohol-related cue-induced associated with relapse</measure>
    <time_frame>During testing days</time_frame>
  </secondary_outcome>
  <secondary_outcome>
    <measure>Determine whether topiramate interactions with and without alcohol are associated with neurocognitive impairment</measure>
    <time_frame>During testing days</time_frame>
  </secondary_outcome>
  <number_of_arms>2</number_of_arms>
  <enrollment type="Actual">29</enrollment>
  <condition>Alcoholism</condition>
  <arm_group>
    <arm_group_label>Topiramate</arm_group_label>
    <arm_group_type>Experimental</arm_group_type>
  </arm_group>
  <arm_group>
    <arm_group_label>Placebo</arm_group_label>
    <arm_group_type>Placebo Comparator</arm_group_type>
  </arm_group>
  <intervention>
    <intervention_type>Drug</intervention_type>
    <intervention_name>Topiramate</intervention_name>
    <description>200mg twice a day</description>
    <arm_group_label>Topiramate</arm_group_label>
    <arm_group_label>Placebo</arm_group_label>
    <other_name>Topamax</other_name>
  </intervention>
  <eligibility>
    <criteria>
      <textblock>
        Inclusion Criteria:

          -  DSM-IV-R diagnosis of alcohol dependence.

          -  Drinking on average ≥14 and ≥21 drinks/week in the 30 days prior to enrollment for
             women and men, respectively, and describing a liking for and frequent use of beer as
             the alcohol-containing beverage.

          -  Good physical health as determined by a complete physical examination,
             electrocardiogram within normal limits, and laboratory screening tests within
             acceptable range (see exclusion criteria).

          -  Negative pregnancy test at intake. Women of childbearing potential will be placed on
             oral contraceptives and also will be expected to use barrier and spermicide as an
             additional form of contraception if sexually active.

          -  Literate in English language, and able to read, understand, and complete rating scales
             and questionnaires accurately.

          -  Willingness to comply with study procedures and protocol including agreement to
             overnight stay at the human laboratory. Compliance with the alcohol, tobacco, and
             drug-free environment regulations at the human laboratory is also a condition of
             enrollment.

          -  Written informed consent.

        Exclusion Criteria:

          -  Expression of desire for immediate treatment for alcohol or drug addiction.

          -  History of mental illness that warrants treatment or would preclude safe participation
             in the protocol except nicotine dependence, as determined by mental status and
             psychiatric interview using the Structured Clinical Interview for DSM-IV.

          -  Acute or chronic organic brain syndrome, schizophrenia, bipolar disorder, or any
             psychotic disorder.

          -  Significant medical illness (including hypertension) as determined by history and/or
             complete physical examination.

          -  Uncontrolled uterine or cervical bleeding.

          -  History of blood clots.

          -  Past problems with oral contraceptive pills.

          -  Gross neurological disease.

          -  Mental retardation.

          -  Neurocognitive functioning &gt;1.5 standard deviation below expected range

          -  Clinically significant abnormalities on the electrocardiogram that will preclude safe
             participation.

          -  History of ischemic heart disease or myocardial infarction.

          -  History of glaucoma or thyroid disease.

          -  Current infective hepatitis as evidenced by clinical manifestations..

          -  Positive pregnancy test.

          -  Women 35 and above who smoke will be excluded from participating in this research
             study.

          -  Participation in a human laboratory or clinical study within the last 30 days.

          -  Clinically significant laboratory screening test (LST) results on hematology,
             chemistry, or urine analysis as defined by the FDA Neuropharmacology Division
             guidelines. Elevation of liver enzymes (SGOT), serum glutamic pyruvic transaminase
             (SGPT), blood urea nitrogen (BUN), or lactate dehydrogenase (LDH) — up to ×4 above the
             normal range — will be allowed unless there is evidence of hepatocellular disease or
             failure. In addition, we will test for hematocrit as more than 300 ml of blood will be
             taken during study 1. Hematocrit levels must be &gt; 41% for males and &gt; 38% for females.

          -  For study 1, persons weighing less than 110 lbs will be excluded, due to the amount of
             blood taken in study 1 (more than 300 ml).

          -  History of any severe or life-threatening reaction to topiramate

          -  Past or current history of seizures.

          -  Past or current history of kidney stones.

          -  Use of any carbonic anhydrase medication.

          -  Being treated with any medication with potential interactions with alcohol or
             topiramate.

          -  Pending imprisonment.

          -  For smokers, previous adverse reaction to nicotine patch.

          -  Reporting no experience of craving for alcohol (by self-report).

          -  Postmenopausal women will not be recruited into this study.
      </textblock>
    </criteria>
    <gender>All</gender>
    <minimum_age>21 Years</minimum_age>
    <maximum_age>45 Years</maximum_age>
    <healthy_volunteers>No</healthy_volunteers>
  </eligibility>
  <overall_official>
    <last_name>Bankole A Johnson, DSc,MD,PhD</last_name>
    <role>Principal Investigator</role>
    <affiliation>University of Virginia</affiliation>
  </overall_official>
  <location>
    <facility>
      <name>UVA CARE</name>
      <address>
        <city>Charlottesville</city>
        <state>Virginia</state>
        <zip>22911</zip>
        <country>United States</country>
      </address>
    </facility>
  </location>
  <location>
    <facility>
      <name>UVA CARE Richmond</name>
      <address>
        <city>Richmond</city>
        <state>Virginia</state>
        <zip>23294</zip>
        <country>United States</country>
      </address>
    </facility>
  </location>
  <location_countries>
    <country>United States</country>
  </location_countries>
  <verification_date>February 2012</verification_date>
  <lastchanged_date>February 3, 2012</lastchanged_date>
  <firstreceived_date>September 19, 2005</firstreceived_date>
  <responsible_party>
    <responsible_party_type>Sponsor-Investigator</responsible_party_type>
    <investigator_affiliation>University of Virginia</investigator_affiliation>
    <investigator_full_name>Bankole Johnson</investigator_full_name>
    <investigator_title>Chair of Psychiatry and Neurobehavioral Sciences</investigator_title>
  </responsible_party>
  <keyword>alcoholism /alcohol abuse</keyword>
  <keyword>alcoholism antagonist</keyword>
  <keyword>anticonvulsant</keyword>
  <keyword>cognition</keyword>
  <keyword>neuropharmacology</keyword>
  <keyword>substance abuse related behavior</keyword>
  <keyword>craving</keyword>
  <keyword>euphoria</keyword>
  <keyword>relapse /recurrence</keyword>
  <keyword>patient oriented research</keyword>
  <condition_browse>
    <!-- CAUTION:  The following MeSH terms are assigned with an imperfect algorithm            -->
    <mesh_term>Alcoholism</mesh_term>
  </condition_browse>
  <intervention_browse>
    <!-- CAUTION:  The following MeSH terms are assigned with an imperfect algorithm            -->
    <mesh_term>Ethanol</mesh_term>
    <mesh_term>Topiramate</mesh_term>
  </intervention_browse>
  <!-- Results have not yet been posted for this study                                          -->
</clinical_study>

