<?xml version="1.0" encoding="UTF-8"?>
<clinical_study rank="440">
  <!-- This xml conforms to an XML Schema at:
    https://clinicaltrials.gov/ct2/html/images/info/public.xsd -->
  <required_header>
    <download_date>ClinicalTrials.gov processed this data on September 15, 2017</download_date>
    <link_text>Link to the current ClinicalTrials.gov record.</link_text>
    <url>https://clinicaltrials.gov/show/NCT00658398</url>
  </required_header>
  <id_info>
    <org_study_id>P060252</org_study_id>
    <nct_id>NCT00658398</nct_id>
  </id_info>
  <brief_title>The BREVALCO Study, Effect of an Interactive Computer Program to Prevent Alcohol Misuse</brief_title>
  <acronym>BREVALCO</acronym>
  <official_title>Effect of an Interactive Computer Program to Prevent Alcohol Misuse. A Multicentre Randomized Controlled Trial. The BREVALCO Study.</official_title>
  <sponsors>
    <lead_sponsor>
      <agency>Assistance Publique - Hôpitaux de Paris</agency>
      <agency_class>Other</agency_class>
    </lead_sponsor>
  </sponsors>
  <source>Assistance Publique - Hôpitaux de Paris</source>
  <oversight_info>
    <has_dmc>No</has_dmc>
  </oversight_info>
  <brief_summary>
    <textblock>
      The purpose of this study is to evaluate the effect of a brief computer program to prevent
      alcohol misuse for patients consulting in an emergency department and screened for alcohol
      misuse.
    </textblock>
  </brief_summary>
  <detailed_description>
    <textblock>
      Purpose: to evaluate the effect of a brief computer program to prevent alcohol misuse for
      patients consulting in an emergency department and screened for alcohol misuse.

      Design: A randomized controlled trial with patients blinded of study hypotheses.
      Randomization will be stratified on centers and the sex

      Interventions:

      Patients randomized in the experimental group will participate in an interactive computer
      program with video, questionnaires and information related to alcohol misuse. They will also
      be contacted by phone at 1 month and 3 months to reinforce the effect of the intervention.

      Patients randomized in the control group will participate in an interactive computer program
      with questionnaires and information related to healthy diet. They will also be contacted by
      phone at 1 month and 3 months to reinforce the effect of the intervention.

      Participants: all patients consulting in an emergency department will be screened regarding
      their alcohol consumption and misuse. All patients screened as having alcohol misuse will be
      invited to participate in the trial.

      Outcomes: the main outcome is the declared alcohol consumption at 12 months. Patients will be
      evaluated by phone at 3, 6 and 12 months by an independent outcome assessor.

      Analyses: An intention to treat analyses will be performed Number of patients: 600 patients
      will be included Number of centers:3 centres (university hospital) will participate
    </textblock>
  </detailed_description>
  <overall_status>Completed</overall_status>
  <start_date>May 2008</start_date>
  <completion_date type="Actual">April 2012</completion_date>
  <primary_completion_date type="Actual">April 2012</primary_completion_date>
  <phase>Phase 3</phase>
  <study_type>Interventional</study_type>
  <has_expanded_access>No</has_expanded_access>
  <study_design_info>
    <allocation>Randomized</allocation>
    <intervention_model>Parallel Assignment</intervention_model>
    <primary_purpose>Treatment</primary_purpose>
    <masking>Single (Participant)</masking>
  </study_design_info>
  <primary_outcome>
    <measure>The mean number of alcohol drinks by day in the previous week, at 12months.</measure>
    <time_frame>12 months</time_frame>
  </primary_outcome>
  <secondary_outcome>
    <measure>the AUDIT score (0-40) at 12 months,</measure>
    <time_frame>12 months</time_frame>
  </secondary_outcome>
  <secondary_outcome>
    <measure>the DSM-IV-TR criteria of alcohol abuse or dependence at 12 months</measure>
    <time_frame>12 months</time_frame>
  </secondary_outcome>
  <secondary_outcome>
    <measure>the mean number of drunkenness or alcohol intoxications with behaviour problems per day in the previous week at 12 months,</measure>
    <time_frame>12 months</time_frame>
  </secondary_outcome>
  <secondary_outcome>
    <measure>Three numerical scales of social satisfaction (0 to 10) based on health, family life or relationship, occupation or daily activity at 12 months,</measure>
    <time_frame>12 months</time_frame>
  </secondary_outcome>
  <secondary_outcome>
    <measure>the percentage of consultations at an ED at 12 months,</measure>
    <time_frame>12 months</time_frame>
  </secondary_outcome>
  <secondary_outcome>
    <measure>the percentage of consultations at hospital at 12 months,</measure>
    <time_frame>12 months</time_frame>
  </secondary_outcome>
  <secondary_outcome>
    <measure>the rate of acceptance of a long-term follow-up</measure>
    <time_frame>12 months</time_frame>
  </secondary_outcome>
  <secondary_outcome>
    <measure>the rate of suicide attempts.</measure>
    <time_frame>12 months</time_frame>
  </secondary_outcome>
  <number_of_arms>2</number_of_arms>
  <enrollment type="Actual">601</enrollment>
  <condition>AOD Misuse</condition>
  <arm_group>
    <arm_group_label>ICP to prevent alcohol misuse.</arm_group_label>
    <arm_group_type>Experimental</arm_group_type>
    <description>Interactive Computer Program (ICP) to prevent alcohol misuse.</description>
  </arm_group>
  <arm_group>
    <arm_group_label>ICP to enhance balanced diet</arm_group_label>
    <arm_group_type>Sham Comparator</arm_group_type>
    <description>2. Interactive Computer Program to enhance balanced diet (sham intervention)</description>
  </arm_group>
  <intervention>
    <intervention_type>Behavioral</intervention_type>
    <intervention_name>Interactive Computer Program to prevent alcohol misuse.</intervention_name>
    <description>Interactive Computer Program with questionnaires, video and informations</description>
    <arm_group_label>ICP to prevent alcohol misuse.</arm_group_label>
    <arm_group_label>ICP to enhance balanced diet</arm_group_label>
  </intervention>
  <eligibility>
    <criteria>
      <textblock>
        Inclusion Criteria:

          -  age &gt;=18

          -  patients consulting in an emergency department

          -  screened for alcohol misuse or dependence (i.e. for women: AUDIT score&gt;5 or
             consumption of more than 14 alcohol drinks per week For men: AUDIT score&gt;8 or
             consumption of more than 7 alcohol drinks per week)

          -  informed and signed consent form

          -  clinical exam performed

          -  having social protection

        Exclusion Criteria:

          -  vital risk

          -  patients having mental disorder,

          -  patient unable to answer the questions and to participate in the computer program
             because of their clinical condition

          -  patients no understanding French languages

          -  patient already being treated for alcohol disorder

          -  patients asking for a specific treatment for their alcohol disorder

          -  patients unable to answer to the follow-up visits
      </textblock>
    </criteria>
    <gender>All</gender>
    <minimum_age>18 Years</minimum_age>
    <maximum_age>N/A</maximum_age>
    <healthy_volunteers>No</healthy_volunteers>
  </eligibility>
  <overall_official>
    <last_name>Michel LEJOYEUX, PH</last_name>
    <role>Principal Investigator</role>
    <affiliation>Assistance Publique - Hôpitaux de Paris</affiliation>
  </overall_official>
  <location>
    <facility>
      <name>Groupe hospitalier Bichat Claude Bernard</name>
      <address>
        <city>Paris</city>
        <zip>75877 cedex 18</zip>
        <country>France</country>
      </address>
    </facility>
  </location>
  <location_countries>
    <country>France</country>
  </location_countries>
  <verification_date>August 2013</verification_date>
  <lastchanged_date>May 19, 2015</lastchanged_date>
  <firstreceived_date>April 9, 2008</firstreceived_date>
  <responsible_party>
    <responsible_party_type>Sponsor</responsible_party_type>
  </responsible_party>
  <keyword>Alcohol</keyword>
  <keyword>dependency</keyword>
  <intervention_browse>
    <!-- CAUTION:  The following MeSH terms are assigned with an imperfect algorithm            -->
    <mesh_term>Ethanol</mesh_term>
  </intervention_browse>
  <!-- Results have not yet been posted for this study                                          -->
</clinical_study>

