<?xml version="1.0" encoding="UTF-8"?>
<clinical_study rank="240">
  <!-- This xml conforms to an XML Schema at:
    https://clinicaltrials.gov/ct2/html/images/info/public.xsd -->
  <required_header>
    <download_date>ClinicalTrials.gov processed this data on August 29, 2017</download_date>
    <link_text>Link to the current ClinicalTrials.gov record.</link_text>
    <url>https://clinicaltrials.gov/show/NCT02161718</url>
  </required_header>
  <id_info>
    <org_study_id>ALK3831-401</org_study_id>
    <nct_id>NCT02161718</nct_id>
  </id_info>
  <brief_title>A Study of ALKS 3831 in Subjects With Schizophrenia and Alcohol Use Disorder</brief_title>
  <official_title>A Phase 2, Efficacy, Safety and Tolerability Study of ALKS 3831 in Schizophrenia With Alcohol Use Disorder</official_title>
  <sponsors>
    <lead_sponsor>
      <agency>Alkermes, Inc.</agency>
      <agency_class>Industry</agency_class>
    </lead_sponsor>
  </sponsors>
  <source>Alkermes, Inc.</source>
  <oversight_info>
    <has_dmc>No</has_dmc>
  </oversight_info>
  <brief_summary>
    <textblock>
      This double-blind, randomized study will evaluate the efficacy, safety and tolerability of
      ALKS 3831 in subjects with schizophrenia and alcohol use disorder (AUD).
    </textblock>
  </brief_summary>
  <overall_status>Completed</overall_status>
  <start_date type="Actual">May 2014</start_date>
  <completion_date type="Actual">February 1, 2017</completion_date>
  <primary_completion_date type="Actual">January 11, 2017</primary_completion_date>
  <phase>Phase 2</phase>
  <study_type>Interventional</study_type>
  <has_expanded_access>No</has_expanded_access>
  <study_design_info>
    <allocation>Randomized</allocation>
    <intervention_model>Parallel Assignment</intervention_model>
    <primary_purpose>Treatment</primary_purpose>
    <masking>Quadruple (Participant, Care Provider, Investigator, Outcomes Assessor)</masking>
  </study_design_info>
  <primary_outcome>
    <measure>Time to first event of exacerbation of disease</measure>
    <time_frame>Up to 15 months</time_frame>
  </primary_outcome>
  <secondary_outcome>
    <measure>Percentage of subjects with adverse events (AEs)</measure>
    <time_frame>Up to 16 months</time_frame>
  </secondary_outcome>
  <number_of_arms>2</number_of_arms>
  <enrollment type="Actual">300</enrollment>
  <condition>Schizophrenia</condition>
  <condition>Alcohol Use Disorder</condition>
  <arm_group>
    <arm_group_label>Samidorphan + olanzapine (ALKS 3831)</arm_group_label>
    <arm_group_type>Experimental</arm_group_type>
    <description>Active study drug</description>
  </arm_group>
  <arm_group>
    <arm_group_label>Placebo + olanzapine</arm_group_label>
    <arm_group_type>Placebo Comparator</arm_group_type>
  </arm_group>
  <intervention>
    <intervention_type>Drug</intervention_type>
    <intervention_name>Samidorphan + olanzapine (ALKS 3831)</intervention_name>
    <description>Oral tablet, taken once daily</description>
    <arm_group_label>Samidorphan + olanzapine (ALKS 3831)</arm_group_label>
  </intervention>
  <intervention>
    <intervention_type>Drug</intervention_type>
    <intervention_name>Placebo + olanzapine</intervention_name>
    <description>Oral tablet, taken once daily</description>
    <arm_group_label>Placebo + olanzapine</arm_group_label>
  </intervention>
  <eligibility>
    <criteria>
      <textblock>
        Inclusion Criteria:

          -  Has a BMI between 18.0 and 40.0 kg/m2, inclusive

          -  Has a diagnosis of schizophrenia

          -  Has a diagnosis of alcohol use disorder (AUD)

          -  Has experienced an acute exacerbation of schizophrenia within the past 6 months

          -  Additional criteria may apply

        Exclusion Criteria:

          -  Is pregnant or breastfeeding

          -  Had first lifetime psychotic episode less than 1 year before screening or has
             experienced only a single lifetime psychotic episode

          -  Has a known or suspected intolerance, allergy, or hypersensitivity to olanzapine

          -  Has current or pending legal charges with the potential for incarceration

          -  Has a positive drug screen for opiates

          -  Additional criteria may apply
      </textblock>
    </criteria>
    <gender>All</gender>
    <minimum_age>18 Years</minimum_age>
    <maximum_age>65 Years</maximum_age>
    <healthy_volunteers>No</healthy_volunteers>
  </eligibility>
  <overall_official>
    <last_name>David McDonnell, MD</last_name>
    <role>Study Director</role>
    <affiliation>Alkermes, Inc.</affiliation>
  </overall_official>
  <location>
    <facility>
      <name>Alkermes Investigational Site</name>
      <address>
        <city>Little Rock</city>
        <state>Arkansas</state>
        <zip>72211</zip>
        <country>United States</country>
      </address>
    </facility>
  </location>
  <location>
    <facility>
      <name>Alkermes Investigational Site</name>
      <address>
        <city>Springdale</city>
        <state>Arkansas</state>
        <zip>72764</zip>
        <country>United States</country>
      </address>
    </facility>
  </location>
  <location>
    <facility>
      <name>Alkermes Investigational Site</name>
      <address>
        <city>Anaheim</city>
        <state>California</state>
        <zip>92805</zip>
        <country>United States</country>
      </address>
    </facility>
  </location>
  <location>
    <facility>
      <name>Alkermes Investigational Site</name>
      <address>
        <city>Culver City</city>
        <state>California</state>
        <zip>90230</zip>
        <country>United States</country>
      </address>
    </facility>
  </location>
  <location>
    <facility>
      <name>Alkermes Investigational Site</name>
      <address>
        <city>Garden Grove</city>
        <state>California</state>
        <zip>92845</zip>
        <country>United States</country>
      </address>
    </facility>
  </location>
  <location>
    <facility>
      <name>Alkermes Investigational Site</name>
      <address>
        <city>Irvine</city>
        <state>California</state>
        <zip>92617</zip>
        <country>United States</country>
      </address>
    </facility>
  </location>
  <location>
    <facility>
      <name>Alkermes Investigational Site</name>
      <address>
        <city>La Jolla</city>
        <state>California</state>
        <zip>92037</zip>
        <country>United States</country>
      </address>
    </facility>
  </location>
  <location>
    <facility>
      <name>Alkermes Investigational Site</name>
      <address>
        <city>Long Beach</city>
        <state>California</state>
        <zip>90822</zip>
        <country>United States</country>
      </address>
    </facility>
  </location>
  <location>
    <facility>
      <name>Alkermes Investigational Site</name>
      <address>
        <city>National City</city>
        <state>California</state>
        <zip>91950</zip>
        <country>United States</country>
      </address>
    </facility>
  </location>
  <location>
    <facility>
      <name>Alkermes Investigational Site</name>
      <address>
        <city>Oakland</city>
        <state>California</state>
        <zip>94612</zip>
        <country>United States</country>
      </address>
    </facility>
  </location>
  <location>
    <facility>
      <name>Alkermes Investigational Site</name>
      <address>
        <city>Oceanside</city>
        <state>California</state>
        <zip>92056</zip>
        <country>United States</country>
      </address>
    </facility>
  </location>
  <location>
    <facility>
      <name>Alkermes Investigational Site</name>
      <address>
        <city>Orange</city>
        <state>California</state>
        <zip>92868</zip>
        <country>United States</country>
      </address>
    </facility>
  </location>
  <location>
    <facility>
      <name>Alkermes Investigational Site</name>
      <address>
        <city>San Diego</city>
        <state>California</state>
        <zip>92123</zip>
        <country>United States</country>
      </address>
    </facility>
  </location>
  <location>
    <facility>
      <name>Alkermes Investigational Site</name>
      <address>
        <city>San Francisco</city>
        <state>California</state>
        <zip>94121</zip>
        <country>United States</country>
      </address>
    </facility>
  </location>
  <location>
    <facility>
      <name>Alkermes Investigational Site</name>
      <address>
        <city>Torrance</city>
        <state>California</state>
        <zip>90502</zip>
        <country>United States</country>
      </address>
    </facility>
  </location>
  <location>
    <facility>
      <name>Alkermes Investigational Site</name>
      <address>
        <city>Washington</city>
        <state>District of Columbia</state>
        <zip>20016</zip>
        <country>United States</country>
      </address>
    </facility>
  </location>
  <location>
    <facility>
      <name>Alkermes Investigational Site</name>
      <address>
        <city>Ft. Lauderdale</city>
        <state>Florida</state>
        <zip>33308</zip>
        <country>United States</country>
      </address>
    </facility>
  </location>
  <location>
    <facility>
      <name>Alkermes Investigational Site</name>
      <address>
        <city>Leesburg</city>
        <state>Florida</state>
        <zip>34748</zip>
        <country>United States</country>
      </address>
    </facility>
  </location>
  <location>
    <facility>
      <name>Alkermes Investigational Site</name>
      <address>
        <city>Maitland</city>
        <state>Florida</state>
        <zip>32751</zip>
        <country>United States</country>
      </address>
    </facility>
  </location>
  <location>
    <facility>
      <name>Alkermes Investigational Site</name>
      <address>
        <city>Miami</city>
        <state>Florida</state>
        <zip>33122</zip>
        <country>United States</country>
      </address>
    </facility>
  </location>
  <location>
    <facility>
      <name>Alkermes Investigational Site</name>
      <address>
        <city>Miami</city>
        <state>Florida</state>
        <zip>33136</zip>
        <country>United States</country>
      </address>
    </facility>
  </location>
  <location>
    <facility>
      <name>Alkermes Investigational Site</name>
      <address>
        <city>North Miami</city>
        <state>Florida</state>
        <zip>33021</zip>
        <country>United States</country>
      </address>
    </facility>
  </location>
  <location>
    <facility>
      <name>Alkermes Investigational Site</name>
      <address>
        <city>Oakland Park</city>
        <state>Florida</state>
        <zip>33334</zip>
        <country>United States</country>
      </address>
    </facility>
  </location>
  <location>
    <facility>
      <name>Alkermes Investigational Site</name>
      <address>
        <city>Orlando</city>
        <state>Florida</state>
        <zip>32803</zip>
        <country>United States</country>
      </address>
    </facility>
  </location>
  <location>
    <facility>
      <name>Alkermes Investigational Site</name>
      <address>
        <city>Tampa</city>
        <state>Florida</state>
        <zip>33613</zip>
        <country>United States</country>
      </address>
    </facility>
  </location>
  <location>
    <facility>
      <name>Alkermes Investigational Site</name>
      <address>
        <city>Atlanta</city>
        <state>Georgia</state>
        <zip>30308</zip>
        <country>United States</country>
      </address>
    </facility>
  </location>
  <location>
    <facility>
      <name>Alkermes Investigational Site</name>
      <address>
        <city>Augusta</city>
        <state>Georgia</state>
        <zip>30912</zip>
        <country>United States</country>
      </address>
    </facility>
  </location>
  <location>
    <facility>
      <name>Alkermes Investigational Site</name>
      <address>
        <city>Decatur</city>
        <state>Georgia</state>
        <zip>30030</zip>
        <country>United States</country>
      </address>
    </facility>
  </location>
  <location>
    <facility>
      <name>Alkermes Investigational Site</name>
      <address>
        <city>Chicago</city>
        <state>Illinois</state>
        <zip>60640</zip>
        <country>United States</country>
      </address>
    </facility>
  </location>
  <location>
    <facility>
      <name>Alkermes Investigational Site</name>
      <address>
        <city>Hoffman Estates</city>
        <state>Illinois</state>
        <zip>60169</zip>
        <country>United States</country>
      </address>
    </facility>
  </location>
  <location>
    <facility>
      <name>Alkermes Investigational Site</name>
      <address>
        <city>Oak Brook</city>
        <state>Illinois</state>
        <zip>60523</zip>
        <country>United States</country>
      </address>
    </facility>
  </location>
  <location>
    <facility>
      <name>Alkermes Investigational Site</name>
      <address>
        <city>Shreveport</city>
        <state>Louisiana</state>
        <zip>71101</zip>
        <country>United States</country>
      </address>
    </facility>
  </location>
  <location>
    <facility>
      <name>Alkermes Investigational Site</name>
      <address>
        <city>Worcester</city>
        <state>Massachusetts</state>
        <zip>01605</zip>
        <country>United States</country>
      </address>
    </facility>
  </location>
  <location>
    <facility>
      <name>Alkermes Investigational Site</name>
      <address>
        <city>Flowood</city>
        <state>Mississippi</state>
        <zip>39232</zip>
        <country>United States</country>
      </address>
    </facility>
  </location>
  <location>
    <facility>
      <name>Alkermes Investigational Site</name>
      <address>
        <city>Creve Coeur</city>
        <state>Missouri</state>
        <zip>63141</zip>
        <country>United States</country>
      </address>
    </facility>
  </location>
  <location>
    <facility>
      <name>Alkermes Investigational Site</name>
      <address>
        <city>Kansas City</city>
        <state>Missouri</state>
        <zip>64108</zip>
        <country>United States</country>
      </address>
    </facility>
  </location>
  <location>
    <facility>
      <name>Alkermes Investigational Site</name>
      <address>
        <city>St. Louis</city>
        <state>Missouri</state>
        <zip>63118</zip>
        <country>United States</country>
      </address>
    </facility>
  </location>
  <location>
    <facility>
      <name>Alkermes Investigational Site</name>
      <address>
        <city>Las Vegas</city>
        <state>Nevada</state>
        <zip>89102</zip>
        <country>United States</country>
      </address>
    </facility>
  </location>
  <location>
    <facility>
      <name>Alkermes Investigational Site</name>
      <address>
        <city>Claremont</city>
        <state>New Hampshire</state>
        <zip>03743</zip>
        <country>United States</country>
      </address>
    </facility>
  </location>
  <location>
    <facility>
      <name>Alkermes Investigational Site</name>
      <address>
        <city>Nashua</city>
        <state>New Hampshire</state>
        <zip>03060</zip>
        <country>United States</country>
      </address>
    </facility>
  </location>
  <location>
    <facility>
      <name>Alkermes Investigational Site</name>
      <address>
        <city>Neptune</city>
        <state>New Jersey</state>
        <zip>07753</zip>
        <country>United States</country>
      </address>
    </facility>
  </location>
  <location>
    <facility>
      <name>Alkermes Investigational Site</name>
      <address>
        <city>Cedarhurst</city>
        <state>New York</state>
        <zip>11516</zip>
        <country>United States</country>
      </address>
    </facility>
  </location>
  <location>
    <facility>
      <name>Alkermes Investigational Site</name>
      <address>
        <city>Jamaica</city>
        <state>New York</state>
        <zip>11423</zip>
        <country>United States</country>
      </address>
    </facility>
  </location>
  <location>
    <facility>
      <name>Alkermes Investigational Site</name>
      <address>
        <city>New York</city>
        <state>New York</state>
        <zip>10021</zip>
        <country>United States</country>
      </address>
    </facility>
  </location>
  <location>
    <facility>
      <name>Alkermes Investigational Site</name>
      <address>
        <city>New York</city>
        <state>New York</state>
        <zip>10032</zip>
        <country>United States</country>
      </address>
    </facility>
  </location>
  <location>
    <facility>
      <name>Alkermes Investigational Site</name>
      <address>
        <city>New York</city>
        <state>New York</state>
        <zip>10035</zip>
        <country>United States</country>
      </address>
    </facility>
  </location>
  <location>
    <facility>
      <name>Alkermes Investigational Site</name>
      <address>
        <city>Rochester</city>
        <state>New York</state>
        <zip>14642</zip>
        <country>United States</country>
      </address>
    </facility>
  </location>
  <location>
    <facility>
      <name>Alkermes Investigational Site</name>
      <address>
        <city>Staten Island</city>
        <state>New York</state>
        <zip>10312</zip>
        <country>United States</country>
      </address>
    </facility>
  </location>
  <location>
    <facility>
      <name>Alkermes Investigational Site</name>
      <address>
        <city>Dayton</city>
        <state>Ohio</state>
        <zip>45417</zip>
        <country>United States</country>
      </address>
    </facility>
  </location>
  <location>
    <facility>
      <name>Alkermes Investigational Site</name>
      <address>
        <city>Oklahoma City</city>
        <state>Oklahoma</state>
        <zip>73112</zip>
        <country>United States</country>
      </address>
    </facility>
  </location>
  <location>
    <facility>
      <name>Alkermes Investigational Site</name>
      <address>
        <city>Scranton</city>
        <state>Pennsylvania</state>
        <zip>18503</zip>
        <country>United States</country>
      </address>
    </facility>
  </location>
  <location>
    <facility>
      <name>Alkermes Investigational Site</name>
      <address>
        <city>Charleston</city>
        <state>South Carolina</state>
        <zip>29401</zip>
        <country>United States</country>
      </address>
    </facility>
  </location>
  <location>
    <facility>
      <name>Alkermes Investigational Site</name>
      <address>
        <city>Charleston</city>
        <state>South Carolina</state>
        <zip>29407</zip>
        <country>United States</country>
      </address>
    </facility>
  </location>
  <location>
    <facility>
      <name>Alkermes Investigational Site</name>
      <address>
        <city>Charleston</city>
        <state>South Carolina</state>
        <zip>29425</zip>
        <country>United States</country>
      </address>
    </facility>
  </location>
  <location>
    <facility>
      <name>Alkermes Investigational Site</name>
      <address>
        <city>Austin</city>
        <state>Texas</state>
        <zip>78754</zip>
        <country>United States</country>
      </address>
    </facility>
  </location>
  <location>
    <facility>
      <name>Alkermes Investigational Site</name>
      <address>
        <city>Dallas</city>
        <state>Texas</state>
        <zip>75214</zip>
        <country>United States</country>
      </address>
    </facility>
  </location>
  <location>
    <facility>
      <name>Alkermes Investigational Site</name>
      <address>
        <city>DeSoto</city>
        <state>Texas</state>
        <zip>75115</zip>
        <country>United States</country>
      </address>
    </facility>
  </location>
  <location>
    <facility>
      <name>Alkermes Investigational Site</name>
      <address>
        <city>Bellevue</city>
        <state>Washington</state>
        <zip>98007</zip>
        <country>United States</country>
      </address>
    </facility>
  </location>
  <location>
    <facility>
      <name>Alkermes Investigational Site</name>
      <address>
        <city>Burgas</city>
        <zip>8000</zip>
        <country>Bulgaria</country>
      </address>
    </facility>
  </location>
  <location>
    <facility>
      <name>Alkermes Investigational Site</name>
      <address>
        <city>Kazanlak</city>
        <zip>6100</zip>
        <country>Bulgaria</country>
      </address>
    </facility>
  </location>
  <location>
    <facility>
      <name>Alkermes Investigational Site</name>
      <address>
        <city>Lovech</city>
        <zip>5500</zip>
        <country>Bulgaria</country>
      </address>
    </facility>
  </location>
  <location>
    <facility>
      <name>Alkermes Investigational Site</name>
      <address>
        <city>Novi Iskar</city>
        <zip>1282</zip>
        <country>Bulgaria</country>
      </address>
    </facility>
  </location>
  <location>
    <facility>
      <name>Alkermes Investigational Site</name>
      <address>
        <city>Sofia</city>
        <zip>1606</zip>
        <country>Bulgaria</country>
      </address>
    </facility>
  </location>
  <location>
    <facility>
      <name>Alkermes Investigational Site</name>
      <address>
        <city>Tserova Koria</city>
        <zip>8260</zip>
        <country>Bulgaria</country>
      </address>
    </facility>
  </location>
  <location>
    <facility>
      <name>Alkermes Investigational Site</name>
      <address>
        <city>Varna</city>
        <zip>9002</zip>
        <country>Bulgaria</country>
      </address>
    </facility>
  </location>
  <location>
    <facility>
      <name>Alkermes Investigational Site</name>
      <address>
        <city>Varna</city>
        <zip>9020</zip>
        <country>Bulgaria</country>
      </address>
    </facility>
  </location>
  <location>
    <facility>
      <name>Alkermes Investigational Site</name>
      <address>
        <city>Vratsa</city>
        <zip>3000</zip>
        <country>Bulgaria</country>
      </address>
    </facility>
  </location>
  <location>
    <facility>
      <name>Alkermes Investigational Site</name>
      <address>
        <city>Belchatow</city>
        <zip>97-400</zip>
        <country>Poland</country>
      </address>
    </facility>
  </location>
  <location>
    <facility>
      <name>Alkermes Investigational Site</name>
      <address>
        <city>Bialystok</city>
        <zip>15-464</zip>
        <country>Poland</country>
      </address>
    </facility>
  </location>
  <location>
    <facility>
      <name>Alkermes Investigational Site</name>
      <address>
        <city>Gdansk</city>
        <zip>80-546</zip>
        <country>Poland</country>
      </address>
    </facility>
  </location>
  <location>
    <facility>
      <name>Alkermes Investigational Site</name>
      <address>
        <city>Lublin</city>
        <zip>20-109</zip>
        <country>Poland</country>
      </address>
    </facility>
  </location>
  <location_countries>
    <country>Bulgaria</country>
    <country>Poland</country>
    <country>United States</country>
  </location_countries>
  <verification_date>March 2017</verification_date>
  <lastchanged_date>March 9, 2017</lastchanged_date>
  <firstreceived_date>May 28, 2014</firstreceived_date>
  <responsible_party>
    <responsible_party_type>Sponsor</responsible_party_type>
  </responsible_party>
  <keyword>Alkermes</keyword>
  <keyword>Schizophrenia</keyword>
  <keyword>Alcohol Use Disorder</keyword>
  <keyword>ALKS 3831</keyword>
  <condition_browse>
    <!-- CAUTION:  The following MeSH terms are assigned with an imperfect algorithm            -->
    <mesh_term>Disease</mesh_term>
    <mesh_term>Schizophrenia</mesh_term>
    <mesh_term>Alcohol Drinking</mesh_term>
  </condition_browse>
  <intervention_browse>
    <!-- CAUTION:  The following MeSH terms are assigned with an imperfect algorithm            -->
    <mesh_term>Ethanol</mesh_term>
    <mesh_term>Olanzapine</mesh_term>
  </intervention_browse>
  <!-- Results have not yet been posted for this study                                          -->
</clinical_study>

