<?xml version="1.0" encoding="UTF-8"?>
<clinical_study rank="211">
  <!-- This xml conforms to an XML Schema at:
    https://clinicaltrials.gov/ct2/html/images/info/public.xsd -->
  <required_header>
    <download_date>ClinicalTrials.gov processed this data on August 08, 2017</download_date>
    <link_text>Link to the current ClinicalTrials.gov record.</link_text>
    <url>https://clinicaltrials.gov/show/NCT00585754</url>
  </required_header>
  <id_info>
    <org_study_id>0512000886</org_study_id>
    <secondary_id>R01DA027130</secondary_id>
    <nct_id>NCT00585754</nct_id>
  </id_info>
  <brief_title>Guanfacine to Reduce Stress-Induced Cocaine/Alcohol Craving and Relapse</brief_title>
  <official_title>Guanfacine to Reduce Stress-Induced Cocaine/Alcohol Craving and Relapse</official_title>
  <sponsors>
    <lead_sponsor>
      <agency>Yale University</agency>
      <agency_class>Other</agency_class>
    </lead_sponsor>
    <collaborator>
      <agency>National Institute on Drug Abuse (NIDA)</agency>
      <agency_class>NIH</agency_class>
    </collaborator>
  </sponsors>
  <source>Yale University</source>
  <oversight_info>
    <has_dmc>Yes</has_dmc>
  </oversight_info>
  <brief_summary>
    <textblock>
      This study aims to test the preliminary efficacy of 3.0 mg of guanfacine (GFC) daily versus
      placebo in cocaine and/or alcohol dependent individuals. This proposal is a laboratory and
      treatment outcome study to examine the effects of guanfacine on brief exposure to stress,
      drug cues and neutral situations on cocaine/alcohol craving, mood and neurobiological
      reactivity in a sample of cocaine and/or alcohol dependent individuals. Guanfacine will be
      beneficial for reduction in stress and drug cue induced craving and related arousal. In a
      sample of 60 cocaine and/or alcohol dependent men and women, we propose to examine (a)
      differences in measures of cocaine craving, emotion state, hypothalamic-pituitary-adrenal
      (HPA) activation, physiological arousal and plasma catecholamine response to stress imagery
      and to drug cue imagery as compared to neutral imagery; (b) reduction in cocaine/alcohol
      abstinence symptoms; and (c) improvement in cocaine and alcohol treatment outcomes as
      measured by increasing abstinence, reduction in cocaine/alcohol use and increased treatment
      attendance. Hypothesis 1: Guanfacine will decrease stress-induced cocaine craving, negative
      emotions and related arousal in the laboratory as compared to placebo. Hypothesis 2a: As
      compared to the PLA group, the GFC group will show significant reductions in protracted
      withdrawal symptoms as measured by the CSSA/CIWA during the 9-week treatment period.

      Hypothesis 2b: As compared to the PLA group, a higher percentage of the GFC patients will
      remain abstinent during the 9-week treatment period with a higher percent of negative cocaine
      urines and alcohol-free days.

      Hypothesis 2c: The GFC group will show greater adherence to treatment as measured by the days
      in treatment as compared to the Pla group.
    </textblock>
  </brief_summary>
  <overall_status>Completed</overall_status>
  <start_date>April 2006</start_date>
  <completion_date type="Actual">June 2016</completion_date>
  <primary_completion_date type="Actual">June 2016</primary_completion_date>
  <phase>Phase 1</phase>
  <study_type>Interventional</study_type>
  <has_expanded_access>No</has_expanded_access>
  <study_design_info>
    <allocation>Randomized</allocation>
    <intervention_model>Parallel Assignment</intervention_model>
    <primary_purpose>Treatment</primary_purpose>
    <masking>Double Blind (Participant, Care Provider, Investigator)</masking>
  </study_design_info>
  <primary_outcome>
    <measure>stress-induced cocaine craving and negative emotions</measure>
    <time_frame>5 years</time_frame>
  </primary_outcome>
  <secondary_outcome>
    <measure>Drug and alcohol use</measure>
    <time_frame>over ninety days</time_frame>
  </secondary_outcome>
  <number_of_arms>2</number_of_arms>
  <enrollment type="Actual">75</enrollment>
  <condition>Cocaine Dependent</condition>
  <condition>Alcohol Dependent</condition>
  <arm_group>
    <arm_group_label>Guanfacine</arm_group_label>
    <arm_group_type>Active Comparator</arm_group_type>
  </arm_group>
  <arm_group>
    <arm_group_label>PLA</arm_group_label>
    <arm_group_type>Placebo Comparator</arm_group_type>
  </arm_group>
  <intervention>
    <intervention_type>Drug</intervention_type>
    <intervention_name>Guanfacine</intervention_name>
    <description>1.5mg BID</description>
    <arm_group_label>Guanfacine</arm_group_label>
  </intervention>
  <intervention>
    <intervention_type>Drug</intervention_type>
    <intervention_name>Placebo</intervention_name>
    <description>placebo</description>
    <arm_group_label>PLA</arm_group_label>
  </intervention>
  <eligibility>
    <criteria>
      <textblock>
        Inclusion Criteria:

          -  Male or female individuals, ages 18 and above, meeting current DSM-IV criteria for
             cocaine and/or alcohol dependence.

          -  COCAINE SAMPLE: meet current DSM-IV criteria for cocaine dependence; documented
             positive urine toxicology screen for cocaine at intake

          -  ALCOHOLIC SAMPLE: meet current DSM-IV criteria for alcohol dependence

          -  Subject has voluntarily given informed consent and signed the informed consent
             document.

          -  Able to read English and complete study evaluations.

        Exclusion Criteria:

          -  Meet current criteria for dependence on another psychoactive substance, excluding
             nicotine and caffeine;

          -  Any current use of opiates or past history of opiate abuse/dependence;

          -  Current use of any psychoactive drugs, including anxiolytics, antidepressants,
             naltrexone or antabuse;

          -  Any psychotic disorder or current Axis I psychiatric symptoms requiring specific
             attention, including need for psychiatric medications for current major depression and
             anxiety disorders

          -  Significant underlying medical conditions such as cerebral, renal, thyroid or cardiac
             pathology which in the opinion of study physician would preclude patient from fully
             cooperating or be of potential harm during the course of the study;

          -  Abstinent from cocaine for more than two weeks prior to admission.

          -  Hypotensive individuals with sitting blood pressure below 90/50 mmHG.
      </textblock>
    </criteria>
    <gender>All</gender>
    <minimum_age>18 Years</minimum_age>
    <maximum_age>50 Years</maximum_age>
    <healthy_volunteers>No</healthy_volunteers>
  </eligibility>
  <overall_official>
    <last_name>Rajita Sinha, PhD</last_name>
    <role>Principal Investigator</role>
    <affiliation>Yale University</affiliation>
  </overall_official>
  <location>
    <facility>
      <name>Yale University School of Medicine: Yale Stress Center</name>
      <address>
        <city>New Haven</city>
        <state>Connecticut</state>
        <zip>06519</zip>
        <country>United States</country>
      </address>
    </facility>
  </location>
  <location_countries>
    <country>United States</country>
  </location_countries>
  <verification_date>November 2016</verification_date>
  <lastchanged_date>November 28, 2016</lastchanged_date>
  <firstreceived_date>December 22, 2007</firstreceived_date>
  <responsible_party>
    <responsible_party_type>Principal Investigator</responsible_party_type>
    <investigator_affiliation>Yale University</investigator_affiliation>
    <investigator_full_name>Rajita Sinha</investigator_full_name>
    <investigator_title>Professor</investigator_title>
  </responsible_party>
  <intervention_browse>
    <!-- CAUTION:  The following MeSH terms are assigned with an imperfect algorithm            -->
    <mesh_term>Cocaine</mesh_term>
    <mesh_term>Guanfacine</mesh_term>
  </intervention_browse>
  <!-- Results have not yet been posted for this study                                          -->
</clinical_study>

