<?xml version="1.0" encoding="UTF-8"?>
<clinical_study rank="110">
  <!-- This xml conforms to an XML Schema at:
    https://clinicaltrials.gov/ct2/html/images/info/public.xsd -->
  <required_header>
    <download_date>ClinicalTrials.gov processed this data on September 15, 2017</download_date>
    <link_text>Link to the current ClinicalTrials.gov record.</link_text>
    <url>https://clinicaltrials.gov/show/NCT00627133</url>
  </required_header>
  <id_info>
    <org_study_id>K17644</org_study_id>
    <nct_id>NCT00627133</nct_id>
  </id_info>
  <brief_title>Efficacy of Keppra in Acute Alcohol Related Seizure Control--A Pilot Study</brief_title>
  <official_title>A Pilot Study Examining the Efficacy of Keppra in Acute Alcohol Related Seizure Control in the Emergency Department Setting</official_title>
  <sponsors>
    <lead_sponsor>
      <agency>Medical University of South Carolina</agency>
      <agency_class>Other</agency_class>
    </lead_sponsor>
    <collaborator>
      <agency>UCB Pharma</agency>
      <agency_class>Industry</agency_class>
    </collaborator>
  </sponsors>
  <source>Medical University of South Carolina</source>
  <oversight_info>
    <has_dmc>No</has_dmc>
  </oversight_info>
  <brief_summary>
    <textblock>
      Pilot study to evaluate efficacy of Keppra (levetiracetam) for seizure control in patients
      with alcohol related seizures.
    </textblock>
  </brief_summary>
  <overall_status>Unknown status</overall_status>
  <last_known_status>Not yet recruiting</last_known_status>
  <start_date>February 2008</start_date>
  <primary_completion_date type="Anticipated">July 2008</primary_completion_date>
  <phase>Phase 2</phase>
  <study_type>Interventional</study_type>
  <has_expanded_access>No</has_expanded_access>
  <study_design_info>
    <intervention_model>Single Group Assignment</intervention_model>
    <primary_purpose>Treatment</primary_purpose>
    <masking>None (Open Label)</masking>
  </study_design_info>
  <primary_outcome>
    <measure>Decreased seizures</measure>
    <time_frame>1, 2, 4, 8 weeks</time_frame>
  </primary_outcome>
  <number_of_arms>1</number_of_arms>
  <enrollment type="Anticipated">20</enrollment>
  <condition>Seizure, Alcohol Related</condition>
  <arm_group>
    <arm_group_label>1</arm_group_label>
    <arm_group_type>Experimental</arm_group_type>
  </arm_group>
  <intervention>
    <intervention_type>Drug</intervention_type>
    <intervention_name>levetiracetam</intervention_name>
    <description>2 gram iv load, 500mg bid</description>
    <arm_group_label>1</arm_group_label>
  </intervention>
  <eligibility>
    <criteria>
      <textblock>
        Inclusion Criteria:

          -  No trauma

          -  Not pregnant

          -  No other cause for seizure (hypoglycemia, CNS causes, trauma)

          -  Good family support

          -  Working telephone contact

        Exclusion Criteria:

          -  Pregnancy

          -  Renal failure (creatine &gt; 2mg/dl

          -  Fever or illness

          -  Hypotension

          -  Any trauma
      </textblock>
    </criteria>
    <gender>All</gender>
    <minimum_age>18 Years</minimum_age>
    <maximum_age>64 Years</maximum_age>
    <healthy_volunteers>No</healthy_volunteers>
  </eligibility>
  <overall_contact>
    <last_name>Amy Robins, MD</last_name>
    <phone>843-792-9709</phone>
    <email>robins@musc.edu</email>
  </overall_contact>
  <overall_contact_backup>
    <last_name>Keith Borg, MD PhD</last_name>
    <phone>843-792-9709</phone>
    <email>borgk@musc.edu</email>
  </overall_contact_backup>
  <location>
    <facility>
      <name>Medical University of South Carolina</name>
      <address>
        <city>Charleston</city>
        <state>South Carolina</state>
        <zip>29425</zip>
        <country>United States</country>
      </address>
    </facility>
  </location>
  <location_countries>
    <country>United States</country>
  </location_countries>
  <verification_date>February 2008</verification_date>
  <lastchanged_date>October 23, 2008</lastchanged_date>
  <firstreceived_date>February 20, 2008</firstreceived_date>
  <responsible_party>
    <name_title>Keith Borg MD PhD</name_title>
    <organization>Medical University of South Carolina</organization>
  </responsible_party>
  <keyword>Alcohol seizure</keyword>
  <condition_browse>
    <!-- CAUTION:  The following MeSH terms are assigned with an imperfect algorithm            -->
    <mesh_term>Seizures</mesh_term>
    <mesh_term>Alcohol Withdrawal Seizures</mesh_term>
  </condition_browse>
  <intervention_browse>
    <!-- CAUTION:  The following MeSH terms are assigned with an imperfect algorithm            -->
    <mesh_term>Ethanol</mesh_term>
    <mesh_term>Etiracetam</mesh_term>
  </intervention_browse>
  <!-- Results have not yet been posted for this study                                          -->
</clinical_study>

