<?xml version="1.0" encoding="UTF-8"?>
<clinical_study rank="483">
  <!-- This xml conforms to an XML Schema at:
    https://clinicaltrials.gov/ct2/html/images/info/public.xsd -->
  <required_header>
    <download_date>ClinicalTrials.gov processed this data on September 15, 2017</download_date>
    <link_text>Link to the current ClinicalTrials.gov record.</link_text>
    <url>https://clinicaltrials.gov/show/NCT01056484</url>
  </required_header>
  <id_info>
    <org_study_id>H-2009-0118</org_study_id>
    <secondary_id>1K23AA017508-01A1</secondary_id>
    <nct_id>NCT01056484</nct_id>
  </id_info>
  <brief_title>Mindfulness Meditation for Health</brief_title>
  <official_title>Mindfulness Meditation For Alcohol Relapse Prevention</official_title>
  <sponsors>
    <lead_sponsor>
      <agency>University of Wisconsin, Madison</agency>
      <agency_class>Other</agency_class>
    </lead_sponsor>
    <collaborator>
      <agency>National Institutes of Health (NIH)</agency>
      <agency_class>NIH</agency_class>
    </collaborator>
    <collaborator>
      <agency>National Institute on Alcohol Abuse and Alcoholism (NIAAA)</agency>
      <agency_class>NIH</agency_class>
    </collaborator>
  </sponsors>
  <source>University of Wisconsin, Madison</source>
  <oversight_info>
    <has_dmc>Yes</has_dmc>
  </oversight_info>
  <brief_summary>
    <textblock>
      The purpose of this 52-week clinical trial is to see if the meditation-based intervention,
      adjunctive to standard of care therapy, can reduce relapse and improve psychological health
      among adults recovering from alcohol dependence.
    </textblock>
  </brief_summary>
  <detailed_description>
    <textblock>
      The goal of this partially-blinded, two-arm clinical trial was to test whether the
      Mindfulness Meditation Relapse Prevention (meditation), combined with 'standard of care'
      (SOC) therapy, is more effective in preventing a return to drinking than SOC alone (wait-list
      control) among adult recovering alcoholics. The intervention was manualized and based on
      existing models. It was proposed that meditation may improve outcomes of interest through
      reduction of the severity of stress-related relapse risk factors such as perceived stress,
      anxiety, depression, craving and emotion dysregulation, and the level of stress-sensitive
      biomarkers (cytokine interleukin-6, liver enzymes).

      For this study, 123 adult alcohol dependent subjects were recruited from collaborating
      treatment centers, randomly assigned to one of two equal study arms, and followed for
      26-weeks (Period 1, Randomized Controlled Trial, RCT). The RCT evaluated the efficacy of the
      meditation intervention using self-reported alcohol consumption as primary, and
      drinking-related harms and subject treatment satisfaction and adherence as secondary
      outcomes. It also gathered preliminary data on potential mechanisms of meditation action.
      After the completion of their 26-week RCT (Period 1), controls were eligible to receive the
      meditation intervention (&quot;cross-over&quot;), and all participants were followed-up for additional
      26 weeks (non-randomized Period 2).

      This study will provide evidence about the efficacy of meditation for alcohol relapse
      prevention, will further our understanding of relapse and the potential mechanisms of
      meditation action, direct future research and guide clinical decision-making.
    </textblock>
  </detailed_description>
  <overall_status>Completed</overall_status>
  <start_date>September 2009</start_date>
  <completion_date type="Actual">May 2013</completion_date>
  <primary_completion_date type="Actual">May 2013</primary_completion_date>
  <phase>Phase 2</phase>
  <study_type>Interventional</study_type>
  <has_expanded_access>No</has_expanded_access>
  <study_design_info>
    <allocation>Randomized</allocation>
    <intervention_model>Parallel Assignment</intervention_model>
    <primary_purpose>Treatment</primary_purpose>
    <masking>Single (Outcomes Assessor)</masking>
  </study_design_info>
  <primary_outcome>
    <measure>Percent Heavy Drinking Days</measure>
    <time_frame>26 weeks</time_frame>
    <description>Alcohol consumption as measured by percent heavy drinking days from baseline to 26 weeks. A heavy drinking day is defined as 4 or more drinks for women or 5 or more drinks for men, during a 24-hour period.</description>
  </primary_outcome>
  <primary_outcome>
    <measure>Percent Days Abstinent From Alcohol</measure>
    <time_frame>26 weeks</time_frame>
    <description>Measures percent days abstinent from alcohol</description>
  </primary_outcome>
  <primary_outcome>
    <measure>Time to Relapse (Resumption of Drinking)</measure>
    <time_frame>26 weeks</time_frame>
    <description>Alcohol consumption as measured by time to relapse (resumption of drinking) from baseline to 26 weeks.</description>
  </primary_outcome>
  <secondary_outcome>
    <measure>Drinker Inventory of Consequences</measure>
    <time_frame>26 weeks</time_frame>
    <description>Severity of drinking related negative consequences as measured by the Drinker Inventory of Consequences (DrInC-2R). This inventory consists of 50 items rated on a scale of 0 to 3, with '0' indicating a given consequence did not happen, '1' indicating it almost happened, '2' indicating it did happen, and '3' indicating it happened more than once. The sum of all ratings (minus the 5 control questions) indicates the 'total score', with higher scores corresponding to more drinking related consequences. The 'total score' can range from 0 (did not happen) to 135 (happened all the time).</description>
  </secondary_outcome>
  <secondary_outcome>
    <measure>Subject Treatment Satisfaction</measure>
    <time_frame>8 weeks</time_frame>
    <description>Treatment satisfaction rating on a Likert scale of 1 to 7 (1 indicating 'extremely dissatisfied', 4 'neutral', and 7 'extremely satisfied').</description>
  </secondary_outcome>
  <secondary_outcome>
    <measure>Subject Treatment Adherence</measure>
    <time_frame>8 weeks</time_frame>
    <description>Mindfulness Based Relapse Prevention for Alcohol Dependence intervention session attendance; adherence defined as attending 4 or more out of 8 total sessions.</description>
  </secondary_outcome>
  <number_of_arms>2</number_of_arms>
  <enrollment type="Actual">123</enrollment>
  <condition>Alcohol Dependence</condition>
  <arm_group>
    <arm_group_label>Meditation</arm_group_label>
    <arm_group_type>Experimental</arm_group_type>
    <description>Mindfulness Based Relapse Prevention for Alcohol Dependence intervention + Standard of Care therapy</description>
  </arm_group>
  <arm_group>
    <arm_group_label>Wait-list control</arm_group_label>
    <arm_group_type>Other</arm_group_type>
    <description>Standard of Care therapy only</description>
  </arm_group>
  <intervention>
    <intervention_type>Behavioral</intervention_type>
    <intervention_name>Mindfulness Based Relapse Prevention for Alcohol Dependence</intervention_name>
    <description>All subjects receive outpatient standard of care (SOC) therapy for alcohol dependence. Experimental subjects also receive the Mindfulness Meditation Relapse Prevention ('meditation') intervention. The intervention is an extension of existing meditation-based therapies for stress, relapse prevention in addictive disorders, and depression. It has been patterned after Mindfulness Based Relapse Prevention and tailored to the specific needs of alcoholics. Its curriculum includes both meditation and &quot;traditional&quot; cognitive therapy relapse prevention components. The intervention consists of an 8-week, manualized meditation course (2 hours/week group sessions) guided by trained instructors. In addition, experimental subjects are asked to meditate at-home (30 min/day, 6 days/week) during the study.</description>
    <arm_group_label>Meditation</arm_group_label>
    <other_name>Mindfulness Meditation</other_name>
    <other_name>Meditation</other_name>
    <other_name>Mindfulness</other_name>
    <other_name>Relapse Prevention</other_name>
  </intervention>
  <intervention>
    <intervention_type>Other</intervention_type>
    <intervention_name>&quot;Wait-list&quot; control</intervention_name>
    <description>'Standard of care' (SOC) outpatient therapy for alcohol dependence is provided to all subjects through their outpatient treatment centers and as recommended by their regular providers. Subjects in the control group receive SOC only. Subjects in the experimental arm will receive the study meditation intervention in addition to SOC.</description>
    <arm_group_label>Wait-list control</arm_group_label>
    <other_name>Standard of Care</other_name>
    <other_name>Treatment as Usual</other_name>
  </intervention>
  <eligibility>
    <criteria>
      <textblock>
        Inclusion Criteria:

          -  Alcohol dependence diagnosis

          -  Completed at least 2 weeks of IOP or (IOP equivalent=at least 2 days per week) for
             alcohol dependence

          -  Sober since beginning of outpatient treatment

          -  English fluency; ability to fill out surveys

          -  Permanent home address and telephone

          -  At least 18 years old

          -  Score &gt;13 on the Perceived Stress Scale

        Exclusion Criteria:

          -  Pregnant

          -  Alcohol abstinence &gt;14 weeks before enrollment

          -  Current, regular meditation

          -  Pre-existing bipolar, schizophrenia, or delusional disorder

          -  Regular drug use (other than tobacco) in last 2 weeks

          -  Inability to reliably participate
      </textblock>
    </criteria>
    <gender>All</gender>
    <minimum_age>18 Years</minimum_age>
    <maximum_age>N/A</maximum_age>
    <healthy_volunteers>No</healthy_volunteers>
  </eligibility>
  <overall_official>
    <last_name>Aleksandra Zgierska, MD PhD</last_name>
    <role>Principal Investigator</role>
    <affiliation>University of Wisconsin, Madison</affiliation>
  </overall_official>
  <location>
    <facility>
      <name>University of Wisconsin-Madison</name>
      <address>
        <city>Madison</city>
        <state>Wisconsin</state>
        <zip>53705</zip>
        <country>United States</country>
      </address>
    </facility>
  </location>
  <location_countries>
    <country>United States</country>
  </location_countries>
  <link>
    <url>http://www.fammed.wisc.edu/research/external-funded/alcohol-prevention</url>
    <description>brief description of the findings from the pilot study</description>
  </link>
  <reference>
    <citation>Zgierska A, Rabago D, Chawla N, Kushner K, Koehler R, Marlatt A. Mindfulness meditation for substance use disorders: a systematic review. Subst Abus. 2009 Oct-Dec;30(4):266-94. doi: 10.1080/08897070903250019. Review.</citation>
    <PMID>19904664</PMID>
  </reference>
  <reference>
    <citation>Zgierska A, Rabago D, Zuelsdorff M, Coe C, Miller M, Fleming M. Mindfulness meditation for alcohol relapse prevention: a feasibility pilot study. J Addict Med. 2008 Sep;2(3):165-73. doi: 10.1097/ADM.0b013e31816f8546.</citation>
    <PMID>21768988</PMID>
  </reference>
  <reference>
    <citation>Marcus MT, Zgierska A. Mindfulness-based therapies for substance use disorders: part 1. Subst Abus. 2009 Oct-Dec;30(4):263-5. doi: 10.1080/08897070903250027.</citation>
    <PMID>19904663</PMID>
  </reference>
  <verification_date>October 2014</verification_date>
  <lastchanged_date>October 24, 2014</lastchanged_date>
  <firstreceived_date>January 22, 2010</firstreceived_date>
  <firstreceived_results_date>April 30, 2014</firstreceived_results_date>
  <responsible_party>
    <responsible_party_type>Sponsor</responsible_party_type>
  </responsible_party>
  <keyword>Alcohol Dependence</keyword>
  <keyword>Alcoholism</keyword>
  <keyword>Substance Use Disorders</keyword>
  <keyword>Substance Abuse</keyword>
  <condition_browse>
    <!-- CAUTION:  The following MeSH terms are assigned with an imperfect algorithm            -->
    <mesh_term>Alcoholism</mesh_term>
  </condition_browse>
  <intervention_browse>
    <!-- CAUTION:  The following MeSH terms are assigned with an imperfect algorithm            -->
    <mesh_term>Ethanol</mesh_term>
  </intervention_browse>

  <clinical_results>

    <participant_flow>
      <pre_assignment_details>In the initial 26 weeks [Period 1], this was a randomized controlled trial. After the 26 week assessment, control participants were eligible to receive the meditation intervention, however, some elected not to receive the intervention [non-randomized trial]; all study participants were followed up for additional 26 weeks [Period 2].</pre_assignment_details>
      <group_list>
        <group group_id="P1">
          <title>Meditation</title>
          <description>Mindfulness Based Relapse Prevention intervention + Standard of Care therapy
Mindfulness Based Relapse Prevention for Alcohol Dependence: All study subjects receive outpatient standard of care (SOC) therapy for alcohol dependence. In addition, experimental subjects receive the Mindfulness Meditation Relapse Prevention ('meditation') intervention. This intervention is an extension of existing meditation-based therapies for stress, relapse prevention in addictive disorders, and depression. It has been directly patterned after Mindfulness Based Relapse Prevention and tailored to the specific needs of alcoholics. Its curriculum includes both meditation and &quot;traditional&quot; cognitive therapy relapse prevention components. The intervention consists of an 8-week, manualized meditation course (2 hours/week group sessions) guided by trained instructors. In addition, experimental subjects are asked to meditate at-home (30 min/day, 6 days/week) during the whole study.</description>
        </group>
        <group group_id="P2">
          <title>Wait-list Control</title>
          <description>Standard of Care therapy only
&quot;Wait-list&quot; control: 'Standard of care' (SOC) outpatient therapy for alcohol dependence is provided to all subjects through their outpatient treatment centers and as recommended by their regular providers. Subjects in the control group receive SOC only. Subjects in the experimental arm will receive the study meditation intervention in addition to SOC.</description>
        </group>
      </group_list>
      <period_list>
        <period>
          <title>Randomized Controlled Trial</title>
          <milestone_list>
            <milestone>
              <title>STARTED</title>
              <participants_list>
                <participants group_id="P1" count="64"/>
                <participants group_id="P2" count="59"/>
              </participants_list>
            </milestone>
            <milestone>
              <title>COMPLETED</title>
              <participants_list>
                <participants group_id="P1" count="57"/>
                <participants group_id="P2" count="58"/>
              </participants_list>
            </milestone>
            <milestone>
              <title>NOT COMPLETED</title>
              <participants_list>
                <participants group_id="P1" count="7"/>
                <participants group_id="P2" count="1"/>
              </participants_list>
            </milestone>
          </milestone_list>
          <drop_withdraw_reason_list>
            <drop_withdraw_reason>
              <title>Withdrawal by Subject</title>
              <participants_list>
                <participants group_id="P1" count="6"/>
                <participants group_id="P2" count="1"/>
              </participants_list>
            </drop_withdraw_reason>
            <drop_withdraw_reason>
              <title>Physician Decision</title>
              <participants_list>
                <participants group_id="P1" count="1"/>
                <participants group_id="P2" count="0"/>
              </participants_list>
            </drop_withdraw_reason>
          </drop_withdraw_reason_list>
        </period>
        <period>
          <title>Follow up - Non-randomized</title>
          <milestone_list>
            <milestone>
              <title>STARTED</title>
              <participants_list>
                <participants group_id="P1" count="57">Out of the enrolled experimental subjects (N=64), 57 completed Period 1 and entered into Period 2.</participants>
                <participants group_id="P2" count="58">Out of the enrolled control subjects (N=59), 58 completed Period 1 and entered into Period 2.</participants>
              </participants_list>
            </milestone>
            <milestone>
              <title>COMPLETED</title>
              <participants_list>
                <participants group_id="P1" count="57"/>
                <participants group_id="P2" count="56"/>
              </participants_list>
            </milestone>
            <milestone>
              <title>NOT COMPLETED</title>
              <participants_list>
                <participants group_id="P1" count="0"/>
                <participants group_id="P2" count="2"/>
              </participants_list>
            </milestone>
          </milestone_list>
          <drop_withdraw_reason_list>
            <drop_withdraw_reason>
              <title>Withdrawal by Subject</title>
              <participants_list>
                <participants group_id="P1" count="0"/>
                <participants group_id="P2" count="2"/>
              </participants_list>
            </drop_withdraw_reason>
          </drop_withdraw_reason_list>
        </period>
      </period_list>
    </participant_flow>

    <baseline>
      <group_list>
        <group group_id="B1">
          <title>Meditation</title>
          <description>Mindfulness Based Relapse Prevention intervention + Standard of Care therapy
Mindfulness Based Relapse Prevention for Alcohol Dependence: All study subjects receive outpatient standard of care (SOC) therapy for alcohol dependence. In addition, experimental subjects receive the Mindfulness Meditation Relapse Prevention ('meditation') intervention. This intervention is an extension of existing meditation-based therapies for stress, relapse prevention in addictive disorders, and depression. It has been directly patterned after Mindfulness Based Relapse Prevention and tailored to the specific needs of alcoholics. Its curriculum includes both meditation and &quot;traditional&quot; cognitive therapy relapse prevention components. The intervention consists of an 8-week, manualized meditation course (2 hours/week group sessions) guided by trained instructors. In addition, experimental subjects are asked to meditate at-home (30 min/day, 6 days/week) during the whole study.</description>
        </group>
        <group group_id="B2">
          <title>Wait-list Control</title>
          <description>Standard of Care therapy only
&quot;Wait-list&quot; control: 'Standard of care' (SOC) outpatient therapy for alcohol dependence is provided to all subjects through their outpatient treatment centers and as recommended by their regular providers. Subjects in the control group receive SOC only. Subjects in the experimental arm will receive the study meditation intervention in addition to SOC.</description>
        </group>
        <group group_id="B3">
          <title>Total</title>
          <description>Total of all reporting groups</description>
        </group>
      </group_list>
      <analyzed_list>
        <analyzed>
          <units>Participants</units>
          <scope>Overall</scope>
          <count_list>
            <count group_id="B1" value="64"/>
            <count group_id="B2" value="59"/>
            <count group_id="B3" value="123"/>
          </count_list>
        </analyzed>
      </analyzed_list>
      <measure_list>
        <measure>
          <title>Age</title>
          <units>years</units>
          <param>Mean</param>
          <dispersion>Standard Deviation</dispersion>
          <class_list>
            <class>
              <category_list>
                <category>
                  <measurement_list>
                    <measurement group_id="B1" value="40.5" spread="12.1"/>
                    <measurement group_id="B2" value="41.9" spread="11.9"/>
                    <measurement group_id="B3" value="41.2" spread="11.9"/>
                  </measurement_list>
                </category>
              </category_list>
            </class>
          </class_list>
        </measure>
        <measure>
          <title>Age</title>
          <units>participants</units>
          <param>Number</param>
          <class_list>
            <class>
              <title>&lt;=18 years</title>
              <category_list>
                <category>
                  <measurement_list>
                    <measurement group_id="B1" value="0"/>
                    <measurement group_id="B2" value="0"/>
                    <measurement group_id="B3" value="0"/>
                  </measurement_list>
                </category>
              </category_list>
            </class>
            <class>
              <title>Between 18 and 65 years</title>
              <category_list>
                <category>
                  <measurement_list>
                    <measurement group_id="B1" value="63"/>
                    <measurement group_id="B2" value="59"/>
                    <measurement group_id="B3" value="122"/>
                  </measurement_list>
                </category>
              </category_list>
            </class>
            <class>
              <title>&gt;=65 years</title>
              <category_list>
                <category>
                  <measurement_list>
                    <measurement group_id="B1" value="1"/>
                    <measurement group_id="B2" value="0"/>
                    <measurement group_id="B3" value="1"/>
                  </measurement_list>
                </category>
              </category_list>
            </class>
          </class_list>
        </measure>
        <measure>
          <title>Gender</title>
          <units>participants</units>
          <param>Number</param>
          <class_list>
            <class>
              <title>Female</title>
              <category_list>
                <category>
                  <measurement_list>
                    <measurement group_id="B1" value="25"/>
                    <measurement group_id="B2" value="28"/>
                    <measurement group_id="B3" value="53"/>
                  </measurement_list>
                </category>
              </category_list>
            </class>
            <class>
              <title>Male</title>
              <category_list>
                <category>
                  <measurement_list>
                    <measurement group_id="B1" value="39"/>
                    <measurement group_id="B2" value="31"/>
                    <measurement group_id="B3" value="70"/>
                  </measurement_list>
                </category>
              </category_list>
            </class>
          </class_list>
        </measure>
        <measure>
          <title>Region of Enrollment</title>
          <units>participants</units>
          <param>Number</param>
          <class_list>
            <class>
              <title>United States</title>
              <category_list>
                <category>
                  <measurement_list>
                    <measurement group_id="B1" value="64"/>
                    <measurement group_id="B2" value="59"/>
                    <measurement group_id="B3" value="123"/>
                  </measurement_list>
                </category>
              </category_list>
            </class>
          </class_list>
        </measure>
      </measure_list>
    </baseline>

    <outcome_list>
      <outcome>
        <type>Primary</type>
        <title>Percent Heavy Drinking Days</title>
        <description>Alcohol consumption as measured by percent heavy drinking days from baseline to 26 weeks. A heavy drinking day is defined as 4 or more drinks for women or 5 or more drinks for men, during a 24-hour period.</description>
        <time_frame>26 weeks</time_frame>
        <population>Only 105 participants provided data for this measure for the 26-week follow up visit. This was due to participants not providing data as a result of either: declining participation for that visit, being unable to reach within the 26-week follow up time frame, or withdrawing from the study before the 26-week follow up visit.</population>
        <group_list>
          <group group_id="O1">
            <title>Meditation</title>
            <description>Mindfulness Based Relapse Prevention intervention + Standard of Care therapy
Mindfulness Based Relapse Prevention for Alcohol Dependence: All study subjects receive outpatient standard of care (SOC) therapy for alcohol dependence. In addition, experimental subjects receive the Mindfulness Meditation Relapse Prevention ('meditation') intervention. This intervention is an extension of existing meditation-based therapies for stress, relapse prevention in addictive disorders, and depression. It has been directly patterned after Mindfulness Based Relapse Prevention and tailored to the specific needs of alcoholics. Its curriculum includes both meditation and &quot;traditional&quot; cognitive therapy relapse prevention components. The intervention consists of an 8-week, manualized meditation course (2 hours/week group sessions) guided by trained instructors. In addition, experimental subjects are asked to meditate at-home (30 min/day, 6 days/week) during the whole study.</description>
          </group>
          <group group_id="O2">
            <title>Wait-list Control</title>
            <description>Standard of Care therapy only
&quot;Wait-list&quot; control: 'Standard of care' (SOC) outpatient therapy for alcohol dependence is provided to all subjects through their outpatient treatment centers and as recommended by their regular providers. Subjects in the control group receive SOC only. Subjects in the experimental arm will receive the study meditation intervention in addition to SOC.</description>
          </group>
        </group_list>
        <measure>
          <title>Percent Heavy Drinking Days</title>
          <description>Alcohol consumption as measured by percent heavy drinking days from baseline to 26 weeks. A heavy drinking day is defined as 4 or more drinks for women or 5 or more drinks for men, during a 24-hour period.</description>
          <population>Only 105 participants provided data for this measure for the 26-week follow up visit. This was due to participants not providing data as a result of either: declining participation for that visit, being unable to reach within the 26-week follow up time frame, or withdrawing from the study before the 26-week follow up visit.</population>
          <units>percentage of heavy drinking days</units>
          <param>Mean</param>
          <dispersion>Standard Deviation</dispersion>
          <analyzed_list>
            <analyzed>
              <units>Participants</units>
              <scope>Measure</scope>
              <count_list>
                <count group_id="O1" value="52"/>
                <count group_id="O2" value="53"/>
              </count_list>
            </analyzed>
          </analyzed_list>
          <class_list>
            <class>
              <category_list>
                <category>
                  <measurement_list>
                    <measurement group_id="O1" value="3.8" spread="8.4"/>
                    <measurement group_id="O2" value="3.0" spread="8.4"/>
                  </measurement_list>
                </category>
              </category_list>
            </class>
          </class_list>
        </measure>
      </outcome>
      <outcome>
        <type>Secondary</type>
        <title>Drinker Inventory of Consequences</title>
        <description>Severity of drinking related negative consequences as measured by the Drinker Inventory of Consequences (DrInC-2R). This inventory consists of 50 items rated on a scale of 0 to 3, with '0' indicating a given consequence did not happen, '1' indicating it almost happened, '2' indicating it did happen, and '3' indicating it happened more than once. The sum of all ratings (minus the 5 control questions) indicates the 'total score', with higher scores corresponding to more drinking related consequences. The 'total score' can range from 0 (did not happen) to 135 (happened all the time).</description>
        <time_frame>26 weeks</time_frame>
        <population>Only 98 participants provided data for this measure for the 26-week follow up visit. This was due to participants not providing data as a result of either: declining participation for that visit, being unable to reach within the 26-week follow up time frame, or withdrawing from the study before the 26-week follow up visit.</population>
        <group_list>
          <group group_id="O1">
            <title>Meditation</title>
            <description>Mindfulness Based Relapse Prevention intervention + Standard of Care therapy
Mindfulness Based Relapse Prevention for Alcohol Dependence: All study subjects receive outpatient standard of care (SOC) therapy for alcohol dependence. In addition, experimental subjects receive the Mindfulness Meditation Relapse Prevention ('meditation') intervention. This intervention is an extension of existing meditation-based therapies for stress, relapse prevention in addictive disorders, and depression. It has been directly patterned after Mindfulness Based Relapse Prevention and tailored to the specific needs of alcoholics. Its curriculum includes both meditation and &quot;traditional&quot; cognitive therapy relapse prevention components. The intervention consists of an 8-week, manualized meditation course (2 hours/week group sessions) guided by trained instructors. In addition, experimental subjects are asked to meditate at-home (30 min/day, 6 days/week) during the whole study.</description>
          </group>
          <group group_id="O2">
            <title>Wait-list Control</title>
            <description>Standard of Care therapy only
&quot;Wait-list&quot; control: 'Standard of care' (SOC) outpatient therapy for alcohol dependence is provided to all subjects through their outpatient treatment centers and as recommended by their regular providers. Subjects in the control group receive SOC only. Subjects in the experimental arm will receive the study meditation intervention in addition to SOC.</description>
          </group>
        </group_list>
        <measure>
          <title>Drinker Inventory of Consequences</title>
          <description>Severity of drinking related negative consequences as measured by the Drinker Inventory of Consequences (DrInC-2R). This inventory consists of 50 items rated on a scale of 0 to 3, with '0' indicating a given consequence did not happen, '1' indicating it almost happened, '2' indicating it did happen, and '3' indicating it happened more than once. The sum of all ratings (minus the 5 control questions) indicates the 'total score', with higher scores corresponding to more drinking related consequences. The 'total score' can range from 0 (did not happen) to 135 (happened all the time).</description>
          <population>Only 98 participants provided data for this measure for the 26-week follow up visit. This was due to participants not providing data as a result of either: declining participation for that visit, being unable to reach within the 26-week follow up time frame, or withdrawing from the study before the 26-week follow up visit.</population>
          <units>Scores on a scale</units>
          <param>Mean</param>
          <dispersion>Standard Deviation</dispersion>
          <analyzed_list>
            <analyzed>
              <units>Participants</units>
              <scope>Measure</scope>
              <count_list>
                <count group_id="O1" value="47"/>
                <count group_id="O2" value="51"/>
              </count_list>
            </analyzed>
          </analyzed_list>
          <class_list>
            <class>
              <category_list>
                <category>
                  <measurement_list>
                    <measurement group_id="O1" value="11.3" spread="16.9"/>
                    <measurement group_id="O2" value="16.5" spread="17.6"/>
                  </measurement_list>
                </category>
              </category_list>
            </class>
          </class_list>
        </measure>
      </outcome>
      <outcome>
        <type>Secondary</type>
        <title>Subject Treatment Satisfaction</title>
        <description>Treatment satisfaction rating on a Likert scale of 1 to 7 (1 indicating 'extremely dissatisfied', 4 'neutral', and 7 'extremely satisfied').</description>
        <time_frame>8 weeks</time_frame>
        <population>48 participants provided data for this outcome measure at an 8-week follow up visit, and their responses were analyzed.</population>
        <group_list>
          <group group_id="O1">
            <title>Meditation</title>
            <description>Mindfulness Based Relapse Prevention for Alcohol Dependence intervention</description>
          </group>
        </group_list>
        <measure>
          <title>Subject Treatment Satisfaction</title>
          <description>Treatment satisfaction rating on a Likert scale of 1 to 7 (1 indicating 'extremely dissatisfied', 4 'neutral', and 7 'extremely satisfied').</description>
          <population>48 participants provided data for this outcome measure at an 8-week follow up visit, and their responses were analyzed.</population>
          <units>points</units>
          <param>Mean</param>
          <dispersion>Standard Deviation</dispersion>
          <analyzed_list>
            <analyzed>
              <units>Participants</units>
              <scope>Measure</scope>
              <count_list>
                <count group_id="O1" value="48"/>
              </count_list>
            </analyzed>
          </analyzed_list>
          <class_list>
            <class>
              <category_list>
                <category>
                  <measurement_list>
                    <measurement group_id="O1" value="5.5" spread="1.4"/>
                  </measurement_list>
                </category>
              </category_list>
            </class>
          </class_list>
        </measure>
      </outcome>
      <outcome>
        <type>Secondary</type>
        <title>Subject Treatment Adherence</title>
        <description>Mindfulness Based Relapse Prevention for Alcohol Dependence intervention session attendance; adherence defined as attending 4 or more out of 8 total sessions.</description>
        <time_frame>8 weeks</time_frame>
        <population>Of 64 enrolled participants, one withdrew prior to the first intervention session. This participant's data was included in the baseline data analyses; this participant's meditation intervention attendance was counted as &quot;0&quot;.</population>
        <group_list>
          <group group_id="O1">
            <title>Meditation</title>
            <description>Mindfulness Based Relapse Prevention for Alcohol Dependence intervention</description>
          </group>
        </group_list>
        <measure>
          <title>Subject Treatment Adherence</title>
          <description>Mindfulness Based Relapse Prevention for Alcohol Dependence intervention session attendance; adherence defined as attending 4 or more out of 8 total sessions.</description>
          <population>Of 64 enrolled participants, one withdrew prior to the first intervention session. This participant's data was included in the baseline data analyses; this participant's meditation intervention attendance was counted as &quot;0&quot;.</population>
          <units>Percentage of meditation participants</units>
          <param>Number</param>
          <analyzed_list>
            <analyzed>
              <units>Participants</units>
              <scope>Measure</scope>
              <count_list>
                <count group_id="O1" value="64"/>
              </count_list>
            </analyzed>
          </analyzed_list>
          <class_list>
            <class>
              <category_list>
                <category>
                  <measurement_list>
                    <measurement group_id="O1" value="71.9"/>
                  </measurement_list>
                </category>
              </category_list>
            </class>
          </class_list>
        </measure>
      </outcome>
      <outcome>
        <type>Primary</type>
        <title>Percent Days Abstinent From Alcohol</title>
        <description>Measures percent days abstinent from alcohol</description>
        <time_frame>26 weeks</time_frame>
        <population>Only 105 participants provided data for this measure for the 26-week follow up visit. This was due to participants not providing data as a result of either: declining participation for that visit, being unable to reach within the 26-week follow up time frame, or withdrawing from the study before the 26-week follow up visit.</population>
        <group_list>
          <group group_id="O1">
            <title>Meditation</title>
            <description>Mindfulness Based Relapse Prevention intervention + Standard of Care therapy
Mindfulness Based Relapse Prevention for Alcohol Dependence: All study subjects receive outpatient standard of care (SOC) therapy for alcohol dependence. In addition, experimental subjects receive the Mindfulness Meditation Relapse Prevention ('meditation') intervention. This intervention is an extension of existing meditation-based therapies for stress, relapse prevention in addictive disorders, and depression. It has been directly patterned after Mindfulness Based Relapse Prevention and tailored to the specific needs of alcoholics. Its curriculum includes both meditation and &quot;traditional&quot; cognitive therapy relapse prevention components. The intervention consists of an 8-week, manualized meditation course (2 hours/week group sessions) guided by trained instructors. In addition, experimental subjects are asked to meditate at-home (30 min/day, 6 days/week) during the whole study.</description>
          </group>
          <group group_id="O2">
            <title>Wait-list Control</title>
            <description>Standard of Care therapy only
&quot;Wait-list&quot; control: 'Standard of care' (SOC) outpatient therapy for alcohol dependence is provided to all subjects through their outpatient treatment centers and as recommended by their regular providers. Subjects in the control group receive SOC only. Subjects in the experimental arm will receive the study meditation intervention in addition to SOC.</description>
          </group>
        </group_list>
        <measure>
          <title>Percent Days Abstinent From Alcohol</title>
          <description>Measures percent days abstinent from alcohol</description>
          <population>Only 105 participants provided data for this measure for the 26-week follow up visit. This was due to participants not providing data as a result of either: declining participation for that visit, being unable to reach within the 26-week follow up time frame, or withdrawing from the study before the 26-week follow up visit.</population>
          <units>percent of days abstinent from alcohol</units>
          <param>Mean</param>
          <dispersion>Standard Deviation</dispersion>
          <analyzed_list>
            <analyzed>
              <units>Participants</units>
              <scope>Measure</scope>
              <count_list>
                <count group_id="O1" value="52"/>
                <count group_id="O2" value="53"/>
              </count_list>
            </analyzed>
          </analyzed_list>
          <class_list>
            <class>
              <category_list>
                <category>
                  <measurement_list>
                    <measurement group_id="O1" value="88.5" spread="22.5"/>
                    <measurement group_id="O2" value="94.1" spread="11.6"/>
                  </measurement_list>
                </category>
              </category_list>
            </class>
          </class_list>
        </measure>
      </outcome>
      <outcome>
        <type>Primary</type>
        <title>Time to Relapse (Resumption of Drinking)</title>
        <description>Alcohol consumption as measured by time to relapse (resumption of drinking) from baseline to 26 weeks.</description>
        <time_frame>26 weeks</time_frame>
        <population>Only 105 participants provided data for this measure at 26-week follow up; due to participants either: declining participation for the visit, being unable to reach within the 26-week follow up time, or withdrawing from the study before 26-week follow up. Of the 105, 3 meditation/0 controls met criteria for having relapsed during this time frame.</population>
        <group_list>
          <group group_id="O1">
            <title>Meditation</title>
            <description>Mindfulness Based Relapse Prevention intervention + Standard of Care therapy
Mindfulness Based Relapse Prevention for Alcohol Dependence: All study subjects receive outpatient standard of care (SOC) therapy for alcohol dependence. In addition, experimental subjects receive the Mindfulness Meditation Relapse Prevention ('meditation') intervention. This intervention is an extension of existing meditation-based therapies for stress, relapse prevention in addictive disorders, and depression. It has been directly patterned after Mindfulness Based Relapse Prevention and tailored to the specific needs of alcoholics. Its curriculum includes both meditation and &quot;traditional&quot; cognitive therapy relapse prevention components. The intervention consists of an 8-week, manualized meditation course (2 hours/week group sessions) guided by trained instructors. In addition, experimental subjects are asked to meditate at-home (30 min/day, 6 days/week) during the whole study.</description>
          </group>
          <group group_id="O2">
            <title>Wait-list Control</title>
            <description>Standard of Care therapy only
&quot;Wait-list&quot; control: 'Standard of care' (SOC) outpatient therapy for alcohol dependence is provided to all subjects through their outpatient treatment centers and as recommended by their regular providers. Subjects in the control group receive SOC only. Subjects in the experimental arm will receive the study meditation intervention in addition to SOC.</description>
          </group>
        </group_list>
        <measure>
          <title>Time to Relapse (Resumption of Drinking)</title>
          <description>Alcohol consumption as measured by time to relapse (resumption of drinking) from baseline to 26 weeks.</description>
          <population>Only 105 participants provided data for this measure at 26-week follow up; due to participants either: declining participation for the visit, being unable to reach within the 26-week follow up time, or withdrawing from the study before 26-week follow up. Of the 105, 3 meditation/0 controls met criteria for having relapsed during this time frame.</population>
          <units>number of days to relapse</units>
          <param>Mean</param>
          <dispersion>Standard Deviation</dispersion>
          <analyzed_list>
            <analyzed>
              <units>Participants</units>
              <scope>Measure</scope>
              <count_list>
                <count group_id="O1" value="3"/>
                <count group_id="O2" value="0"/>
              </count_list>
            </analyzed>
          </analyzed_list>
          <class_list>
            <class>
              <category_list>
                <category>
                  <measurement_list>
                    <measurement group_id="O1" value="29.0" spread="13.0"/>
                  </measurement_list>
                </category>
              </category_list>
            </class>
          </class_list>
        </measure>
      </outcome>
    </outcome_list>

    <reported_events>
      <group_list>
        <group group_id="E1">
          <title>Meditation</title>
          <description>Mindfulness Based Relapse Prevention intervention + Standard of Care therapy
Mindfulness Based Relapse Prevention for Alcohol Dependence: All study subjects receive outpatient standard of care (SOC) therapy for alcohol dependence. In addition, experimental subjects receive the Mindfulness Meditation Relapse Prevention ('meditation') intervention. This intervention is an extension of existing meditation-based therapies for stress, relapse prevention in addictive disorders, and depression. It has been directly patterned after Mindfulness Based Relapse Prevention and tailored to the specific needs of alcoholics. Its curriculum includes both meditation and &quot;traditional&quot; cognitive therapy relapse prevention components. The intervention consists of an 8-week, manualized meditation course (2 hours/week group sessions) guided by trained instructors. In addition, experimental subjects are asked to meditate at-home (30 min/day, 6 days/week) during the whole study.</description>
        </group>
        <group group_id="E2">
          <title>Wait-list Control</title>
          <description>Standard of Care therapy only
&quot;Wait-list&quot; control: 'Standard of care' (SOC) outpatient therapy for alcohol dependence is provided to all subjects through their outpatient treatment centers and as recommended by their regular providers. Subjects in the control group receive SOC only. Subjects in the experimental arm will receive the study meditation intervention in addition to SOC.</description>
        </group>
      </group_list>
      <serious_events>
        <category_list>
          <category>
            <title>Total</title>
            <event_list>
              <event>
                <sub_title>Total, serious adverse events</sub_title>
                <counts group_id="E1" subjects_affected="0" subjects_at_risk="64"/>
                <counts group_id="E2" subjects_affected="0" subjects_at_risk="59"/>
              </event>
            </event_list>
          </category>
        </category_list>
      </serious_events>
      <other_events>
        <frequency_threshold>0</frequency_threshold>
        <category_list>
          <category>
            <title>Total</title>
            <event_list>
              <event>
                <sub_title>Total, other adverse events</sub_title>
                <counts group_id="E1" subjects_affected="0" subjects_at_risk="64"/>
                <counts group_id="E2" subjects_affected="0" subjects_at_risk="59"/>
              </event>
            </event_list>
          </category>
        </category_list>
      </other_events>
    </reported_events>

    <certain_agreements>
      <pi_employee>All Principal Investigators ARE employed by the organization sponsoring the study.</pi_employee>
      <restrictive_agreement>There is NOT an agreement between Principal Investigators and the Sponsor (or its agents) that restricts the PI's rights to discuss or publish trial results after the trial is completed. </restrictive_agreement>
    </certain_agreements>
    <limitations_and_caveats>Lack of blinding of study staff to group status (except the statistician who was blinded during initial primary analyses); conducting most study related activities by the same core group of research staff may have introduced bias and placebo effect.</limitations_and_caveats>
    <point_of_contact>
      <name_or_title>Aleksandra Zgierska, MD PhD</name_or_title>
      <organization>University of Wisconsin Madison</organization>
      <phone>(608) 263-7882</phone>
      <email>aleksandra.zgierska@fammed.wisc.edu</email>
    </point_of_contact>
  </clinical_results>
</clinical_study>

