<?xml version="1.0" encoding="UTF-8"?>
<clinical_study rank="238">
  <!-- This xml conforms to an XML Schema at:
    https://clinicaltrials.gov/ct2/html/images/info/public.xsd -->
  <required_header>
    <download_date>ClinicalTrials.gov processed this data on August 08, 2017</download_date>
    <link_text>Link to the current ClinicalTrials.gov record.</link_text>
    <url>https://clinicaltrials.gov/show/NCT02582905</url>
  </required_header>
  <id_info>
    <org_study_id>072014-005</org_study_id>
    <nct_id>NCT02582905</nct_id>
  </id_info>
  <brief_title>Clinical Medication Development for Bipolar Disorder and Alcohol Use Disorders</brief_title>
  <official_title>Clinical Medication Development for Bipolar Disorder and Alcohol Use Disorders</official_title>
  <sponsors>
    <lead_sponsor>
      <agency>University of Texas Southwestern Medical Center</agency>
      <agency_class>Other</agency_class>
    </lead_sponsor>
    <collaborator>
      <agency>University of Miami</agency>
      <agency_class>Other</agency_class>
    </collaborator>
  </sponsors>
  <source>University of Texas Southwestern Medical Center</source>
  <oversight_info>
    <has_dmc>Yes</has_dmc>
  </oversight_info>
  <brief_summary>
    <textblock>
      Preclinical and clinical data as well as mechanistic justification have been presented
      suggesting citicoline and pregnenolone are each promising treatments for alcohol use in BPD.
      Both appear to have favorable side effect profiles and no known drug-drug interactions. Thus,
      they have the potential to be safely used in a dual diagnosis population already taking other
      medications. A 12-week, randomized, double-blind, parallel-group, placebo-controlled adaptive
      design study of citicoline and pregnenolone is proposed in 199 persons with alcohol use
      disorder and bipolar I or II disorder, mood state currently depressed. The primary aim will
      be to assess change in alcohol use. Biomarkers of alcohol use, alcohol craving, mood and
      cognition will also be assessed. Relationships between neurosteroid and choline levels and
      the outcome measures will be explored.
    </textblock>
  </brief_summary>
  <detailed_description>
    <textblock>
      A 12-week, randomized, double-blind, parallel-group, placebo-controlled adaptive, Drop The
      Loser (DTL) design clinical trial of citicoline and pregnenolone will be conducted in 199
      outpatients with bipolar I or II disorder, depressed mood state and current alcohol use
      disorder. Potential participants will be identified and an appointment will be arranged. At
      this appointment, informed consent will be obtained, and assessment procedures, including a
      review of inclusion and exclusion criteria, will be performed.

      A structured clinical interview for Diagnostic Statistical Manual (DSM-5), Structured
      Clinical Interview for Disorders (SCID) will be performed to establish the diagnoses of
      bipolar I or II disorder and alcohol use disorder. Recent alcohol use (and, if present, other
      substance use) will be assessed using the Timeline Followback (TLFB) method. Drinking
      severity and withdrawal symptoms will be assessed through a variety of measures (e.g.,
      Clinical Institute Withdrawal Assessment of Alcohol Use-Revised (CIWA-Ar), Penn Alcohol
      Craving Scale (PACS), Short Index of Problems (SIP)). Length of problem alcohol use will be
      assessed by asking &quot;When did alcohol first start causing you problems?&quot; Blood will be drawn
      for laboratory analyses including a complete blood count (CBC) and Comprehensive Metabolic
      Panel (includes a liver panel with AST, ALT as well as lipids and electrolytes), and GGT and
      carbohydrate-deficient transferrin (CDT) will be added at baseline (week 0) and weeks 6 and
      12. Cognition, including the domains of memory, decision making, impulsivity, attention, and
      executive functioning will also be assessed at baseline and week 12 using the World Health
      Organization/University of California at Los Angeles Auditory-Verbal Learning Test (WHO-UCLA
      AVLT), Trail Making Test (TMT), and the Golden Stroop Color Word Test. Women of childbearing
      potential will receive a urine pregnancy test at baseline, week 6, and week 12 and will be
      counseled about effective contraceptive methods. A psychiatrist (PI or Co-I) will assess
      participants at baseline and weekly follow-up visits and will participate in the informed
      consent process. The active medication or placebo capsules will be initiated at baseline and
      increased weekly in weeks 1, 2 and 3 to achieve the target doses for citicoline (2000 mg/day)
      or pregnenolone (500 mg/day). Side effects will be managed in a blinded fashion. Safety and
      side effects will be assessed with the Systematic Assessment for Treatment Emergent Events
      (SAFTEE). At weekly visits, mood and suicidality will be assessed through various measures
      (e.g. Hamilton Rating Scale for Depression (HRSD17), Columbia Suicide Severity Rating Scale
      (CSSRS) and assessment of alcohol use will again be evaluated. All participants will receive
      Medical Monitoring (MM) as a psychosocial platform. After study completion, participants will
      be provided standard psychiatric care until outside referral is arranged.
    </textblock>
  </detailed_description>
  <overall_status>Recruiting</overall_status>
  <start_date>May 2016</start_date>
  <completion_date type="Anticipated">December 2021</completion_date>
  <primary_completion_date type="Anticipated">January 2020</primary_completion_date>
  <phase>Phase 4</phase>
  <study_type>Interventional</study_type>
  <has_expanded_access>No</has_expanded_access>
  <study_design_info>
    <allocation>Randomized</allocation>
    <intervention_model>Parallel Assignment</intervention_model>
    <primary_purpose>Treatment</primary_purpose>
    <masking>Participant, Investigator</masking>
  </study_design_info>
  <primary_outcome>
    <measure>Timeline Followback (TLFB)</measure>
    <time_frame>12 weeks</time_frame>
    <description>The Timeline Followback is used to assess recent alcohol use (and if present, other substance use).</description>
  </primary_outcome>
  <number_of_arms>3</number_of_arms>
  <enrollment type="Anticipated">199</enrollment>
  <condition>Alcohol Use Disorder</condition>
  <condition>Bipolar Disorder</condition>
  <arm_group>
    <arm_group_label>Placebo</arm_group_label>
    <arm_group_type>Placebo Comparator</arm_group_type>
    <description>Matching placebo given beginning at 1 capsule BID increasing to 2 capsules BID at week 1, 3 capsules BID at week 2, and 4 capsules BID at weeks 3-12.</description>
  </arm_group>
  <arm_group>
    <arm_group_label>Citicoline</arm_group_label>
    <arm_group_type>Experimental</arm_group_type>
    <description>Citicoline will be given beginning at 250 mg BID with an increase to 500 mg BID at week 1, 750 mg BID at week 2, and 1000 mg BID at weeks 3-12.</description>
  </arm_group>
  <arm_group>
    <arm_group_label>Pregnenolone</arm_group_label>
    <arm_group_type>Experimental</arm_group_type>
    <description>Pregnenolone will be given beginning at 50 mg BID with an increase to 100 mg BID at week 1, 150 mg BID at week 2, and 250 mg BID at weeks 3-12.</description>
  </arm_group>
  <intervention>
    <intervention_type>Drug</intervention_type>
    <intervention_name>Placebo</intervention_name>
    <description>Inactive ingredient matching the active comparators in appearance.</description>
    <arm_group_label>Placebo</arm_group_label>
    <other_name>Sugar pill</other_name>
  </intervention>
  <intervention>
    <intervention_type>Drug</intervention_type>
    <intervention_name>Citicoline</intervention_name>
    <description>Citicoline is an over-the-counter nutritional supplement that is used for neuroprotective effects. It is a naturally occurring neurochemical in the human body.</description>
    <arm_group_label>Citicoline</arm_group_label>
    <other_name>CDP-Choline</other_name>
    <other_name>cytidine diphosphate-choline</other_name>
  </intervention>
  <intervention>
    <intervention_type>Drug</intervention_type>
    <intervention_name>Pregnenolone</intervention_name>
    <description>Pregnenolone is a naturally occurring neurosteroid that is synthesized from cholesterol in the adrenal glands and also in the brain. Pregnenolone produces other neuroactive steroids.</description>
    <arm_group_label>Pregnenolone</arm_group_label>
  </intervention>
  <eligibility>
    <criteria>
      <textblock>
        Inclusion Criteria:

          -  Outpatient men and women age 18-65 years old with bipolar I or II disorder (currently
             depressed)

          -  English or Spanish speaking

          -  Current diagnosis of alcohol use disorder with at least moderate severity (DSM-5
             terminology)

          -  Alcohol use of at least 28 drinks a week if male or an average of 21 drinks per week
             if female and 3 drinking days a week in the 28 days prior to intake

          -  Current mood stabilizer therapy (defined as lithium, lamotrigine, carbamazepine,
             oxcarbazepine or an atypical antipsychotic) with stable dose for ≥ 28 days prior to
             randomization or valproate/divalproex at a stable dose for ≥ 90 days (longer period
             due to data suggesting valproate may decrease alcohol use in BPD)

          -  Diagnosis of substance use disorder other than alcohol, caffeine or nicotine is
             allowed if 1) alcohol is the self-identified substance of choice and 2) severity of
             other substance use disorder is ≤ moderate

        Exclusion Criteria:

          -  Mood disorders other than bipolar I or II disorders but anxiety disorders will be
             allowed

          -  Baseline HRSD17 or YMRS scores ≥ 35 to exclude those with very severe mood symptoms at
             baseline

          -  Evidence of clinically significant alcohol withdrawal symptoms defined as a CIWA-Ar
             score of ≥ 10

          -  Current (last 28 days) treatment with naltrexone, acamprosate, disulfiram, topiramate
             or as these may also decrease alcohol use

          -  Oral contraceptives and hormone replacement therapy. This exclusion is due to a
             possible interaction with pregnenolone.

          -  Women with hormone sensitive conditions such as breast cancer, uterine cancer, ovarian
             cancer, endometriosis, uterine fibroids. These persons are excluded because
             pregnenolone is converted to estrogens.

          -  Vulnerable populations (e.g. pregnant, nursing, cognitively impaired, incarcerated)

          -  High risk for suicide defined as &gt; 1 attempt in past 12 months that required medical
             attention, any attempt in the past 3 months or current suicidal ideation with plan and
             intent such that outpatient care is precluded

          -  Intensive outpatient treatment (defined as ≥3 visits each week) for substance abuse
             (AA, NA meetings, or less intensive counseling at baseline will be allowed)

          -  Severe/unstable condition (e.g. cirrhosis, poorly controlled hypertension) or
             laboratory/physical exam findings consistent with serious illness (e.g. abnormal
             electrolytes) or AST or ALT &gt;3 times normal
      </textblock>
    </criteria>
    <gender>All</gender>
    <minimum_age>18 Years</minimum_age>
    <maximum_age>65 Years</maximum_age>
    <healthy_volunteers>No</healthy_volunteers>
  </eligibility>
  <overall_contact>
    <last_name>Collette B. Bice, MS</last_name>
    <phone>214-645-6954</phone>
    <email>collette.bice@utsouthwestern.edu</email>
  </overall_contact>
  <location>
    <facility>
      <name>University of Miami</name>
      <address>
        <city>Miami</city>
        <state>Florida</state>
        <zip>33136</zip>
        <country>United States</country>
      </address>
    </facility>
    <status>Recruiting</status>
    <contact>
      <last_name>Yamila Carmona, MS</last_name>
      <phone>305-243-2686</phone>
      <email>yic3@med.miami.edu</email>
    </contact>
    <investigator>
      <last_name>Ihsan M. Salloum, MD, MPH</last_name>
      <role>Principal Investigator</role>
    </investigator>
  </location>
  <location>
    <facility>
      <name>UT Southwestern Medical Center</name>
      <address>
        <city>Dallas</city>
        <state>Texas</state>
        <zip>75390</zip>
        <country>United States</country>
      </address>
    </facility>
    <status>Recruiting</status>
    <contact>
      <last_name>Collette B. Bice, MS</last_name>
      <phone>214-645-6954</phone>
      <email>collette.bice@utsouthwestern.edu</email>
    </contact>
    <investigator>
      <last_name>E. Sherwood Brown, M.D., Ph.D.</last_name>
      <role>Principal Investigator</role>
    </investigator>
  </location>
  <location_countries>
    <country>United States</country>
  </location_countries>
  <verification_date>March 2017</verification_date>
  <lastchanged_date>March 17, 2017</lastchanged_date>
  <firstreceived_date>October 20, 2015</firstreceived_date>
  <responsible_party>
    <responsible_party_type>Sponsor</responsible_party_type>
  </responsible_party>
  <keyword>Alcohol Use Disorder</keyword>
  <keyword>Bipolar Disorder</keyword>
  <keyword>Mood</keyword>
  <keyword>Alcohol craving</keyword>
  <keyword>Pregnenolone</keyword>
  <keyword>Citicoline</keyword>
  <condition_browse>
    <!-- CAUTION:  The following MeSH terms are assigned with an imperfect algorithm            -->
    <mesh_term>Disease</mesh_term>
    <mesh_term>Bipolar Disorder</mesh_term>
    <mesh_term>Alcohol Drinking</mesh_term>
  </condition_browse>
  <intervention_browse>
    <!-- CAUTION:  The following MeSH terms are assigned with an imperfect algorithm            -->
    <mesh_term>Ethanol</mesh_term>
    <mesh_term>Choline</mesh_term>
    <mesh_term>Cytidine Diphosphate Choline</mesh_term>
  </intervention_browse>
  <patient_data>
    <sharing_ipd>No</sharing_ipd>
  </patient_data>
  <!-- Results have not yet been posted for this study                                          -->
</clinical_study>

