<?xml version="1.0" encoding="UTF-8"?>
<clinical_study rank="31">
  <!-- This xml conforms to an XML Schema at:
    https://clinicaltrials.gov/ct2/html/images/info/public.xsd -->
  <required_header>
    <download_date>ClinicalTrials.gov processed this data on August 08, 2017</download_date>
    <link_text>Link to the current ClinicalTrials.gov record.</link_text>
    <url>https://clinicaltrials.gov/show/NCT00630955</url>
  </required_header>
  <id_info>
    <org_study_id>0602001068</org_study_id>
    <secondary_id>P50AA012870</secondary_id>
    <nct_id>NCT00630955</nct_id>
  </id_info>
  <brief_title>Family History Study of Alcohol Consumption Using Memantine</brief_title>
  <official_title>NMDA Antagonist Efficacy in Reducing Human Alcohol Consumption: Impact of Family History</official_title>
  <sponsors>
    <lead_sponsor>
      <agency>Yale University</agency>
      <agency_class>Other</agency_class>
    </lead_sponsor>
    <collaborator>
      <agency>National Institute on Alcohol Abuse and Alcoholism (NIAAA)</agency>
      <agency_class>NIH</agency_class>
    </collaborator>
  </sponsors>
  <source>Yale University</source>
  <oversight_info>
    <has_dmc>Yes</has_dmc>
  </oversight_info>
  <brief_summary>
    <textblock>
      The purpose of this study is to evaluate the effects of the study medication, memantine
      (placebo, 20 mg or 40 mg/day) on alcohol drinking behavior in a laboratory setting in which
      participants are given an initial drink of alcohol followed by the choice to drink up to 12
      more drinks over a three-hour period. We hypothesize that memantine will reduce craving and
      number of drinks consumed prior to and after exposure to the initial drink of alcohol and
      during the three hour drinking period. We will also evaluate the influence of family history
      of alcoholism on the efficacy of memantine in reducing alcohol drinking behavior.
    </textblock>
  </brief_summary>
  <overall_status>Completed</overall_status>
  <start_date>June 2006</start_date>
  <completion_date type="Actual">August 2011</completion_date>
  <primary_completion_date type="Actual">May 2011</primary_completion_date>
  <phase>Phase 2</phase>
  <study_type>Interventional</study_type>
  <has_expanded_access>No</has_expanded_access>
  <study_design_info>
    <allocation>Randomized</allocation>
    <intervention_model>Parallel Assignment</intervention_model>
    <masking>Double Blind (Participant, Care Provider, Investigator)</masking>
  </study_design_info>
  <primary_outcome>
    <measure>Number of Drinks Consumed on Day 7</measure>
    <time_frame>Day 7</time_frame>
  </primary_outcome>
  <primary_outcome>
    <measure>Baseline-adjusted Craving (YCS)</measure>
    <time_frame>Day 7</time_frame>
    <description>Craving for alcohol based on Yale Craving Scale, scores ranging from 0-112 mm on a visual analog scale, with higher measurements indicating higher craving. The baseline-adjusted craving is change score from baseline at Day 7.</description>
  </primary_outcome>
  <secondary_outcome>
    <measure>Stimulation and Sedation Responses to Alcohol</measure>
    <time_frame>Day 7</time_frame>
  </secondary_outcome>
  <number_of_arms>3</number_of_arms>
  <enrollment type="Actual">111</enrollment>
  <condition>Alcohol Drinking</condition>
  <arm_group>
    <arm_group_label>1</arm_group_label>
    <arm_group_type>Experimental</arm_group_type>
    <description>20 mg memantine</description>
  </arm_group>
  <arm_group>
    <arm_group_label>2</arm_group_label>
    <arm_group_type>Experimental</arm_group_type>
    <description>40 mg memantine</description>
  </arm_group>
  <arm_group>
    <arm_group_label>3</arm_group_label>
    <arm_group_type>Placebo Comparator</arm_group_type>
  </arm_group>
  <intervention>
    <intervention_type>Drug</intervention_type>
    <intervention_name>memantine</intervention_name>
    <description>Memantine 20 mg once per day for 7 days</description>
    <arm_group_label>1</arm_group_label>
    <other_name>Namenda</other_name>
  </intervention>
  <intervention>
    <intervention_type>Drug</intervention_type>
    <intervention_name>Memantine</intervention_name>
    <description>Memantine 40 mg once per day for 7 days</description>
    <arm_group_label>2</arm_group_label>
    <other_name>Namenda</other_name>
  </intervention>
  <intervention>
    <intervention_type>Drug</intervention_type>
    <intervention_name>Placebo</intervention_name>
    <description>Placebo once per day for 7 days</description>
    <arm_group_label>3</arm_group_label>
  </intervention>
  <eligibility>
    <criteria>
      <textblock>
        Inclusion Criteria:

          -  Ages 21-50

          -  Able to read English at 6th grade level or higher and to complete study evaluations

          -  Regular alcohol drinker

        Exclusion Criteria:

          -  Individuals who are seeking alcohol treatment

          -  Medical conditions that would contraindicate the use of memantine

          -  Regular use of other substances
      </textblock>
    </criteria>
    <gender>All</gender>
    <minimum_age>21 Years</minimum_age>
    <maximum_age>50 Years</maximum_age>
    <healthy_volunteers>No</healthy_volunteers>
  </eligibility>
  <overall_official>
    <last_name>Suchitra Krishnan-Sarin, Ph.D.</last_name>
    <role>Principal Investigator</role>
    <affiliation>Yale School of Medicine</affiliation>
  </overall_official>
  <location>
    <facility>
      <name>CMHC</name>
      <address>
        <city>New Haven</city>
        <state>Connecticut</state>
        <zip>06519</zip>
        <country>United States</country>
      </address>
    </facility>
  </location>
  <location_countries>
    <country>United States</country>
  </location_countries>
  <link>
    <url>http://info.med.yale.edu/ctna/</url>
  </link>
  <verification_date>November 2016</verification_date>
  <lastchanged_date>November 3, 2016</lastchanged_date>
  <firstreceived_date>February 27, 2008</firstreceived_date>
  <firstreceived_results_date>August 19, 2013</firstreceived_results_date>
  <responsible_party>
    <responsible_party_type>Principal Investigator</responsible_party_type>
    <investigator_affiliation>Yale University</investigator_affiliation>
    <investigator_full_name>Suchitra Krishnan-Sarin</investigator_full_name>
    <investigator_title>Associate Professor, Department of Psychiatry</investigator_title>
  </responsible_party>
  <keyword>Alcohol Drinking</keyword>
  <keyword>Memantine</keyword>
  <condition_browse>
    <!-- CAUTION:  The following MeSH terms are assigned with an imperfect algorithm            -->
    <mesh_term>Alcohol Drinking</mesh_term>
  </condition_browse>
  <intervention_browse>
    <!-- CAUTION:  The following MeSH terms are assigned with an imperfect algorithm            -->
    <mesh_term>Ethanol</mesh_term>
    <mesh_term>Memantine</mesh_term>
  </intervention_browse>

  <clinical_results>

    <participant_flow>
      <recruitment_details>Participants were recruited from May 2006-May 2011 using posted advertisements in the local newspaper and brochures and other materials distributed in the community (bars, coffee shops, grocery stores).Electronic media and social networking were also used, including Craigslist and Facebook.</recruitment_details>
      <group_list>
        <group group_id="P1">
          <title>0 mg Memantine</title>
          <description>Participants who received placebo PO qd</description>
        </group>
        <group group_id="P2">
          <title>20 mg Memantine</title>
          <description>Participants randomized to 20 mg memantine PO qd</description>
        </group>
        <group group_id="P3">
          <title>40 mg Memantine</title>
          <description>Participants randomized to 40mg memantine PO qd</description>
        </group>
      </group_list>
      <period_list>
        <period>
          <title>Overall Study</title>
          <milestone_list>
            <milestone>
              <title>STARTED</title>
              <participants_list>
                <participants group_id="P1" count="34"/>
                <participants group_id="P2" count="37"/>
                <participants group_id="P3" count="40"/>
              </participants_list>
            </milestone>
            <milestone>
              <title>COMPLETED</title>
              <participants_list>
                <participants group_id="P1" count="31"/>
                <participants group_id="P2" count="31"/>
                <participants group_id="P3" count="28"/>
              </participants_list>
            </milestone>
            <milestone>
              <title>NOT COMPLETED</title>
              <participants_list>
                <participants group_id="P1" count="3"/>
                <participants group_id="P2" count="6"/>
                <participants group_id="P3" count="12"/>
              </participants_list>
            </milestone>
          </milestone_list>
        </period>
      </period_list>
    </participant_flow>

    <baseline>
      <group_list>
        <group group_id="B1">
          <title>0 mg Memantine</title>
        </group>
        <group group_id="B2">
          <title>20 mg Memantine</title>
        </group>
        <group group_id="B3">
          <title>40 mg Memantine</title>
        </group>
        <group group_id="B4">
          <title>Total</title>
          <description>Total of all reporting groups</description>
        </group>
      </group_list>
      <analyzed_list>
        <analyzed>
          <units>Participants</units>
          <scope>Overall</scope>
          <count_list>
            <count group_id="B1" value="34"/>
            <count group_id="B2" value="37"/>
            <count group_id="B3" value="40"/>
            <count group_id="B4" value="111"/>
          </count_list>
        </analyzed>
      </analyzed_list>
      <measure_list>
        <measure>
          <title>Age</title>
          <units>Participants</units>
          <param>Count of Participants</param>
          <class_list>
            <class>
              <category_list>
                <category>
                  <title>&lt;=18 years</title>
                  <measurement_list>
                    <measurement group_id="B1" value="0"/>
                    <measurement group_id="B2" value="0"/>
                    <measurement group_id="B3" value="0"/>
                    <measurement group_id="B4" value="0"/>
                  </measurement_list>
                </category>
                <category>
                  <title>Between 18 and 65 years</title>
                  <measurement_list>
                    <measurement group_id="B1" value="34"/>
                    <measurement group_id="B2" value="37"/>
                    <measurement group_id="B3" value="40"/>
                    <measurement group_id="B4" value="111"/>
                  </measurement_list>
                </category>
                <category>
                  <title>&gt;=65 years</title>
                  <measurement_list>
                    <measurement group_id="B1" value="0"/>
                    <measurement group_id="B2" value="0"/>
                    <measurement group_id="B3" value="0"/>
                    <measurement group_id="B4" value="0"/>
                  </measurement_list>
                </category>
              </category_list>
            </class>
          </class_list>
        </measure>
        <measure>
          <title>Age</title>
          <units>years</units>
          <param>Mean</param>
          <dispersion>Standard Deviation</dispersion>
          <class_list>
            <class>
              <category_list>
                <category>
                  <measurement_list>
                    <measurement group_id="B1" value="29.1" spread="7.2"/>
                    <measurement group_id="B2" value="32.4" spread="9.3"/>
                    <measurement group_id="B3" value="31.3" spread="8.8"/>
                    <measurement group_id="B4" value="31.0" spread="8.6"/>
                  </measurement_list>
                </category>
              </category_list>
            </class>
          </class_list>
        </measure>
        <measure>
          <title>Gender</title>
          <units>Participants</units>
          <param>Count of Participants</param>
          <class_list>
            <class>
              <category_list>
                <category>
                  <title>Female</title>
                  <measurement_list>
                    <measurement group_id="B1" value="11"/>
                    <measurement group_id="B2" value="12"/>
                    <measurement group_id="B3" value="13"/>
                    <measurement group_id="B4" value="36"/>
                  </measurement_list>
                </category>
                <category>
                  <title>Male</title>
                  <measurement_list>
                    <measurement group_id="B1" value="23"/>
                    <measurement group_id="B2" value="25"/>
                    <measurement group_id="B3" value="27"/>
                    <measurement group_id="B4" value="75"/>
                  </measurement_list>
                </category>
              </category_list>
            </class>
          </class_list>
        </measure>
        <measure>
          <title>Region of Enrollment</title>
          <units>participants</units>
          <param>Number</param>
          <class_list>
            <class>
              <title>United States</title>
              <category_list>
                <category>
                  <measurement_list>
                    <measurement group_id="B1" value="34"/>
                    <measurement group_id="B2" value="37"/>
                    <measurement group_id="B3" value="40"/>
                    <measurement group_id="B4" value="111"/>
                  </measurement_list>
                </category>
              </category_list>
            </class>
          </class_list>
        </measure>
      </measure_list>
    </baseline>

    <outcome_list>
      <outcome>
        <type>Primary</type>
        <title>Number of Drinks Consumed on Day 7</title>
        <time_frame>Day 7</time_frame>
        <group_list>
          <group group_id="O1">
            <title>0 mg Memantine</title>
            <description>Participants who received placebo</description>
          </group>
          <group group_id="O2">
            <title>20 mg Memantine</title>
            <description>Participants randomized to 20 mg memantine</description>
          </group>
          <group group_id="O3">
            <title>40 mg Memantine</title>
            <description>Participants randomized to 40mg memantine</description>
          </group>
        </group_list>
        <measure>
          <title>Number of Drinks Consumed on Day 7</title>
          <units>standard drinks</units>
          <param>Mean</param>
          <dispersion>Standard Deviation</dispersion>
          <analyzed_list>
            <analyzed>
              <units>Participants</units>
              <scope>Measure</scope>
              <count_list>
                <count group_id="O1" value="31"/>
                <count group_id="O2" value="31"/>
                <count group_id="O3" value="28"/>
              </count_list>
            </analyzed>
          </analyzed_list>
          <class_list>
            <class>
              <category_list>
                <category>
                  <measurement_list>
                    <measurement group_id="O1" value="5.84" spread="3.67"/>
                    <measurement group_id="O2" value="5.61" spread="4.6"/>
                    <measurement group_id="O3" value="6.21" spread="4.61"/>
                  </measurement_list>
                </category>
              </category_list>
            </class>
          </class_list>
        </measure>
      </outcome>
      <outcome>
        <type>Secondary</type>
        <title>Stimulation and Sedation Responses to Alcohol</title>
        <time_frame>Day 7</time_frame>
      </outcome>
      <outcome>
        <type>Primary</type>
        <title>Baseline-adjusted Craving (YCS)</title>
        <description>Craving for alcohol based on Yale Craving Scale, scores ranging from 0-112 mm on a visual analog scale, with higher measurements indicating higher craving. The baseline-adjusted craving is change score from baseline at Day 7.</description>
        <time_frame>Day 7</time_frame>
        <group_list>
          <group group_id="O1">
            <title>0 mg Memantine</title>
            <description>Participants who received placebo</description>
          </group>
          <group group_id="O2">
            <title>20 mg Memantine</title>
            <description>Participants randomized to 20 mg memantine</description>
          </group>
          <group group_id="O3">
            <title>40 mg Memantine</title>
            <description>Participants randomized to 40mg memantine</description>
          </group>
        </group_list>
        <measure>
          <title>Baseline-adjusted Craving (YCS)</title>
          <description>Craving for alcohol based on Yale Craving Scale, scores ranging from 0-112 mm on a visual analog scale, with higher measurements indicating higher craving. The baseline-adjusted craving is change score from baseline at Day 7.</description>
          <units>millimeters</units>
          <param>Least Squares Mean</param>
          <dispersion>Standard Error</dispersion>
          <analyzed_list>
            <analyzed>
              <units>Participants</units>
              <scope>Measure</scope>
              <count_list>
                <count group_id="O1" value="31"/>
                <count group_id="O2" value="31"/>
                <count group_id="O3" value="28"/>
              </count_list>
            </analyzed>
          </analyzed_list>
          <class_list>
            <class>
              <category_list>
                <category>
                  <measurement_list>
                    <measurement group_id="O1" value="20.2" spread="2.16"/>
                    <measurement group_id="O2" value="14.1" spread="2.23"/>
                    <measurement group_id="O3" value="21.4" spread="2.23"/>
                  </measurement_list>
                </category>
              </category_list>
            </class>
          </class_list>
        </measure>
      </outcome>
    </outcome_list>

    <reported_events>
      <time_frame>Adverse event data was collected at baseline and during the 7 days of medication, as well as at the one week follow up</time_frame>
      <group_list>
        <group group_id="E1">
          <title>0 mg</title>
          <description>Participants who received placebo</description>
        </group>
        <group group_id="E2">
          <title>20 mg</title>
          <description>Participants randomized to 20 mg memantine</description>
        </group>
        <group group_id="E3">
          <title>40 mg</title>
          <description>Participants randomized to 40mg memantine</description>
        </group>
      </group_list>
      <serious_events>
        <category_list>
          <category>
            <title>Total</title>
            <event_list>
              <event>
                <sub_title>Total, serious adverse events</sub_title>
                <counts group_id="E1" subjects_affected="0" subjects_at_risk="34"/>
                <counts group_id="E2" subjects_affected="0" subjects_at_risk="37"/>
                <counts group_id="E3" subjects_affected="0" subjects_at_risk="40"/>
              </event>
            </event_list>
          </category>
        </category_list>
      </serious_events>
      <other_events>
        <frequency_threshold>5</frequency_threshold>
        <default_assessment>Non-systematic Assessment</default_assessment>
        <category_list>
          <category>
            <title>Total</title>
            <event_list>
              <event>
                <sub_title>Total, other adverse events</sub_title>
                <counts group_id="E1" subjects_affected="22" subjects_at_risk="34"/>
                <counts group_id="E2" subjects_affected="24" subjects_at_risk="37"/>
                <counts group_id="E3" subjects_affected="31" subjects_at_risk="40"/>
              </event>
            </event_list>
          </category>
          <category>
            <title>Gastrointestinal disorders</title>
            <event_list>
              <event>
                <sub_title>Abdominal Pain</sub_title>
                <counts group_id="E1" subjects_affected="6" subjects_at_risk="34"/>
                <counts group_id="E2" subjects_affected="2" subjects_at_risk="37"/>
                <counts group_id="E3" subjects_affected="3" subjects_at_risk="40"/>
              </event>
              <event>
                <sub_title>nausea</sub_title>
                <counts group_id="E1" subjects_affected="9" subjects_at_risk="34"/>
                <counts group_id="E2" subjects_affected="5" subjects_at_risk="37"/>
                <counts group_id="E3" subjects_affected="10" subjects_at_risk="40"/>
              </event>
              <event>
                <sub_title>vomit</sub_title>
                <counts group_id="E1" subjects_affected="5" subjects_at_risk="34"/>
                <counts group_id="E2" subjects_affected="2" subjects_at_risk="37"/>
                <counts group_id="E3" subjects_affected="0" subjects_at_risk="40"/>
              </event>
            </event_list>
          </category>
          <category>
            <title>General disorders</title>
            <event_list>
              <event>
                <sub_title>Headache</sub_title>
                <counts group_id="E1" subjects_affected="9" subjects_at_risk="34"/>
                <counts group_id="E2" subjects_affected="12" subjects_at_risk="37"/>
                <counts group_id="E3" subjects_affected="16" subjects_at_risk="40"/>
              </event>
              <event>
                <sub_title>fatigue</sub_title>
                <counts group_id="E1" subjects_affected="6" subjects_at_risk="34"/>
                <counts group_id="E2" subjects_affected="5" subjects_at_risk="37"/>
                <counts group_id="E3" subjects_affected="9" subjects_at_risk="40"/>
              </event>
            </event_list>
          </category>
          <category>
            <title>Nervous system disorders</title>
            <event_list>
              <event>
                <sub_title>Dizzy</sub_title>
                <counts group_id="E1" subjects_affected="5" subjects_at_risk="34"/>
                <counts group_id="E2" subjects_affected="3" subjects_at_risk="37"/>
                <counts group_id="E3" subjects_affected="12" subjects_at_risk="40"/>
              </event>
              <event>
                <sub_title>insomnia</sub_title>
                <counts group_id="E1" subjects_affected="2" subjects_at_risk="34"/>
                <counts group_id="E2" subjects_affected="4" subjects_at_risk="37"/>
                <counts group_id="E3" subjects_affected="7" subjects_at_risk="40"/>
              </event>
              <event>
                <sub_title>confusion</sub_title>
                <counts group_id="E1" subjects_affected="3" subjects_at_risk="34"/>
                <counts group_id="E2" subjects_affected="4" subjects_at_risk="37"/>
                <counts group_id="E3" subjects_affected="8" subjects_at_risk="40"/>
              </event>
            </event_list>
          </category>
          <category>
            <title>Psychiatric disorders</title>
            <event_list>
              <event>
                <sub_title>nervous</sub_title>
                <counts group_id="E1" subjects_affected="3" subjects_at_risk="34"/>
                <counts group_id="E2" subjects_affected="4" subjects_at_risk="37"/>
                <counts group_id="E3" subjects_affected="0" subjects_at_risk="40"/>
              </event>
            </event_list>
          </category>
        </category_list>
      </other_events>
    </reported_events>

    <certain_agreements>
      <pi_employee>Principal Investigators are NOT employed by the organization sponsoring the study.</pi_employee>
      <restrictive_agreement>There is NOT an agreement between Principal Investigators and the Sponsor (or its agents) that restricts the PI's rights to discuss or publish trial results after the trial is completed. </restrictive_agreement>
    </certain_agreements>
    <point_of_contact>
      <name_or_title>Dr. Suchitra Krishnan-Sarin, Associate Professor of Psychiatry</name_or_title>
      <organization>Yale University</organization>
      <phone>203-974-7595</phone>
      <email>suchitra.krishnan-sarin@yale.edu</email>
    </point_of_contact>
  </clinical_results>
</clinical_study>

