<?xml version="1.0" encoding="UTF-8"?>
<clinical_study rank="350">
  <!-- This xml conforms to an XML Schema at:
    https://clinicaltrials.gov/ct2/html/images/info/public.xsd -->
  <required_header>
    <download_date>ClinicalTrials.gov processed this data on August 08, 2017</download_date>
    <link_text>Link to the current ClinicalTrials.gov record.</link_text>
    <url>https://clinicaltrials.gov/show/NCT01751178</url>
  </required_header>
  <id_info>
    <org_study_id>RH01561</org_study_id>
    <nct_id>NCT01751178</nct_id>
  </id_info>
  <brief_title>An Efficacy Study of Chlorhexidine Mouthwashes</brief_title>
  <official_title>Clinical Study to Evaluate the Efficacy of Chlorhexidine Mouthwashes</official_title>
  <sponsors>
    <lead_sponsor>
      <agency>GlaxoSmithKline</agency>
      <agency_class>Industry</agency_class>
    </lead_sponsor>
  </sponsors>
  <source>GlaxoSmithKline</source>
  <oversight_info>
    <has_dmc>No</has_dmc>
  </oversight_info>
  <brief_summary>
    <textblock>
      The aim of this study is to compare subject gingival health after 6 weeks of twice daily use
      of a non-alcohol or alcohol containing mouthrinse and brushing compared to brushing only.
    </textblock>
  </brief_summary>
  <overall_status>Completed</overall_status>
  <start_date>October 2012</start_date>
  <completion_date type="Actual">March 2013</completion_date>
  <primary_completion_date type="Actual">March 2013</primary_completion_date>
  <phase>Phase 4</phase>
  <study_type>Interventional</study_type>
  <has_expanded_access>No</has_expanded_access>
  <study_design_info>
    <allocation>Randomized</allocation>
    <intervention_model>Parallel Assignment</intervention_model>
    <primary_purpose>Treatment</primary_purpose>
    <masking>Single Blind (Investigator)</masking>
  </study_design_info>
  <primary_outcome>
    <measure>Gingival Severity Index (GSI) Based on the Gingival Index (GI)</measure>
    <time_frame>Change from baseline to 6 weeks</time_frame>
    <description>Measure of gingival severity averaged across whole mouth site; each site scored 0, 1, 2, 3 based on GI and,
GSI = 0 if GI is 0 or 1 (no bleeding)
GSI = 1 if GI is 1 or 2 (bleeding)</description>
  </primary_outcome>
  <secondary_outcome>
    <measure>Gingival Index</measure>
    <time_frame>Change from baseline to 6 weeks</time_frame>
    <description>The GI was assessed on the facial and lingual surfaces at six sites on each tooth (facial and lingual - distal papillae, margin and mesial papillae). These assessments were performed on all evaluable teeth using moderate pressure sweeping a blunt ended probe, which was engaged in approximately 1 millimetre (mm) into the gingival crevice. The scores could range from 0-3 (0=Absence of inflammation; 1=Mild Inflammation-Slight change in color slight change in texture, no bleeding on probing; 2=Moderate Inflammation -glazing, redness edema and hypertrophy, bleeding on probing; 3= Severe inflammation-marked redness and hypertrophy, tendency for spontaneous bleeding)</description>
  </secondary_outcome>
  <secondary_outcome>
    <measure>Turesky Modification of Quigley &amp; Hein Plaque Index for Overall Plaque Scores</measure>
    <time_frame>Change from baseline to 6 weeks</time_frame>
    <description>Overall plaque scores were calculated taking the average over all tooth sites for a participant. The scores could range from 0-5 (0=No plaque; 1=Slight flecks of plaque at the cervical margin of the tooth; 2= A thin continuous band of plaque (1 mm or smaller) at the cervical margin of the tooth; 3=A band of plaque wider than 1 mm but covering less than 1/3 of the area to be graded of the crown of the tooth; 4=Plaque covering at least 1/3 but less than 2/3 of the area to be graded of the crown of the tooth; 5=Plaque covering 2/3 or more of the area to be graded of the crown of the tooth)</description>
  </secondary_outcome>
  <secondary_outcome>
    <measure>Turesky Modification of Quigley &amp; Hein Plaque Index for Interproximal Plaque Scores</measure>
    <time_frame>Change from baseline to 6 weeks</time_frame>
    <description>Interproximal plaque scores were analyzed on the mesiofacial, distofacial, mesiolingual and distolingual surfaces, and calculated taking the average over all tooth sites for a participant. The scores could range from 0-5 (0=No plaque; 1=Slight flecks of plaque at the cervical margin of the tooth; 2= A thin continuous band of plaque (1 mm or smaller) at the cervical margin of the tooth; 3=A band of plaque wider than 1 mm but covering less than 1/3 of the area to be graded of the crown of the tooth; 4=Plaque covering at least 1/3 but less than 2/3 of the area to be graded of the crown of the tooth; 5=Plaque covering 2/3 or more of the area to be graded of the crown of the tooth)</description>
  </secondary_outcome>
  <number_of_arms>2</number_of_arms>
  <enrollment type="Actual">324</enrollment>
  <condition>Gingivitis</condition>
  <arm_group>
    <arm_group_label>Mouthwash with Alcohol</arm_group_label>
    <arm_group_type>Active Comparator</arm_group_type>
    <description>rinse with 10ml 0.2% w/v Chlorhexidine Digluconate Mouthwash with alcohol for 1 timed minute twice daily for 6 weeks following brushing with a full brush head of standard toothpaste for 1 timed minute.</description>
  </arm_group>
  <arm_group>
    <arm_group_label>Mouthwash without Alcohol</arm_group_label>
    <arm_group_type>Active Comparator</arm_group_type>
    <description>rinse with 10ml 0.2% w/v Chlorhexidine Digluconate Mouthwash without alcohol for 1 timed minute twice daily for 6 weeks following brushing with a full brush head of standard toothpaste for 1 timed minute.</description>
  </arm_group>
  <intervention>
    <intervention_type>Drug</intervention_type>
    <intervention_name>Chlorhexidine Digluconate Mouthwash with Alcohol</intervention_name>
    <description>0.2% w/v Chlorhexidine Digluconate, alcohol containing - UK Marketed Mouthwash</description>
    <arm_group_label>Mouthwash with Alcohol</arm_group_label>
  </intervention>
  <intervention>
    <intervention_type>Drug</intervention_type>
    <intervention_name>Chlorhexidine Digluconate Mouthwash without Alcohol</intervention_name>
    <description>0.2% w/v Chlorhexidine Digluconate, without alcohol - UK Marketed Mouthwash</description>
    <arm_group_label>Mouthwash without Alcohol</arm_group_label>
  </intervention>
  <eligibility>
    <criteria>
      <textblock>
        Inclusion Criteria:

          -  Good general health with (in the opinion of the investigator) no clinically
             significant and relevant abnormalities of medical history or oral/ dental examination.

             5. a) Good oral health in the opinion of the investigator (allowing mild to moderate
             gingivitis to meet entry criteria).

             b) A minimum of 20 permanent gradable teeth at screening. (Gradable teeth are those
             where restorative materials cover less than 25% of the tooth surface graded).

             c) Mild to moderate gingivitis present at the screening visit in the opinion of the
             investigator.

             d) Positive response to bleeding on brushing exercise at screening visit. e) A total
             of 20 bleeding sites or greater at baseline visit.

        Exclusion Criteria:

          -  Known or suspected intolerance or hypersensitivity to Chlorhexidine or other study
             materials (or closely related compounds) or any of their stated ingredients.

          -  5. a) Current or relevant history of any serious, severe or unstable physical or
             psychiatric illness or any other medical condition (e.g. Diabetes Mellitus) that would
             make the subject unlikely to fully complete the study or any that increases the risk
             to the subject or undermines the data validity.

             b) Subjects requiring prophylactic antibiotic treatment prior to dental therapy.

             c) Use of concomitant medication that, in the opinion of the investigator, might
             interfere with the outcome of the study or increases the risk to the subject (eg:
             phenytoin, calcium antagonists, cyclosporine, warfarin, antibiotics,
             immuno-suppressants).

             d) Use of antibiotics within two weeks prior to the screening visit or throughout the
             study.

             e) Use of any systemic medication which would have an effect on gingival conditions
             within 14 days of gingival examinations (eg: ibuprofen or aspirin therapy) 6. a) Have
             current active caries b) More than 3 pockets with 5mm or over. c) Excessive calculus
             present that interferes with the probing examination for Gingival Index.

             d) Other severe oral/ gingival conditions (e.g. Acute Necrotizing Ulcerative
             Gingivitis) that may compromise the study or the subjects in the opinion of the
             investigator or gingivitis examiner.

             e) Medical conditions which may directly influence gingival bleeding. f) Restorations
             in a poor state of repair. g) Orthodontic appliances anterior cosmetic restorations
             and veneers. h) Enamel pitting/irregularities. 7. Subjects using chewing tobacco, pan,
             pan-masala, gutkha or other chewing tobacco products or subjects who have quit using
             any of those within the past six months prior to screening.

             8. b) An employee of any toothpaste manufacturer or their immediate family.
      </textblock>
    </criteria>
    <gender>All</gender>
    <minimum_age>18 Years</minimum_age>
    <maximum_age>64 Years</maximum_age>
    <healthy_volunteers>Accepts Healthy Volunteers</healthy_volunteers>
  </eligibility>
  <overall_official>
    <last_name>GSK Clinical Trials</last_name>
    <role>Study Director</role>
    <affiliation>GlaxoSmithKline</affiliation>
  </overall_official>
  <location>
    <facility>
      <name>Intertek 4-Front Research - Widnes</name>
      <address>
        <city>Widnes</city>
        <state>Cheshire</state>
        <zip>WA8 6PG</zip>
        <country>United Kingdom</country>
      </address>
    </facility>
  </location>
  <location>
    <facility>
      <name>4Front, Ellesmere Port</name>
      <address>
        <city>Cheshire</city>
        <zip>CH65 4BW</zip>
        <country>United Kingdom</country>
      </address>
    </facility>
  </location>
  <location>
    <facility>
      <name>Intertek - Manchester Science Park</name>
      <address>
        <city>Manchester</city>
        <zip>M15 6SE</zip>
        <country>United Kingdom</country>
      </address>
    </facility>
  </location>
  <location_countries>
    <country>United Kingdom</country>
  </location_countries>
  <verification_date>June 2014</verification_date>
  <lastchanged_date>July 3, 2014</lastchanged_date>
  <firstreceived_date>December 13, 2012</firstreceived_date>
  <firstreceived_results_date>May 1, 2014</firstreceived_results_date>
  <responsible_party>
    <responsible_party_type>Sponsor</responsible_party_type>
  </responsible_party>
  <condition_browse>
    <!-- CAUTION:  The following MeSH terms are assigned with an imperfect algorithm            -->
    <mesh_term>Gingivitis</mesh_term>
  </condition_browse>
  <intervention_browse>
    <!-- CAUTION:  The following MeSH terms are assigned with an imperfect algorithm            -->
    <mesh_term>Ethanol</mesh_term>
    <mesh_term>Chlorhexidine</mesh_term>
    <mesh_term>Chlorhexidine gluconate</mesh_term>
  </intervention_browse>

  <clinical_results>

    <participant_flow>
      <recruitment_details>Participants were recruited at the clinical site.</recruitment_details>
      <pre_assignment_details>A total of 775 subjects were screened and 324 subjects were randomised of whom 319 completed the study. The high screen failure rate was due mainly to subjects not having sufficient permanently gradable teeth.</pre_assignment_details>
      <group_list>
        <group group_id="P1">
          <title>Mouthwash With Alcohol</title>
          <description>Rinse with 10ml 0.2% w/v Chlorhexidine Digluconate Mouthwash with alcohol for 1 timed minute twice daily for 6 weeks following brushing with a full brush head of standard toothpaste for 1 timed minute.</description>
        </group>
        <group group_id="P2">
          <title>Mouthwash Without Alcohol</title>
          <description>Rinse with 10ml 0.2% w/v Chlorhexidine Digluconate Mouthwash without alcohol for 1 timed minute twice daily for 6 weeks following brushing with a full brush head of standard toothpaste for 1 timed minute.</description>
        </group>
        <group group_id="P3">
          <title>Reference</title>
          <description>Brushing alone with the standard toothpaste for one timed minute twice daily for 6 weeks.</description>
        </group>
      </group_list>
      <period_list>
        <period>
          <title>Overall Study</title>
          <milestone_list>
            <milestone>
              <title>STARTED</title>
              <participants_list>
                <participants group_id="P1" count="108"/>
                <participants group_id="P2" count="109"/>
                <participants group_id="P3" count="107"/>
              </participants_list>
            </milestone>
            <milestone>
              <title>COMPLETED</title>
              <participants_list>
                <participants group_id="P1" count="105"/>
                <participants group_id="P2" count="109"/>
                <participants group_id="P3" count="105"/>
              </participants_list>
            </milestone>
            <milestone>
              <title>NOT COMPLETED</title>
              <participants_list>
                <participants group_id="P1" count="3"/>
                <participants group_id="P2" count="0"/>
                <participants group_id="P3" count="2"/>
              </participants_list>
            </milestone>
          </milestone_list>
          <drop_withdraw_reason_list>
            <drop_withdraw_reason>
              <title>Adverse Event</title>
              <participants_list>
                <participants group_id="P1" count="2"/>
                <participants group_id="P2" count="0"/>
                <participants group_id="P3" count="0"/>
              </participants_list>
            </drop_withdraw_reason>
            <drop_withdraw_reason>
              <title>Other Reason (unknown)</title>
              <participants_list>
                <participants group_id="P1" count="1"/>
                <participants group_id="P2" count="0"/>
                <participants group_id="P3" count="2"/>
              </participants_list>
            </drop_withdraw_reason>
          </drop_withdraw_reason_list>
        </period>
      </period_list>
    </participant_flow>

    <baseline>
      <group_list>
        <group group_id="B1">
          <title>Mouthwash With Alcohol</title>
          <description>Rinse with 10ml 0.2% w/v Chlorhexidine Digluconate Mouthwash with alcohol for 1 timed minute twice daily for 6 weeks following brushing with a full brush head of standard toothpaste for 1 timed minute.</description>
        </group>
        <group group_id="B2">
          <title>Mouthwash Without Alcohol</title>
          <description>Rinse with 10ml 0.2% w/v Chlorhexidine Digluconate Mouthwash without alcohol for 1 timed minute twice daily for 6 weeks following brushing with a full brush head of standard toothpaste for 1 timed minute.</description>
        </group>
        <group group_id="B3">
          <title>Reference</title>
          <description>Brushing alone with the standard toothpaste for 1 timed minute twice daily for 6 weeks.</description>
        </group>
        <group group_id="B4">
          <title>Total</title>
          <description>Total of all reporting groups</description>
        </group>
      </group_list>
      <analyzed_list>
        <analyzed>
          <units>Participants</units>
          <scope>Overall</scope>
          <count_list>
            <count group_id="B1" value="108"/>
            <count group_id="B2" value="109"/>
            <count group_id="B3" value="107"/>
            <count group_id="B4" value="324"/>
          </count_list>
        </analyzed>
      </analyzed_list>
      <measure_list>
        <measure>
          <title>Age</title>
          <units>Years</units>
          <param>Mean</param>
          <dispersion>Standard Deviation</dispersion>
          <class_list>
            <class>
              <category_list>
                <category>
                  <measurement_list>
                    <measurement group_id="B1" value="37.8" spread="10.89"/>
                    <measurement group_id="B2" value="36.2" spread="11.31"/>
                    <measurement group_id="B3" value="36.5" spread="10.48"/>
                    <measurement group_id="B4" value="36.8" spread="10.89"/>
                  </measurement_list>
                </category>
              </category_list>
            </class>
          </class_list>
        </measure>
        <measure>
          <title>Gender</title>
          <units>Participants</units>
          <param>Number</param>
          <class_list>
            <class>
              <title>Female</title>
              <category_list>
                <category>
                  <measurement_list>
                    <measurement group_id="B1" value="85"/>
                    <measurement group_id="B2" value="79"/>
                    <measurement group_id="B3" value="75"/>
                    <measurement group_id="B4" value="239"/>
                  </measurement_list>
                </category>
              </category_list>
            </class>
            <class>
              <title>Male</title>
              <category_list>
                <category>
                  <measurement_list>
                    <measurement group_id="B1" value="23"/>
                    <measurement group_id="B2" value="30"/>
                    <measurement group_id="B3" value="32"/>
                    <measurement group_id="B4" value="85"/>
                  </measurement_list>
                </category>
              </category_list>
            </class>
          </class_list>
        </measure>
      </measure_list>
    </baseline>

    <outcome_list>
      <outcome>
        <type>Primary</type>
        <title>Gingival Severity Index (GSI) Based on the Gingival Index (GI)</title>
        <description>Measure of gingival severity averaged across whole mouth site; each site scored 0, 1, 2, 3 based on GI and,
GSI = 0 if GI is 0 or 1 (no bleeding)
GSI = 1 if GI is 1 or 2 (bleeding)</description>
        <time_frame>Change from baseline to 6 weeks</time_frame>
        <population>This analysis was conducted on the Intent-to-Treat (ITT) population, defined as those subjects who received study treatment and had at least one post-baseline efficacy measurement.</population>
        <group_list>
          <group group_id="O1">
            <title>Mouthwash With Alcohol</title>
            <description>Rinse with 10ml 0.2% w/v Chlorhexidine Digluconate Mouthwash with alcohol for 1 timed minute twice daily for 6 weeks following brushing with a full brush head of standard toothpaste for 1 timed minute.</description>
          </group>
          <group group_id="O2">
            <title>Mouthwash Without Alcohol</title>
            <description>Rinse with 10ml 0.2% w/v Chlorhexidine Digluconate Mouthwash without alcohol for 1 timed minute twice daily for 6 weeks following brushing with a full brush head of standard toothpaste for 1 timed minute.</description>
          </group>
          <group group_id="O3">
            <title>Reference</title>
            <description>Brushing alone with the standard toothpaste for 1 timed minute twice daily for 6 weeks.</description>
          </group>
        </group_list>
        <measure>
          <title>Gingival Severity Index (GSI) Based on the Gingival Index (GI)</title>
          <description>Measure of gingival severity averaged across whole mouth site; each site scored 0, 1, 2, 3 based on GI and,
GSI = 0 if GI is 0 or 1 (no bleeding)
GSI = 1 if GI is 1 or 2 (bleeding)</description>
          <population>This analysis was conducted on the Intent-to-Treat (ITT) population, defined as those subjects who received study treatment and had at least one post-baseline efficacy measurement.</population>
          <units>Units on a scale</units>
          <param>Mean</param>
          <dispersion>Standard Error</dispersion>
          <analyzed_list>
            <analyzed>
              <units>Participants</units>
              <scope>Measure</scope>
              <count_list>
                <count group_id="O1" value="105"/>
                <count group_id="O2" value="109"/>
                <count group_id="O3" value="105"/>
              </count_list>
            </analyzed>
          </analyzed_list>
          <class_list>
            <class>
              <category_list>
                <category>
                  <measurement_list>
                    <measurement group_id="O1" value="0.152" spread="0.0085"/>
                    <measurement group_id="O2" value="0.143" spread="0.0072"/>
                    <measurement group_id="O3" value="0.212" spread="0.0121"/>
                  </measurement_list>
                </category>
              </category_list>
            </class>
          </class_list>
        </measure>
        <analysis_list>
          <analysis>
            <group_id_list>
              <group_id>O1</group_id>
              <group_id>O3</group_id>
            </group_id_list>
            <groups_desc>Null hypothesis stated that there was no difference between the two groups.</groups_desc>
            <non_inferiority_type>Superiority or Other</non_inferiority_type>
            <p_value>&lt;0.0001</p_value>
            <p_value_desc>From ANCOVA with factors for treatment group, site, smoking status, number of bleeding sites strata and the baseline GSI as a covariate.</p_value_desc>
            <method>ANCOVA</method>
            <param_type>Adjusted Mean Difference</param_type>
            <param_value>-0.061</param_value>
            <ci_percent>95</ci_percent>
            <ci_n_sides>2-Sided</ci_n_sides>
            <ci_lower_limit>-0.081</ci_lower_limit>
            <ci_upper_limit>-0.041</ci_upper_limit>
            <estimate_desc>Difference is first named treatment minus second named treatment such that a negative difference favours the first named treatment.</estimate_desc>
          </analysis>
          <analysis>
            <group_id_list>
              <group_id>O2</group_id>
              <group_id>O3</group_id>
            </group_id_list>
            <groups_desc>Null hypothesis stated that there was no difference between the two treatment groups.</groups_desc>
            <non_inferiority_type>Superiority or Other</non_inferiority_type>
            <p_value>&lt;0.0001</p_value>
            <p_value_desc>From ANCOVA with factors for treatment group, site, smoking status, number of bleeding sites strata and the baseline GSI as a covariate.</p_value_desc>
            <method>ANCOVA</method>
            <param_type>Adjusted Mean Difference</param_type>
            <param_value>-0.070</param_value>
            <ci_percent>95</ci_percent>
            <ci_n_sides>2-Sided</ci_n_sides>
            <ci_lower_limit>-0.090</ci_lower_limit>
            <ci_upper_limit>-0.050</ci_upper_limit>
            <estimate_desc>Difference is first named treatment minus second named treatment such that a negative difference favours the first named treatment.</estimate_desc>
          </analysis>
        </analysis_list>
      </outcome>
      <outcome>
        <type>Secondary</type>
        <title>Gingival Index</title>
        <description>The GI was assessed on the facial and lingual surfaces at six sites on each tooth (facial and lingual - distal papillae, margin and mesial papillae). These assessments were performed on all evaluable teeth using moderate pressure sweeping a blunt ended probe, which was engaged in approximately 1 millimetre (mm) into the gingival crevice. The scores could range from 0-3 (0=Absence of inflammation; 1=Mild Inflammation-Slight change in color slight change in texture, no bleeding on probing; 2=Moderate Inflammation -glazing, redness edema and hypertrophy, bleeding on probing; 3= Severe inflammation-marked redness and hypertrophy, tendency for spontaneous bleeding)</description>
        <time_frame>Change from baseline to 6 weeks</time_frame>
        <population>This analysis was conducted on the Intent-to-Treat (ITT) population, defined as those subjects who received study treatment and had at least one post-baseline efficacy measurement.</population>
        <group_list>
          <group group_id="O1">
            <title>Mouthwash With Alcohol</title>
            <description>Rinse with 10ml 0.2% w/v Chlorhexidine Digluconate Mouthwash with alcohol for 1 timed minute twice daily for 6 weeks following brushing with a full brush head of standard toothpaste for 1 timed minute.</description>
          </group>
          <group group_id="O2">
            <title>Mouthwash Without Alcohol</title>
            <description>Rinse with 10ml 0.2% w/v Chlorhexidine Digluconate Mouthwash without alcohol for 1 timed minute twice daily for 6 weeks following brushing with a full brush head of standard toothpaste for 1 timed minute.</description>
          </group>
          <group group_id="O3">
            <title>Reference</title>
            <description>Brushing alone with the standard toothpaste for 1 timed minute twice daily for 6 weeks</description>
          </group>
        </group_list>
        <measure>
          <title>Gingival Index</title>
          <description>The GI was assessed on the facial and lingual surfaces at six sites on each tooth (facial and lingual - distal papillae, margin and mesial papillae). These assessments were performed on all evaluable teeth using moderate pressure sweeping a blunt ended probe, which was engaged in approximately 1 millimetre (mm) into the gingival crevice. The scores could range from 0-3 (0=Absence of inflammation; 1=Mild Inflammation-Slight change in color slight change in texture, no bleeding on probing; 2=Moderate Inflammation -glazing, redness edema and hypertrophy, bleeding on probing; 3= Severe inflammation-marked redness and hypertrophy, tendency for spontaneous bleeding)</description>
          <population>This analysis was conducted on the Intent-to-Treat (ITT) population, defined as those subjects who received study treatment and had at least one post-baseline efficacy measurement.</population>
          <units>Units on a scale</units>
          <param>Mean</param>
          <dispersion>Standard Error</dispersion>
          <analyzed_list>
            <analyzed>
              <units>Participants</units>
              <scope>Measure</scope>
              <count_list>
                <count group_id="O1" value="105"/>
                <count group_id="O2" value="109"/>
                <count group_id="O3" value="105"/>
              </count_list>
            </analyzed>
          </analyzed_list>
          <class_list>
            <class>
              <category_list>
                <category>
                  <measurement_list>
                    <measurement group_id="O1" value="1.12" spread="0.012"/>
                    <measurement group_id="O2" value="1.11" spread="0.010"/>
                    <measurement group_id="O3" value="1.19" spread="0.014"/>
                  </measurement_list>
                </category>
              </category_list>
            </class>
          </class_list>
        </measure>
        <analysis_list>
          <analysis>
            <group_id_list>
              <group_id>O1</group_id>
              <group_id>O3</group_id>
            </group_id_list>
            <groups_desc>Null hypothesis that there was no difference between the two treatment groups.</groups_desc>
            <non_inferiority_type>Superiority or Other</non_inferiority_type>
            <p_value>&lt;0.0001</p_value>
            <p_value_desc>From ANCOVA with factors for treatment group, site, smoking status, number of bleeding sites strata and the baseline GI as a covariate.</p_value_desc>
            <method>ANCOVA</method>
            <param_type>Adjusted Mean Difference</param_type>
            <param_value>-0.08</param_value>
            <ci_percent>95</ci_percent>
            <ci_n_sides>2-Sided</ci_n_sides>
            <ci_lower_limit>-0.10</ci_lower_limit>
            <ci_upper_limit>-0.05</ci_upper_limit>
            <estimate_desc>Difference is first named treatment minus second named treatment such that a negative difference favours the first named treatment.</estimate_desc>
          </analysis>
          <analysis>
            <group_id_list>
              <group_id>O2</group_id>
              <group_id>O3</group_id>
            </group_id_list>
            <groups_desc>Null hypothesis stated that there was no difference between the two treatment groups.</groups_desc>
            <non_inferiority_type>Superiority or Other</non_inferiority_type>
            <p_value>&lt;0.0001</p_value>
            <p_value_desc>From ANCOVA with factors for treatment group, site, smoking status, number of bleeding sites strata and the baseline GI as a covariate.</p_value_desc>
            <method>ANCOVA</method>
            <param_type>Adjusted Mean Difference</param_type>
            <param_value>-0.08</param_value>
            <ci_percent>95</ci_percent>
            <ci_n_sides>2-Sided</ci_n_sides>
            <ci_lower_limit>-0.11</ci_lower_limit>
            <ci_upper_limit>-0.06</ci_upper_limit>
            <estimate_desc>Difference is first named treatment minus second named treatment such that a negative difference favours the first named treatment.</estimate_desc>
          </analysis>
        </analysis_list>
      </outcome>
      <outcome>
        <type>Secondary</type>
        <title>Turesky Modification of Quigley &amp; Hein Plaque Index for Overall Plaque Scores</title>
        <description>Overall plaque scores were calculated taking the average over all tooth sites for a participant. The scores could range from 0-5 (0=No plaque; 1=Slight flecks of plaque at the cervical margin of the tooth; 2= A thin continuous band of plaque (1 mm or smaller) at the cervical margin of the tooth; 3=A band of plaque wider than 1 mm but covering less than 1/3 of the area to be graded of the crown of the tooth; 4=Plaque covering at least 1/3 but less than 2/3 of the area to be graded of the crown of the tooth; 5=Plaque covering 2/3 or more of the area to be graded of the crown of the tooth)</description>
        <time_frame>Change from baseline to 6 weeks</time_frame>
        <population>This analysis was conducted on the Intent-to-Treat (ITT) population, defined as those subjects who received study treatment and had at least one post-baseline efficacy measurement.</population>
        <group_list>
          <group group_id="O1">
            <title>Mouthwash With Alcohol</title>
            <description>Rinse with 10ml 0.2% w/v Chlorhexidine Digluconate Mouthwash with alcohol for 1 timed minute twice daily for 6 weeks following brushing with a full brush head of standard toothpaste for 1 timed minute.</description>
          </group>
          <group group_id="O2">
            <title>Mouthwash Without Alcohol</title>
            <description>Rinse with 10ml 0.2% w/v Chlorhexidine Digluconate Mouthwash without alcohol for 1 timed minute twice daily for 6 weeks following brushing with a full brush head of standard toothpaste for 1 timed minute.</description>
          </group>
          <group group_id="O3">
            <title>Reference</title>
            <description>Brusing alone with the standard toothpaste for one timed minute twice daily for 6 weeks.</description>
          </group>
        </group_list>
        <measure>
          <title>Turesky Modification of Quigley &amp; Hein Plaque Index for Overall Plaque Scores</title>
          <description>Overall plaque scores were calculated taking the average over all tooth sites for a participant. The scores could range from 0-5 (0=No plaque; 1=Slight flecks of plaque at the cervical margin of the tooth; 2= A thin continuous band of plaque (1 mm or smaller) at the cervical margin of the tooth; 3=A band of plaque wider than 1 mm but covering less than 1/3 of the area to be graded of the crown of the tooth; 4=Plaque covering at least 1/3 but less than 2/3 of the area to be graded of the crown of the tooth; 5=Plaque covering 2/3 or more of the area to be graded of the crown of the tooth)</description>
          <population>This analysis was conducted on the Intent-to-Treat (ITT) population, defined as those subjects who received study treatment and had at least one post-baseline efficacy measurement.</population>
          <units>Units on a scale</units>
          <param>Mean</param>
          <dispersion>Standard Error</dispersion>
          <analyzed_list>
            <analyzed>
              <units>Participants</units>
              <scope>Measure</scope>
              <count_list>
                <count group_id="O1" value="105"/>
                <count group_id="O2" value="109"/>
                <count group_id="O3" value="105"/>
              </count_list>
            </analyzed>
          </analyzed_list>
          <class_list>
            <class>
              <category_list>
                <category>
                  <measurement_list>
                    <measurement group_id="O1" value="2.50" spread="0.082"/>
                    <measurement group_id="O2" value="2.40" spread="0.084"/>
                    <measurement group_id="O3" value="3.34" spread="0.062"/>
                  </measurement_list>
                </category>
              </category_list>
            </class>
          </class_list>
        </measure>
        <analysis_list>
          <analysis>
            <group_id_list>
              <group_id>O1</group_id>
              <group_id>O3</group_id>
            </group_id_list>
            <groups_desc>Null hypothesis stated that there was no difference between the two treatment groups in Overall Plaque scores.</groups_desc>
            <non_inferiority_type>Superiority or Other</non_inferiority_type>
            <p_value>&lt;0.0001</p_value>
            <p_value_desc>From ANCOVA with factors for treatment group, site, smoking status, number of bleeding sites strata and the baseline Plaque as a covariate</p_value_desc>
            <method>ANCOVA</method>
            <param_type>Adjusted Mean Difference</param_type>
            <param_value>-0.80</param_value>
            <ci_percent>95</ci_percent>
            <ci_n_sides>2-Sided</ci_n_sides>
            <ci_lower_limit>-0.98</ci_lower_limit>
            <ci_upper_limit>-0.62</ci_upper_limit>
            <estimate_desc>Difference is first named treatment minus second named treatment such that a negative difference favours the first named treatment.</estimate_desc>
          </analysis>
          <analysis>
            <group_id_list>
              <group_id>O2</group_id>
              <group_id>O3</group_id>
            </group_id_list>
            <groups_desc>Null hypothesis stated that there was no difference between the two treatment groups in Overall Plaque Scores.</groups_desc>
            <non_inferiority_type>Superiority or Other</non_inferiority_type>
            <p_value>&lt;0.0001</p_value>
            <p_value_desc>From ANCOVA with factors for treatment group, site, smoking status, number of bleeding sites strata and the baseline Plaque as a covariate</p_value_desc>
            <method>ANCOVA</method>
            <param_type>Adusted Mean Difference</param_type>
            <param_value>-0.86</param_value>
            <ci_percent>95</ci_percent>
            <ci_n_sides>2-Sided</ci_n_sides>
            <ci_lower_limit>-1.04</ci_lower_limit>
            <ci_upper_limit>-0.68</ci_upper_limit>
            <estimate_desc>Difference is first named treatment minus second named treatment such that a negative difference favours the first named treatment.</estimate_desc>
          </analysis>
        </analysis_list>
      </outcome>
      <outcome>
        <type>Secondary</type>
        <title>Turesky Modification of Quigley &amp; Hein Plaque Index for Interproximal Plaque Scores</title>
        <description>Interproximal plaque scores were analyzed on the mesiofacial, distofacial, mesiolingual and distolingual surfaces, and calculated taking the average over all tooth sites for a participant. The scores could range from 0-5 (0=No plaque; 1=Slight flecks of plaque at the cervical margin of the tooth; 2= A thin continuous band of plaque (1 mm or smaller) at the cervical margin of the tooth; 3=A band of plaque wider than 1 mm but covering less than 1/3 of the area to be graded of the crown of the tooth; 4=Plaque covering at least 1/3 but less than 2/3 of the area to be graded of the crown of the tooth; 5=Plaque covering 2/3 or more of the area to be graded of the crown of the tooth)</description>
        <time_frame>Change from baseline to 6 weeks</time_frame>
        <population>This analysis was conducted on ITT population, defined as those subjects who received study treatment and had at least one post-baseline efficacy measurement.</population>
        <group_list>
          <group group_id="O1">
            <title>Mouthwash With Alcohol</title>
            <description>Rinse with 10ml 0.2% w/v Chlorhexidine Digluconate Mouthwash with alcohol for 1 timed minute twice daily for 6 weeks following brushing with a full brush head of standard toothpaste for 1 timed minute.</description>
          </group>
          <group group_id="O2">
            <title>Mouthwash Without Alcohol</title>
            <description>Rinse with 10ml 0.2% w/v Chlorhexidine Digluconate Mouthwash with alcohol for 1 timed minute twice daily for 6 weeks following brushing with a full brush head of standard toothpaste for 1 timed minute.</description>
          </group>
          <group group_id="O3">
            <title>Reference</title>
            <description>Brushing alone with the standard toothpaste for one timed minute twice daily for 6 weeks.</description>
          </group>
        </group_list>
        <measure>
          <title>Turesky Modification of Quigley &amp; Hein Plaque Index for Interproximal Plaque Scores</title>
          <description>Interproximal plaque scores were analyzed on the mesiofacial, distofacial, mesiolingual and distolingual surfaces, and calculated taking the average over all tooth sites for a participant. The scores could range from 0-5 (0=No plaque; 1=Slight flecks of plaque at the cervical margin of the tooth; 2= A thin continuous band of plaque (1 mm or smaller) at the cervical margin of the tooth; 3=A band of plaque wider than 1 mm but covering less than 1/3 of the area to be graded of the crown of the tooth; 4=Plaque covering at least 1/3 but less than 2/3 of the area to be graded of the crown of the tooth; 5=Plaque covering 2/3 or more of the area to be graded of the crown of the tooth)</description>
          <population>This analysis was conducted on ITT population, defined as those subjects who received study treatment and had at least one post-baseline efficacy measurement.</population>
          <units>Units on a scale</units>
          <param>Mean</param>
          <dispersion>Standard Error</dispersion>
          <analyzed_list>
            <analyzed>
              <units>Participants</units>
              <scope>Measure</scope>
              <count_list>
                <count group_id="O1" value="105"/>
                <count group_id="O2" value="109"/>
                <count group_id="O3" value="105"/>
              </count_list>
            </analyzed>
          </analyzed_list>
          <class_list>
            <class>
              <category_list>
                <category>
                  <measurement_list>
                    <measurement group_id="O1" value="2.77" spread="0.090"/>
                    <measurement group_id="O2" value="2.63" spread="0.091"/>
                    <measurement group_id="O3" value="3.69" spread="0.065"/>
                  </measurement_list>
                </category>
              </category_list>
            </class>
          </class_list>
        </measure>
        <analysis_list>
          <analysis>
            <group_id_list>
              <group_id>O1</group_id>
              <group_id>O3</group_id>
            </group_id_list>
            <groups_desc>Null hypotheses stated that there was no difference between the two treatments.</groups_desc>
            <non_inferiority_type>Superiority or Other</non_inferiority_type>
            <p_value>&lt;0.0001</p_value>
            <p_value_desc>From ANCOVA with factors for treatment group, site, smoking status, number of bleeding sites strata and the baseline Plaque as a covariate</p_value_desc>
            <method>ANCOVA</method>
            <param_type>Adjusted Mean Difference</param_type>
            <param_value>-0.88</param_value>
            <ci_percent>95</ci_percent>
            <ci_n_sides>2-Sided</ci_n_sides>
            <ci_lower_limit>-1.07</ci_lower_limit>
            <ci_upper_limit>-0.69</ci_upper_limit>
            <estimate_desc>Difference is first named treatment minus second named treatment such that a negative difference favours the first named treatment.</estimate_desc>
          </analysis>
          <analysis>
            <group_id_list>
              <group_id>O1</group_id>
              <group_id>O2</group_id>
            </group_id_list>
            <groups_desc>Null hypotheses stated that there was no difference between the two groups.</groups_desc>
            <non_inferiority_type>Superiority or Other</non_inferiority_type>
            <p_value>&lt;0.0001</p_value>
            <p_value_desc>From ANCOVA with factors for treatment group, site, smoking status, number of bleeding sites strata and the baseline Plaque as a covariate</p_value_desc>
            <method>ANCOVA</method>
            <param_type>Adjusted Mean Difference</param_type>
            <param_value>-0.97</param_value>
            <ci_percent>95</ci_percent>
            <ci_n_sides>2-Sided</ci_n_sides>
            <ci_lower_limit>-1.16</ci_lower_limit>
            <ci_upper_limit>-0.78</ci_upper_limit>
            <estimate_desc>Difference is first named treatment minus second named treatment such that a negative difference favours the first named treatment.</estimate_desc>
          </analysis>
        </analysis_list>
      </outcome>
    </outcome_list>

    <reported_events>
      <time_frame>Adverse Events (AEs) and serious AEs were collected from the start of the washout product at visit 1, and until five days following last administration of the investigational product.</time_frame>
      <desc>The sum of number of participants affected is more than the total number affected, because multiple occurrances of an event was counted only once in a participant.</desc>
      <group_list>
        <group group_id="E1">
          <title>Mouthwash With Alcohol</title>
          <description>Rinse with 10ml 0.2% w/v Chlorhexidine Digluconate Mouthwash with alcohol for 1 timed minute twice daily for 6 weeks following brushing with a full brush head of standard toothpaste for 1 timed minute.</description>
        </group>
        <group group_id="E2">
          <title>Mouthwash Without Alcohol</title>
          <description>Rinse with 10ml 0.2% w/v Chlorhexidine Digluconate Mouthwash without alcohol for 1 timed minute twice daily for 6 weeks following brushing with a full brush head of standard toothpaste for 1 timed minute.</description>
        </group>
        <group group_id="E3">
          <title>Reference</title>
          <description>Brushing alone with the standard toothpaste for one timed minute twice daily for 6 weeks.</description>
        </group>
      </group_list>
      <serious_events>
        <default_vocab>MedDRA</default_vocab>
        <default_assessment>Systematic Assessment</default_assessment>
        <category_list>
          <category>
            <title>Total</title>
            <event_list>
              <event>
                <sub_title>Total, serious adverse events</sub_title>
                <counts group_id="E1" subjects_affected="0" subjects_at_risk="108"/>
                <counts group_id="E2" subjects_affected="1" subjects_at_risk="109"/>
                <counts group_id="E3" subjects_affected="0" subjects_at_risk="107"/>
              </event>
            </event_list>
          </category>
          <category>
            <title>Infections and infestations</title>
            <event_list>
              <event>
                <sub_title>Cellulitis left thigh</sub_title>
                <counts group_id="E1" events="0" subjects_affected="0" subjects_at_risk="108"/>
                <counts group_id="E2" events="1" subjects_affected="1" subjects_at_risk="109"/>
                <counts group_id="E3" events="0" subjects_affected="0" subjects_at_risk="107"/>
              </event>
            </event_list>
          </category>
        </category_list>
      </serious_events>
      <other_events>
        <frequency_threshold>0</frequency_threshold>
        <default_vocab>MedDRA</default_vocab>
        <default_assessment>Systematic Assessment</default_assessment>
        <category_list>
          <category>
            <title>Total</title>
            <event_list>
              <event>
                <sub_title>Total, other adverse events</sub_title>
                <counts group_id="E1" subjects_affected="67" subjects_at_risk="108"/>
                <counts group_id="E2" subjects_affected="60" subjects_at_risk="109"/>
                <counts group_id="E3" subjects_affected="47" subjects_at_risk="107"/>
              </event>
            </event_list>
          </category>
          <category>
            <title>Ear and labyrinth disorders</title>
            <event_list>
              <event>
                <sub_title>Otorrhoea</sub_title>
                <counts group_id="E1" events="2" subjects_affected="1" subjects_at_risk="108"/>
                <counts group_id="E2" events="0" subjects_affected="0" subjects_at_risk="109"/>
                <counts group_id="E3" events="0" subjects_affected="0" subjects_at_risk="107"/>
              </event>
              <event>
                <sub_title>Ear pain</sub_title>
                <counts group_id="E1" events="1" subjects_affected="1" subjects_at_risk="108"/>
                <counts group_id="E2" events="0" subjects_affected="0" subjects_at_risk="109"/>
                <counts group_id="E3" events="0" subjects_affected="0" subjects_at_risk="107"/>
              </event>
            </event_list>
          </category>
          <category>
            <title>Eye disorders</title>
            <event_list>
              <event>
                <sub_title>Eczema eyelids</sub_title>
                <counts group_id="E1" events="0" subjects_affected="0" subjects_at_risk="108"/>
                <counts group_id="E2" events="1" subjects_affected="1" subjects_at_risk="109"/>
                <counts group_id="E3" events="0" subjects_affected="0" subjects_at_risk="107"/>
              </event>
              <event>
                <sub_title>Eye inflammation</sub_title>
                <counts group_id="E1" events="0" subjects_affected="0" subjects_at_risk="108"/>
                <counts group_id="E2" events="1" subjects_affected="1" subjects_at_risk="109"/>
                <counts group_id="E3" events="0" subjects_affected="0" subjects_at_risk="107"/>
              </event>
            </event_list>
          </category>
          <category>
            <title>Gastrointestinal disorders</title>
            <event_list>
              <event>
                <sub_title>Tongue coated</sub_title>
                <counts group_id="E1" events="13" subjects_affected="13" subjects_at_risk="108"/>
                <counts group_id="E2" events="8" subjects_affected="8" subjects_at_risk="109"/>
                <counts group_id="E3" events="2" subjects_affected="2" subjects_at_risk="107"/>
              </event>
              <event>
                <sub_title>Glossodynia</sub_title>
                <counts group_id="E1" events="5" subjects_affected="5" subjects_at_risk="108"/>
                <counts group_id="E2" events="9" subjects_affected="9" subjects_at_risk="109"/>
                <counts group_id="E3" events="0" subjects_affected="0" subjects_at_risk="107"/>
              </event>
              <event>
                <sub_title>Paraesthesia oral</sub_title>
                <counts group_id="E1" events="6" subjects_affected="5" subjects_at_risk="108"/>
                <counts group_id="E2" events="6" subjects_affected="6" subjects_at_risk="109"/>
                <counts group_id="E3" events="0" subjects_affected="0" subjects_at_risk="107"/>
              </event>
              <event>
                <sub_title>Mouth ulceration</sub_title>
                <counts group_id="E1" events="5" subjects_affected="3" subjects_at_risk="108"/>
                <counts group_id="E2" events="2" subjects_affected="2" subjects_at_risk="109"/>
                <counts group_id="E3" events="3" subjects_affected="3" subjects_at_risk="107"/>
              </event>
              <event>
                <sub_title>Dry mouth</sub_title>
                <counts group_id="E1" events="4" subjects_affected="4" subjects_at_risk="108"/>
                <counts group_id="E2" events="5" subjects_affected="5" subjects_at_risk="109"/>
                <counts group_id="E3" events="0" subjects_affected="0" subjects_at_risk="107"/>
              </event>
              <event>
                <sub_title>Hypoaesthesia oral</sub_title>
                <counts group_id="E1" events="2" subjects_affected="2" subjects_at_risk="108"/>
                <counts group_id="E2" events="6" subjects_affected="5" subjects_at_risk="109"/>
                <counts group_id="E3" events="0" subjects_affected="0" subjects_at_risk="107"/>
              </event>
              <event>
                <sub_title>Sensitivity of teeth</sub_title>
                <counts group_id="E1" events="1" subjects_affected="1" subjects_at_risk="108"/>
                <counts group_id="E2" events="4" subjects_affected="4" subjects_at_risk="109"/>
                <counts group_id="E3" events="1" subjects_affected="1" subjects_at_risk="107"/>
              </event>
              <event>
                <sub_title>Gingival bleeding</sub_title>
                <counts group_id="E1" events="0" subjects_affected="0" subjects_at_risk="108"/>
                <counts group_id="E2" events="1" subjects_affected="1" subjects_at_risk="109"/>
                <counts group_id="E3" events="3" subjects_affected="1" subjects_at_risk="107"/>
              </event>
              <event>
                <sub_title>Oral discomfort</sub_title>
                <counts group_id="E1" events="1" subjects_affected="1" subjects_at_risk="108"/>
                <counts group_id="E2" events="3" subjects_affected="3" subjects_at_risk="109"/>
                <counts group_id="E3" events="0" subjects_affected="0" subjects_at_risk="107"/>
              </event>
              <event>
                <sub_title>Lip ulceration</sub_title>
                <counts group_id="E1" events="2" subjects_affected="2" subjects_at_risk="108"/>
                <counts group_id="E2" events="0" subjects_affected="0" subjects_at_risk="109"/>
                <counts group_id="E3" events="1" subjects_affected="1" subjects_at_risk="107"/>
              </event>
              <event>
                <sub_title>Gingival pain</sub_title>
                <counts group_id="E1" events="0" subjects_affected="0" subjects_at_risk="108"/>
                <counts group_id="E2" events="2" subjects_affected="2" subjects_at_risk="109"/>
                <counts group_id="E3" events="0" subjects_affected="0" subjects_at_risk="107"/>
              </event>
              <event>
                <sub_title>Oral mucosal exfoliation</sub_title>
                <counts group_id="E1" events="1" subjects_affected="1" subjects_at_risk="108"/>
                <counts group_id="E2" events="1" subjects_affected="1" subjects_at_risk="109"/>
                <counts group_id="E3" events="0" subjects_affected="0" subjects_at_risk="107"/>
              </event>
              <event>
                <sub_title>Tongue disorder</sub_title>
                <counts group_id="E1" events="2" subjects_affected="2" subjects_at_risk="108"/>
                <counts group_id="E2" events="0" subjects_affected="0" subjects_at_risk="109"/>
                <counts group_id="E3" events="0" subjects_affected="0" subjects_at_risk="107"/>
              </event>
              <event>
                <sub_title>Tongue ulceration</sub_title>
                <counts group_id="E1" events="1" subjects_affected="1" subjects_at_risk="108"/>
                <counts group_id="E2" events="1" subjects_affected="1" subjects_at_risk="109"/>
                <counts group_id="E3" events="0" subjects_affected="0" subjects_at_risk="107"/>
              </event>
              <event>
                <sub_title>Chapped lips</sub_title>
                <counts group_id="E1" events="1" subjects_affected="1" subjects_at_risk="108"/>
                <counts group_id="E2" events="0" subjects_affected="0" subjects_at_risk="109"/>
                <counts group_id="E3" events="0" subjects_affected="0" subjects_at_risk="107"/>
              </event>
              <event>
                <sub_title>Dental caries</sub_title>
                <counts group_id="E1" events="0" subjects_affected="0" subjects_at_risk="108"/>
                <counts group_id="E2" events="0" subjects_affected="0" subjects_at_risk="109"/>
                <counts group_id="E3" events="1" subjects_affected="1" subjects_at_risk="107"/>
              </event>
              <event>
                <sub_title>Enlarged uvula</sub_title>
                <counts group_id="E1" events="1" subjects_affected="1" subjects_at_risk="108"/>
                <counts group_id="E2" events="0" subjects_affected="0" subjects_at_risk="109"/>
                <counts group_id="E3" events="0" subjects_affected="0" subjects_at_risk="107"/>
              </event>
              <event>
                <sub_title>Gingival blister</sub_title>
                <counts group_id="E1" events="1" subjects_affected="1" subjects_at_risk="108"/>
                <counts group_id="E2" events="0" subjects_affected="0" subjects_at_risk="109"/>
                <counts group_id="E3" events="0" subjects_affected="0" subjects_at_risk="107"/>
              </event>
              <event>
                <sub_title>Gingival inflammation</sub_title>
                <counts group_id="E1" events="1" subjects_affected="1" subjects_at_risk="108"/>
                <counts group_id="E2" events="0" subjects_affected="0" subjects_at_risk="109"/>
                <counts group_id="E3" events="0" subjects_affected="0" subjects_at_risk="107"/>
              </event>
              <event>
                <sub_title>Lip dry</sub_title>
                <counts group_id="E1" events="0" subjects_affected="0" subjects_at_risk="108"/>
                <counts group_id="E2" events="0" subjects_affected="0" subjects_at_risk="109"/>
                <counts group_id="E3" events="1" subjects_affected="1" subjects_at_risk="107"/>
              </event>
              <event>
                <sub_title>Tongue dry</sub_title>
                <counts group_id="E1" events="1" subjects_affected="1" subjects_at_risk="108"/>
                <counts group_id="E2" events="0" subjects_affected="0" subjects_at_risk="109"/>
                <counts group_id="E3" events="0" subjects_affected="0" subjects_at_risk="107"/>
              </event>
              <event>
                <sub_title>Tooth disorder</sub_title>
                <counts group_id="E1" events="0" subjects_affected="0" subjects_at_risk="108"/>
                <counts group_id="E2" events="1" subjects_affected="1" subjects_at_risk="109"/>
                <counts group_id="E3" events="0" subjects_affected="0" subjects_at_risk="107"/>
              </event>
              <event>
                <sub_title>Toothache</sub_title>
                <counts group_id="E1" events="1" subjects_affected="1" subjects_at_risk="108"/>
                <counts group_id="E2" events="0" subjects_affected="0" subjects_at_risk="109"/>
                <counts group_id="E3" events="0" subjects_affected="0" subjects_at_risk="107"/>
              </event>
              <event>
                <sub_title>Vomiting</sub_title>
                <counts group_id="E1" events="1" subjects_affected="1" subjects_at_risk="108"/>
                <counts group_id="E2" events="4" subjects_affected="4" subjects_at_risk="109"/>
                <counts group_id="E3" events="1" subjects_affected="1" subjects_at_risk="107"/>
              </event>
              <event>
                <sub_title>Diarrhoea</sub_title>
                <counts group_id="E1" events="1" subjects_affected="1" subjects_at_risk="108"/>
                <counts group_id="E2" events="2" subjects_affected="2" subjects_at_risk="109"/>
                <counts group_id="E3" events="1" subjects_affected="1" subjects_at_risk="107"/>
              </event>
              <event>
                <sub_title>Abdominal pain upper</sub_title>
                <counts group_id="E1" events="1" subjects_affected="1" subjects_at_risk="108"/>
                <counts group_id="E2" events="0" subjects_affected="0" subjects_at_risk="109"/>
                <counts group_id="E3" events="0" subjects_affected="0" subjects_at_risk="107"/>
              </event>
              <event>
                <sub_title>Nausea</sub_title>
                <counts group_id="E1" events="0" subjects_affected="0" subjects_at_risk="108"/>
                <counts group_id="E2" events="1" subjects_affected="1" subjects_at_risk="109"/>
                <counts group_id="E3" events="0" subjects_affected="0" subjects_at_risk="107"/>
              </event>
            </event_list>
          </category>
          <category>
            <title>General disorders</title>
            <event_list>
              <event>
                <sub_title>Pyrexia</sub_title>
                <counts group_id="E1" events="0" subjects_affected="0" subjects_at_risk="108"/>
                <counts group_id="E2" events="0" subjects_affected="0" subjects_at_risk="109"/>
                <counts group_id="E3" events="2" subjects_affected="2" subjects_at_risk="107"/>
              </event>
              <event>
                <sub_title>Chills</sub_title>
                <counts group_id="E1" events="0" subjects_affected="0" subjects_at_risk="108"/>
                <counts group_id="E2" events="1" subjects_affected="1" subjects_at_risk="109"/>
                <counts group_id="E3" events="0" subjects_affected="0" subjects_at_risk="107"/>
              </event>
            </event_list>
          </category>
          <category>
            <title>Infections and infestations</title>
            <event_list>
              <event>
                <sub_title>Upper respiratory tract infection</sub_title>
                <counts group_id="E1" events="11" subjects_affected="11" subjects_at_risk="108"/>
                <counts group_id="E2" events="9" subjects_affected="9" subjects_at_risk="109"/>
                <counts group_id="E3" events="9" subjects_affected="9" subjects_at_risk="107"/>
              </event>
              <event>
                <sub_title>Oral herpes</sub_title>
                <counts group_id="E1" events="1" subjects_affected="1" subjects_at_risk="108"/>
                <counts group_id="E2" events="2" subjects_affected="2" subjects_at_risk="109"/>
                <counts group_id="E3" events="5" subjects_affected="5" subjects_at_risk="107"/>
              </event>
              <event>
                <sub_title>Tonsillitis</sub_title>
                <counts group_id="E1" events="2" subjects_affected="2" subjects_at_risk="108"/>
                <counts group_id="E2" events="0" subjects_affected="0" subjects_at_risk="109"/>
                <counts group_id="E3" events="1" subjects_affected="1" subjects_at_risk="107"/>
              </event>
              <event>
                <sub_title>Gingival Abscess</sub_title>
                <counts group_id="E1" events="1" subjects_affected="1" subjects_at_risk="108"/>
                <counts group_id="E2" events="0" subjects_affected="0" subjects_at_risk="109"/>
                <counts group_id="E3" events="0" subjects_affected="0" subjects_at_risk="107"/>
              </event>
              <event>
                <sub_title>Pharyngitis</sub_title>
                <counts group_id="E1" events="0" subjects_affected="0" subjects_at_risk="108"/>
                <counts group_id="E2" events="0" subjects_affected="0" subjects_at_risk="109"/>
                <counts group_id="E3" events="1" subjects_affected="1" subjects_at_risk="107"/>
              </event>
              <event>
                <sub_title>Tongue injury</sub_title>
                <counts group_id="E1" events="0" subjects_affected="0" subjects_at_risk="108"/>
                <counts group_id="E2" events="0" subjects_affected="0" subjects_at_risk="109"/>
                <counts group_id="E3" events="1" subjects_affected="1" subjects_at_risk="107"/>
              </event>
              <event>
                <sub_title>Tooth abscess</sub_title>
                <counts group_id="E1" events="0" subjects_affected="0" subjects_at_risk="108"/>
                <counts group_id="E2" events="0" subjects_affected="0" subjects_at_risk="109"/>
                <counts group_id="E3" events="1" subjects_affected="1" subjects_at_risk="107"/>
              </event>
              <event>
                <sub_title>Sinusitis</sub_title>
                <counts group_id="E1" events="1" subjects_affected="1" subjects_at_risk="108"/>
                <counts group_id="E2" events="0" subjects_affected="0" subjects_at_risk="109"/>
                <counts group_id="E3" events="2" subjects_affected="1" subjects_at_risk="107"/>
              </event>
              <event>
                <sub_title>Cellulitis</sub_title>
                <counts group_id="E1" events="0" subjects_affected="0" subjects_at_risk="108"/>
                <counts group_id="E2" events="1" subjects_affected="1" subjects_at_risk="109"/>
                <counts group_id="E3" events="0" subjects_affected="0" subjects_at_risk="107"/>
              </event>
              <event>
                <sub_title>Fungal skin infection</sub_title>
                <counts group_id="E1" events="0" subjects_affected="0" subjects_at_risk="108"/>
                <counts group_id="E2" events="0" subjects_affected="0" subjects_at_risk="109"/>
                <counts group_id="E3" events="1" subjects_affected="1" subjects_at_risk="107"/>
              </event>
              <event>
                <sub_title>Gastroenteritis norovirus</sub_title>
                <counts group_id="E1" events="0" subjects_affected="0" subjects_at_risk="108"/>
                <counts group_id="E2" events="0" subjects_affected="0" subjects_at_risk="109"/>
                <counts group_id="E3" events="1" subjects_affected="1" subjects_at_risk="107"/>
              </event>
              <event>
                <sub_title>Herpes virus infection</sub_title>
                <counts group_id="E1" events="0" subjects_affected="0" subjects_at_risk="108"/>
                <counts group_id="E2" events="1" subjects_affected="1" subjects_at_risk="109"/>
                <counts group_id="E3" events="0" subjects_affected="0" subjects_at_risk="107"/>
              </event>
              <event>
                <sub_title>Laryngitis</sub_title>
                <counts group_id="E1" events="0" subjects_affected="0" subjects_at_risk="108"/>
                <counts group_id="E2" events="1" subjects_affected="1" subjects_at_risk="109"/>
                <counts group_id="E3" events="0" subjects_affected="0" subjects_at_risk="107"/>
              </event>
              <event>
                <sub_title>Vulvovaginal candidiasis</sub_title>
                <counts group_id="E1" events="0" subjects_affected="0" subjects_at_risk="108"/>
                <counts group_id="E2" events="1" subjects_affected="1" subjects_at_risk="109"/>
                <counts group_id="E3" events="0" subjects_affected="0" subjects_at_risk="107"/>
              </event>
            </event_list>
          </category>
          <category>
            <title>Injury, poisoning and procedural complications</title>
            <event_list>
              <event>
                <sub_title>Mouth injury</sub_title>
                <counts group_id="E1" events="4" subjects_affected="4" subjects_at_risk="108"/>
                <counts group_id="E2" events="1" subjects_affected="1" subjects_at_risk="109"/>
                <counts group_id="E3" events="2" subjects_affected="2" subjects_at_risk="107"/>
              </event>
              <event>
                <sub_title>Gingival injury</sub_title>
                <counts group_id="E1" events="1" subjects_affected="1" subjects_at_risk="108"/>
                <counts group_id="E2" events="2" subjects_affected="2" subjects_at_risk="109"/>
                <counts group_id="E3" events="0" subjects_affected="0" subjects_at_risk="107"/>
              </event>
              <event>
                <sub_title>Lip injury</sub_title>
                <counts group_id="E1" events="0" subjects_affected="0" subjects_at_risk="108"/>
                <counts group_id="E2" events="0" subjects_affected="0" subjects_at_risk="109"/>
                <counts group_id="E3" events="2" subjects_affected="2" subjects_at_risk="107"/>
              </event>
              <event>
                <sub_title>Thermal burn</sub_title>
                <counts group_id="E1" events="1" subjects_affected="1" subjects_at_risk="108"/>
                <counts group_id="E2" events="1" subjects_affected="1" subjects_at_risk="109"/>
                <counts group_id="E3" events="0" subjects_affected="0" subjects_at_risk="107"/>
              </event>
              <event>
                <sub_title>Tooth fracture</sub_title>
                <counts group_id="E1" events="2" subjects_affected="2" subjects_at_risk="108"/>
                <counts group_id="E2" events="0" subjects_affected="0" subjects_at_risk="109"/>
                <counts group_id="E3" events="0" subjects_affected="0" subjects_at_risk="107"/>
              </event>
              <event>
                <sub_title>Traumatic ulcer</sub_title>
                <counts group_id="E1" events="1" subjects_affected="1" subjects_at_risk="108"/>
                <counts group_id="E2" events="1" subjects_affected="1" subjects_at_risk="109"/>
                <counts group_id="E3" events="0" subjects_affected="0" subjects_at_risk="107"/>
              </event>
              <event>
                <sub_title>Joint dislocation</sub_title>
                <counts group_id="E1" events="1" subjects_affected="1" subjects_at_risk="108"/>
                <counts group_id="E2" events="0" subjects_affected="0" subjects_at_risk="109"/>
                <counts group_id="E3" events="0" subjects_affected="0" subjects_at_risk="107"/>
              </event>
              <event>
                <sub_title>Limb Injury</sub_title>
                <counts group_id="E1" events="0" subjects_affected="0" subjects_at_risk="108"/>
                <counts group_id="E2" events="1" subjects_affected="1" subjects_at_risk="109"/>
                <counts group_id="E3" events="0" subjects_affected="0" subjects_at_risk="107"/>
              </event>
              <event>
                <sub_title>Post-traumatic neck syndrome</sub_title>
                <counts group_id="E1" events="0" subjects_affected="0" subjects_at_risk="108"/>
                <counts group_id="E2" events="1" subjects_affected="1" subjects_at_risk="109"/>
                <counts group_id="E3" events="0" subjects_affected="0" subjects_at_risk="107"/>
              </event>
              <event>
                <sub_title>Procedural pain</sub_title>
                <counts group_id="E1" events="1" subjects_affected="1" subjects_at_risk="108"/>
                <counts group_id="E2" events="0" subjects_affected="0" subjects_at_risk="109"/>
                <counts group_id="E3" events="0" subjects_affected="0" subjects_at_risk="107"/>
              </event>
            </event_list>
          </category>
          <category>
            <title>Investigations</title>
            <event_list>
              <event>
                <sub_title>Colposcopy abnormal</sub_title>
                <counts group_id="E1" events="1" subjects_affected="1" subjects_at_risk="108"/>
                <counts group_id="E2" events="0" subjects_affected="0" subjects_at_risk="109"/>
                <counts group_id="E3" events="0" subjects_affected="0" subjects_at_risk="107"/>
              </event>
            </event_list>
          </category>
          <category>
            <title>Musculoskeletal and connective tissue disorders</title>
            <event_list>
              <event>
                <sub_title>Back pain</sub_title>
                <counts group_id="E1" events="2" subjects_affected="2" subjects_at_risk="108"/>
                <counts group_id="E2" events="4" subjects_affected="3" subjects_at_risk="109"/>
                <counts group_id="E3" events="2" subjects_affected="2" subjects_at_risk="107"/>
              </event>
              <event>
                <sub_title>Neck pain</sub_title>
                <counts group_id="E1" events="1" subjects_affected="1" subjects_at_risk="108"/>
                <counts group_id="E2" events="1" subjects_affected="1" subjects_at_risk="109"/>
                <counts group_id="E3" events="0" subjects_affected="0" subjects_at_risk="107"/>
              </event>
              <event>
                <sub_title>Joint swelling</sub_title>
                <counts group_id="E1" events="1" subjects_affected="1" subjects_at_risk="108"/>
                <counts group_id="E2" events="0" subjects_affected="0" subjects_at_risk="109"/>
                <counts group_id="E3" events="0" subjects_affected="0" subjects_at_risk="107"/>
              </event>
              <event>
                <sub_title>Myalgia</sub_title>
                <counts group_id="E1" events="1" subjects_affected="1" subjects_at_risk="108"/>
                <counts group_id="E2" events="0" subjects_affected="0" subjects_at_risk="109"/>
                <counts group_id="E3" events="0" subjects_affected="0" subjects_at_risk="107"/>
              </event>
            </event_list>
          </category>
          <category>
            <title>Nervous system disorders</title>
            <event_list>
              <event>
                <sub_title>Headache</sub_title>
                <counts group_id="E1" events="32" subjects_affected="19" subjects_at_risk="108"/>
                <counts group_id="E2" events="30" subjects_affected="14" subjects_at_risk="109"/>
                <counts group_id="E3" events="19" subjects_affected="13" subjects_at_risk="107"/>
              </event>
              <event>
                <sub_title>Ageusia</sub_title>
                <counts group_id="E1" events="3" subjects_affected="3" subjects_at_risk="108"/>
                <counts group_id="E2" events="7" subjects_affected="6" subjects_at_risk="109"/>
                <counts group_id="E3" events="0" subjects_affected="0" subjects_at_risk="107"/>
              </event>
              <event>
                <sub_title>Dysgeusia</sub_title>
                <counts group_id="E1" events="6" subjects_affected="6" subjects_at_risk="108"/>
                <counts group_id="E2" events="1" subjects_affected="1" subjects_at_risk="109"/>
                <counts group_id="E3" events="0" subjects_affected="0" subjects_at_risk="107"/>
              </event>
              <event>
                <sub_title>Migraine</sub_title>
                <counts group_id="E1" events="1" subjects_affected="1" subjects_at_risk="108"/>
                <counts group_id="E2" events="0" subjects_affected="0" subjects_at_risk="109"/>
                <counts group_id="E3" events="1" subjects_affected="1" subjects_at_risk="107"/>
              </event>
            </event_list>
          </category>
          <category>
            <title>Psychiatric disorders</title>
            <event_list>
              <event>
                <sub_title>Anxiety</sub_title>
                <counts group_id="E1" events="0" subjects_affected="0" subjects_at_risk="108"/>
                <counts group_id="E2" events="0" subjects_affected="0" subjects_at_risk="109"/>
                <counts group_id="E3" events="1" subjects_affected="1" subjects_at_risk="107"/>
              </event>
              <event>
                <sub_title>Depression</sub_title>
                <counts group_id="E1" events="0" subjects_affected="0" subjects_at_risk="108"/>
                <counts group_id="E2" events="0" subjects_affected="0" subjects_at_risk="109"/>
                <counts group_id="E3" events="1" subjects_affected="1" subjects_at_risk="107"/>
              </event>
            </event_list>
          </category>
          <category>
            <title>Reproductive system and breast disorders</title>
            <event_list>
              <event>
                <sub_title>Dysmenorrhoea</sub_title>
                <counts group_id="E1" events="2" subjects_affected="1" subjects_at_risk="108"/>
                <counts group_id="E2" events="1" subjects_affected="1" subjects_at_risk="109"/>
                <counts group_id="E3" events="4" subjects_affected="4" subjects_at_risk="107"/>
              </event>
              <event>
                <sub_title>Oropharyngeal pain</sub_title>
                <counts group_id="E1" events="3" subjects_affected="3" subjects_at_risk="108"/>
                <counts group_id="E2" events="1" subjects_affected="1" subjects_at_risk="109"/>
                <counts group_id="E3" events="1" subjects_affected="1" subjects_at_risk="107"/>
              </event>
            </event_list>
          </category>
          <category>
            <title>Respiratory, thoracic and mediastinal disorders</title>
            <event_list>
              <event>
                <sub_title>Cough</sub_title>
                <counts group_id="E1" events="1" subjects_affected="1" subjects_at_risk="108"/>
                <counts group_id="E2" events="1" subjects_affected="1" subjects_at_risk="109"/>
                <counts group_id="E3" events="3" subjects_affected="3" subjects_at_risk="107"/>
              </event>
              <event>
                <sub_title>Sneezing</sub_title>
                <counts group_id="E1" events="0" subjects_affected="0" subjects_at_risk="108"/>
                <counts group_id="E2" events="0" subjects_affected="0" subjects_at_risk="109"/>
                <counts group_id="E3" events="1" subjects_affected="1" subjects_at_risk="107"/>
              </event>
            </event_list>
          </category>
        </category_list>
      </other_events>
    </reported_events>

    <certain_agreements>
      <pi_employee>Principal Investigators are NOT employed by the organization sponsoring the study.</pi_employee>
      <restrictive_agreement>GSK agreements may vary with individual investigators, but will not prohibit any investigator from publishing. GSK supports the publication of results from all centers of a multi-center trial but requests that reports based on single-site data not precede the primary publication of the entire clinical trial.</restrictive_agreement>
    </certain_agreements>
    <point_of_contact>
      <name_or_title>GSK Response Center</name_or_title>
      <organization>GlaxoSmithKline</organization>
      <phone>866-435-7343</phone>
    </point_of_contact>
  </clinical_results>
</clinical_study>

