<?xml version="1.0" encoding="UTF-8"?>
<clinical_study rank="284">
  <!-- This xml conforms to an XML Schema at:
    https://clinicaltrials.gov/ct2/html/images/info/public.xsd -->
  <required_header>
    <download_date>ClinicalTrials.gov processed this data on August 08, 2017</download_date>
    <link_text>Link to the current ClinicalTrials.gov record.</link_text>
    <url>https://clinicaltrials.gov/show/NCT02504931</url>
  </required_header>
  <id_info>
    <org_study_id>W81XWH0820117</org_study_id>
    <nct_id>NCT02504931</nct_id>
  </id_info>
  <brief_title>Serotonin Selective Reuptake Inhibitor Treatment of Dual Diagnosis Post-traumatic Stress Disorder and Alcohol Problems</brief_title>
  <acronym>DDx</acronym>
  <official_title>SSRI Treatment of Dual Diagnosis PTSD and Alcohol Dependence: A Test of the Serotonergic Hypothesis</official_title>
  <sponsors>
    <lead_sponsor>
      <agency>The University of Texas Health Science Center at San Antonio</agency>
      <agency_class>Other</agency_class>
    </lead_sponsor>
    <collaborator>
      <agency>STRONG STAR Multidisciplinary PTSD Research Consortium</agency>
      <agency_class>Other</agency_class>
    </collaborator>
    <collaborator>
      <agency>South Texas Veterans Health Care System</agency>
      <agency_class>U.S. Fed</agency_class>
    </collaborator>
    <collaborator>
      <agency>U.S. Army Medical Research and Materiel Command</agency>
      <agency_class>U.S. Fed</agency_class>
    </collaborator>
    <collaborator>
      <agency>United States Department of Defense</agency>
      <agency_class>U.S. Fed</agency_class>
    </collaborator>
  </sponsors>
  <source>The University of Texas Health Science Center at San Antonio</source>
  <oversight_info>
    <has_dmc>Yes</has_dmc>
  </oversight_info>
  <brief_summary>
    <textblock>
      The investigators propose to conduct a clinical trial to evaluate sertraline treatment
      efficacy in a large sample of military veterans with a dual diagnosis of PTSD and Alcohol Use
      Disorder who are receiving Cognitive and Behavioral Therapy as part of the VA-system's new
      dual diagnosis program. The study is designed as an efficacy trial of sertraline used as an
      adjunct to Cognitive Behavioral Therapy (CBT) in the treatment of PTSD/Alcohol dual
      diagnosis. There are two outcomes of interest, namely PTSD symptom improvement and also
      decreased alcohol consumption. The investigators are interested to know whether or not
      sertraline is superior to placebo in improving the symptoms of either one or both of these
      two disorders. Even though sertraline is a treatment of choice for PTSD, the investigators
      expect that the comorbid condition of alcohol dependence will complicate the treatment of
      PTSD and that the clustered subgroups will show differential treatment response with
      sertraline. The primary objective of the present study is to identify subgroups of alcohol
      dependent persons with PTSD who will either benefit or not benefit from treatment with
      SSRI's. The proposed study will enroll veterans with PTSD and dually-diagnosed alcohol
      dependence in a 12-week treatment providing sertraline vs. placebo medication as an adjunct
      to manualized CBT and will specifically test the hypothesis that subtypes of alcohol
      dependence can be used to predict which patients respond well and which subgroup responds
      poorly to SSRI treatment.
    </textblock>
  </brief_summary>
  <detailed_description>
    <textblock>
      Experimental Design. The study design is a parallel group, double-blind, placebo-controlled,
      stratified, randomized medication treatment trial of male and female veterans who experienced
      &quot;in-theater&quot; trauma and have both a PTSD and Alcohol Use dual diagnosis. All subjects will
      receive 12 weeks of manualized cognitive &amp; behavioral therapy as a standard of care.
      Additionally, subjects will be randomized 1:1 to receive double-blind treatment with
      Sertraline vs. Placebo as an adjunctive treatment. The manualized therapy provides standard
      cognitive-behavioral therapy (CBT) addressing alcohol use and prolonged exposure (PE)
      behavioral therapy targeting PTSD. Sertraline is a common treatment for PTSD and psychiatric
      disturbance but is hypothesized to have differential efficacy in different subtypes of
      alcohol drinking patients. A stratified randomization scheme will balance placebo and
      sertraline assignment to two groups, and a post-hoc clustering approach will be used to
      determine which subgroups of dual diagnosis patients may benefit from sertraline vs. placebo
      treatment.

      Veterans with PTSD who regularly drink more than 5 standard drinks of alcohol in a day (note
      one 12oz beer = one standard drink) may be eligible for the study if they meet criteria.
    </textblock>
  </detailed_description>
  <overall_status>Completed</overall_status>
  <start_date type="Actual">April 2011</start_date>
  <completion_date type="Actual">December 2016</completion_date>
  <primary_completion_date type="Actual">August 2016</primary_completion_date>
  <phase>Phase 4</phase>
  <study_type>Interventional</study_type>
  <has_expanded_access>No</has_expanded_access>
  <study_design_info>
    <allocation>Randomized</allocation>
    <intervention_model>Parallel Assignment</intervention_model>
    <primary_purpose>Treatment</primary_purpose>
    <masking>Participant, Investigator, Outcomes Assessor</masking>
  </study_design_info>
  <primary_outcome>
    <measure>Percent Heavy Drinking Days</measure>
    <time_frame>Subjects will be evaluated at final end-point outcomes determined after 12 weeks of treatment.</time_frame>
  </primary_outcome>
  <secondary_outcome>
    <measure>PTSD symptom score from PCL</measure>
    <time_frame>Subjects will be evaluated at final end-point outcomes determined after 12 weeks of treatment</time_frame>
  </secondary_outcome>
  <number_of_arms>2</number_of_arms>
  <enrollment type="Actual">142</enrollment>
  <condition>PTSD</condition>
  <condition>Alcohol Use Disorder</condition>
  <arm_group>
    <arm_group_label>Sertraline</arm_group_label>
    <arm_group_type>Experimental</arm_group_type>
    <description>Subjects will receive a fixed dose of 150 mg sertraline per day. Sertraline dose will be gradually increased by giving sertraline subjects capsules filled with 50 mg for the first three days and then capsules filled with 100 mg for 4 days before beginning the 150 mg per day in the second week. After completing the study Visit 12, subjects will be given an additional two week supply of medicine to gradually taper down so as to minimize any withdrawal discomfort.
Subjects in the Sertraline arm also will receive COPE therapy (Concurrent Treatment with Prolonged Exposure)which involves 12 sessions of manualized cognitive and behavioral therapy including exposure therapy for PTSD.</description>
  </arm_group>
  <arm_group>
    <arm_group_label>Placebo</arm_group_label>
    <arm_group_type>Placebo Comparator</arm_group_type>
    <description>Matching placebo capsules will be filled with corn starch only on the same schedule as the Sertraline.
Subjects in the Placebo arm also will receive COPE therapy (Concurrent Treatment with Prolonged Exposure)which involves 12 sessions of manualized cognitive and behavioral therapy including exposure therapy for PTSD.</description>
  </arm_group>
  <intervention>
    <intervention_type>Drug</intervention_type>
    <intervention_name>Sertraline</intervention_name>
    <description>A Randomized Controlled Trial Design will randomize subjects to one of two arms. Sertraline is the active medication treatment arm.</description>
    <arm_group_label>Sertraline</arm_group_label>
    <other_name>Zoloft</other_name>
  </intervention>
  <intervention>
    <intervention_type>Drug</intervention_type>
    <intervention_name>Placebo</intervention_name>
    <description>A Randomized Controlled Trial Design will randomize subjects to one of two arms. Placebo is the control medication treatment arm.</description>
    <arm_group_label>Placebo</arm_group_label>
    <other_name>Placebo Control</other_name>
  </intervention>
  <eligibility>
    <criteria>
      <textblock>
        Inclusion Criteria:

          -  21-65 year old Veterans with PTSD who regularly drink more than 5 standard drinks of
             alcohol in a day

          -  who experienced a trauma during deployment and

          -  who regularly drink more than 5 standard drinks alcohol and

          -  are interested in coming in once per week for 12 weeks of dual diagnosis individual
             therapy and

          -  are willing to participate in a placebo-controlled trial which could include receipt
             of sertraline (Zoloft).

        Exclusion Criteria:

          -  if their PTSD Symptoms are adequately controlled by other medication regimens;

          -  they require inpatient alcohol detoxification; or currently receive naltrexone,
             disulfiram, acamprosate, or ondansetron treatment for alcohol dependence; or

          -  currently have an unstable medical illness; or

          -  have a bipolar or psychotic disorder; or

          -  currently are taking and are unwilling to discontinue taking any SSRI, SNRI, MAO
             inhibitor, tricyclic antidepressant, or anticonvulsant.
      </textblock>
    </criteria>
    <gender>All</gender>
    <minimum_age>21 Years</minimum_age>
    <maximum_age>65 Years</maximum_age>
    <healthy_volunteers>No</healthy_volunteers>
  </eligibility>
  <overall_official>
    <last_name>John D Roache, PhD</last_name>
    <role>Principal Investigator</role>
    <affiliation>The University of Texas Health Science Center at San Antonio</affiliation>
  </overall_official>
  <location>
    <facility>
      <name>South Texas Veterans Health Care System</name>
      <address>
        <city>San Antonio</city>
        <state>Texas</state>
        <zip>78229</zip>
        <country>United States</country>
      </address>
    </facility>
  </location>
  <location_countries>
    <country>United States</country>
  </location_countries>
  <verification_date>April 2017</verification_date>
  <lastchanged_date>April 24, 2017</lastchanged_date>
  <firstreceived_date>July 16, 2013</firstreceived_date>
  <responsible_party>
    <responsible_party_type>Principal Investigator</responsible_party_type>
    <investigator_affiliation>The University of Texas Health Science Center at San Antonio</investigator_affiliation>
    <investigator_full_name>John Roache</investigator_full_name>
    <investigator_title>Professor</investigator_title>
  </responsible_party>
  <keyword>PTSD</keyword>
  <keyword>Alcohol</keyword>
  <keyword>Dual Diagnosis</keyword>
  <keyword>Sertraline</keyword>
  <keyword>SSRI</keyword>
  <intervention_browse>
    <!-- CAUTION:  The following MeSH terms are assigned with an imperfect algorithm            -->
    <mesh_term>Ethanol</mesh_term>
    <mesh_term>Sertraline</mesh_term>
  </intervention_browse>
  <!-- Results have not yet been posted for this study                                          -->
</clinical_study>

