<?xml version="1.0" encoding="UTF-8"?>
<clinical_study rank="316">
  <!-- This xml conforms to an XML Schema at:
    https://clinicaltrials.gov/ct2/html/images/info/public.xsd -->
  <required_header>
    <download_date>ClinicalTrials.gov processed this data on September 15, 2017</download_date>
    <link_text>Link to the current ClinicalTrials.gov record.</link_text>
    <url>https://clinicaltrials.gov/show/NCT00226694</url>
  </required_header>
  <id_info>
    <org_study_id>NIAAAANH013307</org_study_id>
    <secondary_id>R01AA013307</secondary_id>
    <secondary_id>NIH R01 AA013307-01</secondary_id>
    <nct_id>NCT00226694</nct_id>
  </id_info>
  <brief_title>Alcohol and Gender Effects on Stress Circuit Function</brief_title>
  <official_title>Alcohol and Gender Effects on Stress Circuit Function</official_title>
  <sponsors>
    <lead_sponsor>
      <agency>University of Cincinnati</agency>
      <agency_class>Other</agency_class>
    </lead_sponsor>
    <collaborator>
      <agency>National Institute on Alcohol Abuse and Alcoholism (NIAAA)</agency>
      <agency_class>NIH</agency_class>
    </collaborator>
  </sponsors>
  <source>University of Cincinnati</source>
  <brief_summary>
    <textblock>
      The purpose of this study is to look at the stress hormone response to medication-induced
      stress and a placebo (an inactive compound) in non-drinking, recovering male and female
      alcoholics, with a specific emphasis on the differences between men and women in the two
      recovering alcoholic groups.
    </textblock>
  </brief_summary>
  <detailed_description>
    <textblock>
      Women and men differ in the ways stress affects the development and maintenance of
      alcoholism. However, no published studies in alcohol dependent patients have examined sex
      differences in stress responsiveness that most likely mediate these effects and influence the
      clinical course and treatment of the disorder.

      The long-range goal of this research program is to define aspects of the neural, genetic and
      environmental mechanisms differentially regulating the stress response in alcohol dependent
      women and men. The proposed study extends prior work revealing sex-dependent alterations in
      basal and serotonin-induced stress hormone concentrations in abstinent alcoholics. Our
      central hypothesis is that sex differences in serotonin function or HPA sensitivity conspire
      with genetically influenced alterations in serotonin signaling to produce maladaptive stress
      responses in some alcoholic women. These altered stress responses may serve as the target of
      novel, sex-specific pharmacotherapies.
    </textblock>
  </detailed_description>
  <overall_status>Completed</overall_status>
  <start_date>September 2003</start_date>
  <completion_date type="Actual">August 2012</completion_date>
  <primary_completion_date type="Actual">August 2011</primary_completion_date>
  <phase>N/A</phase>
  <study_type>Interventional</study_type>
  <has_expanded_access>No</has_expanded_access>
  <study_design_info>
    <allocation>Randomized</allocation>
    <intervention_model>Crossover Assignment</intervention_model>
    <primary_purpose>Basic Science</primary_purpose>
    <masking>Triple (Participant, Care Provider, Investigator)</masking>
  </study_design_info>
  <primary_outcome>
    <measure>stress</measure>
    <time_frame>month</time_frame>
  </primary_outcome>
  <number_of_arms>2</number_of_arms>
  <enrollment type="Actual">96</enrollment>
  <condition>Alcoholism</condition>
  <condition>Stress</condition>
  <condition>Alcohol Dependence</condition>
  <arm_group>
    <arm_group_label>Citalopram Group</arm_group_label>
    <arm_group_type>Active Comparator</arm_group_type>
    <description>Subjects receive provocative tests with citalopram, dexamethasone/corticotropin-releasing hormone and placebo on 3 separate, counterbalanced occasions at monthly intervals.</description>
  </arm_group>
  <arm_group>
    <arm_group_label>Placebo Group</arm_group_label>
    <arm_group_type>Placebo Comparator</arm_group_type>
    <description>Subjects receive provocative tests with citalopram, dexamethasone/corticotropin-releasing hormone and placebo on 3 separate, counterbalanced occasions at monthly intervals.</description>
  </arm_group>
  <intervention>
    <intervention_type>Drug</intervention_type>
    <intervention_name>Citalopram</intervention_name>
    <description>Subjects receive provocative tests with citalopram, dexamethasone/corticotropin-releasing hormone and placebo on 3 separate, counterbalanced occasions at monthly intervals.</description>
    <arm_group_label>Citalopram Group</arm_group_label>
    <other_name>Celexa</other_name>
  </intervention>
  <intervention>
    <intervention_type>Other</intervention_type>
    <intervention_name>Placebo</intervention_name>
    <description>Subjects receive provocative tests with citalopram, dexamethasone/corticotropin-releasing hormone and placebo on 3 separate, counterbalanced occasions at monthly intervals.</description>
    <arm_group_label>Placebo Group</arm_group_label>
    <other_name>Sugar Pill</other_name>
  </intervention>
  <eligibility>
    <criteria>
      <textblock>
        Inclusion Criteria:

          -  Able to provide written consent.

          -  Are actively engaged in a recovery program for alcoholism;

          -  Have a current (within the past 12 months) diagnosis of DSM-IV alcohol dependence in
             early- (modified to a minimum of 4 months) full remission; and

          -  Are residing in a controlled sober living environment; and

          -  Agree to provide at least one collateral informant who knows the subject well and can
             attest to their sobriety (recovering alcoholics only).

        Exclusion Criteria:

          -  Have evidence of any clinically significant laboratory evidence of hematologic,
             hepatic, cardiovascular, renal, pulmonary, thyroid or other endocrine disease;

          -  Are taking oral contraceptives or other hormonal replacements (e.g., estrogen or
             progesterone);

          -  Are pregnant, or planning to become pregnant during the next 9 months;

          -  Have taken other psychotropic drugs (including SSRIs, MAO inhibitors and other
             antidepressants, antipsychotics, mood stabilizers, non-benzodiazepine anxiolytics or
             hypnotics) within 6 weeks of the first laboratory session;

          -  Have taken any investigational drug within 90 days of the first laboratory session; or

          -  Are making efforts to quit smoking or have taken any pharmacotherapies for smoking
             cessation (i.e., bupropion, nicotine-replacement patches or gum; clonidine, buspirone)
             within 90 days of the first laboratory session.
      </textblock>
    </criteria>
    <gender>All</gender>
    <minimum_age>18 Years</minimum_age>
    <maximum_age>65 Years</maximum_age>
    <healthy_volunteers>Accepts Healthy Volunteers</healthy_volunteers>
  </eligibility>
  <overall_official>
    <last_name>Robert M. Anthenelli, MD</last_name>
    <role>Principal Investigator</role>
    <affiliation>VA Office of Research and Development</affiliation>
  </overall_official>
  <location>
    <facility>
      <name>The Department of Veterans Affairs / Veterans Healthcare System of Ohio</name>
      <address>
        <city>Cincinnati</city>
        <state>Ohio</state>
        <zip>45220</zip>
        <country>United States</country>
      </address>
    </facility>
  </location>
  <location_countries>
    <country>United States</country>
  </location_countries>
  <verification_date>January 2014</verification_date>
  <lastchanged_date>January 3, 2014</lastchanged_date>
  <firstreceived_date>September 23, 2005</firstreceived_date>
  <responsible_party>
    <responsible_party_type>Sponsor</responsible_party_type>
  </responsible_party>
  <keyword>Alcoholism</keyword>
  <keyword>Stress</keyword>
  <keyword>Gender Differences</keyword>
  <keyword>Addiction</keyword>
  <keyword>Alcohol Dependence</keyword>
  <condition_browse>
    <!-- CAUTION:  The following MeSH terms are assigned with an imperfect algorithm            -->
    <mesh_term>Alcoholism</mesh_term>
  </condition_browse>
  <intervention_browse>
    <!-- CAUTION:  The following MeSH terms are assigned with an imperfect algorithm            -->
    <mesh_term>Dexamethasone acetate</mesh_term>
    <mesh_term>Dexamethasone</mesh_term>
    <mesh_term>Hormones</mesh_term>
    <mesh_term>Adrenocorticotropic Hormone</mesh_term>
    <mesh_term>Corticotropin-Releasing Hormone</mesh_term>
    <mesh_term>BB 1101</mesh_term>
    <mesh_term>Ethanol</mesh_term>
    <mesh_term>Citalopram</mesh_term>
    <mesh_term>Dexetimide</mesh_term>
  </intervention_browse>
  <!-- Results have not yet been posted for this study                                          -->
</clinical_study>

