<?xml version="1.0" encoding="UTF-8"?>
<clinical_study rank="396">
  <!-- This xml conforms to an XML Schema at:
    https://clinicaltrials.gov/ct2/html/images/info/public.xsd -->
  <required_header>
    <download_date>ClinicalTrials.gov processed this data on September 01, 2017</download_date>
    <link_text>Link to the current ClinicalTrials.gov record.</link_text>
    <url>https://clinicaltrials.gov/show/NCT01273220</url>
  </required_header>
  <id_info>
    <org_study_id>999911056</org_study_id>
    <secondary_id>11-AA-N056</secondary_id>
    <nct_id>NCT01273220</nct_id>
  </id_info>
  <brief_title>National Epidemiologic Survey on Alcohol and Related Conditions-III</brief_title>
  <official_title>National Epidemiologic Survey on Alcohol and Related Conditions -III</official_title>
  <sponsors>
    <lead_sponsor>
      <agency>National Institute on Alcohol Abuse and Alcoholism (NIAAA)</agency>
      <agency_class>NIH</agency_class>
    </lead_sponsor>
  </sponsors>
  <source>National Institutes of Health Clinical Center (CC)</source>
  <brief_summary>
    <textblock>
      Background:

      - Alcohol use disorders are the most prevalent mental disorders in the United States and are
      a factor in more than 10 percent of all deaths, including heart disease, stroke, and certain
      types of cancer and chronic illness. Research into better treatment methods for alcohol use
      disorders and their associated disabilities requires a broad amount of information on the
      genetic and environmental factors that predispose certain individuals to alcoholism. To
      improve the quality of available information for research, the National Institutes of Health
      is conducting a nationwide survey on alcohol use disorders and related physical and mental
      disabilities, and will collect genetic information through saliva samples.

      Objectives:

      - To collect interview data and saliva samples from the U.S. civilian noninstitutionalized
      population, 18 years and older, in order to study the extent of and contributing factors to
      alcohol use and abuse in the United States.

      Eligibility:

      - Individuals at least 18 years of age who do not live in institutions (i.e., prisons,
      inpatient mental hospitals) and who are willing to be interviewed in English, Spanish, and
      the four most commonly spoken Asian languages in the United States (e.g., Chinese, Korean).

      Design:

        -  The study will involve three main components: an automated computer-assisted interview,
           an automated questionnaire, and the collection of a saliva sample.

        -  Participants will be recruited through community through publically available U.S.
           Census Bureau files.

        -  The interview and questionnaire will ask standardized questions related to personal
           history; alcohol use and possible disorders; symptoms scales of mood, anxiety, and
           eating conditions that frequently co-occur with alcohol and drug use disorders; tobacco,
           medicine and drug use and disorders; selected personality traits, including behavior;
           alcohol, drug, and mental health treatment utilization; and medical conditions related
           to alcohol consumption.

        -  Participants will provide a saliva sample for genetic study.

      Background:

      - Alcohol use disorders are the most prevalent mental disorders in the United States and are
      a factor in more than 10 percent of all deaths, including heart disease, stroke, and certain
      types of cancer and chronic illness. Research into better treatment methods for alcohol use
      disorders and their associated disabilities requires a broad amount of information on the
      genetic and environmental factors that predispose certain individuals to alcoholism. To
      improve the quality of available information for research, the National Institutes of Health
      is conducting a nationwide survey on alcohol use disorders and related physical and mental
      disabilities, and will collect genetic information through saliva samples.

      Objectives:

      - To collect interview data and saliva samples from the U.S. civilian noninstitutionalized
      population, 18 years and older, in order to study the extent of and contributing factors to
      alcohol use and abuse in the United States.

      Eligibility:

      - Individuals at least 18 years of age who do not live in institutions (i.e., prisons,
      inpatient mental hospitals) and who are willing to be interviewed in English, Spanish, and
      the four most commonly spoken Asian languages in the United States (e.g., Chinese, Korean).

      Design:

        -  The study will involve three main components: an automated computer-assisted interview,
           an automated questionnaire, and the collection of a saliva sample.

        -  Participants will be recruited through community through publically available U.S.
           Census Bureau files.

        -  The interview and questionnaire will ask standardized questions related to personal
           history; alcohol use and possible disorders; symptoms scales of mood, anxiety, and
           eating conditions that frequently co-occur with alcohol and drug use disorders; tobacco,
           medicine and drug use and disorders; selected personality traits, including behavior;
           alcohol, drug, and mental health treatment utilization; and medical conditions related
           to alcohol consumption.

        -  Participants will provide a saliva sample for genetic study.
    </textblock>
  </brief_summary>
  <detailed_description>
    <textblock>
      The National Epidemiologic Survey on Alcohol and Related Conditions-III (NESARC-III) is
      planned to be fielded in 2012 by the National Institute on Alcohol Abuse and Alcoholism
      (NIAAA) in conjunction with Westat, through a contract under data collection authority Title
      42 U.S.C. 285 n (Attachment 23.a). The target population of the NESARC-III is the civilian
      noninstitutionalized population, 18 years and older, residing in the contiguous United States
      (U.S.) and Alaska and Hawaii. The sample (N=46,500) will include households and selected
      noninstitutionalized group quarters (e.g., agricultural, vocational training and other
      dormitories, halfway houses, hostels, YMCAs, shelters, campgrounds, carnivals). The
      NESARC-III will collect information on alcohol use disorders and related physical and mental
      disabilities in addition to DNA to be obtained through saliva samples.

      This request for IRB approval also includes a pilot test of approximately 50 respondents that
      will serve the sole purpose of testing the data collection procedures, operations and system
      architecture of the NESARC-III survey. There will also be two small methodological
      subcomponents of the NESARC-III proper that will serve the purposes of providing ongoing
      validation and assessment of the utility of outcome measures appearing on the major data
      collection questionnaire, the Alcohol Use Disorder and Associated Disabilities Interview
      Schedule-V (AUDADIS-V: Grant et al., 2008). In the first methodological subcomponent, 1000
      respondents participating in the NESARC-III proper will be re-interviewed with a shorter
      version of the original AUDADIS-V. In the second methodological subcomponent, 700 different
      respondents participating in the NESARC-III proper will be re-interviewed using a different
      assessment instrument, the Psychiatric Research Interview for Substance and Mental Disorders
      (PRISM: Hasin et al., 2008), covering information on major outcome variables very similar to
      those appearing in the AUDADIS-V. NIAAA has conducted such validation/utility tests that have
      received OMB approval (OMB No. 0930-0151, OMB No. 0925-0455: Grant et al., 2003a; Ruan et
      al., 2008) in the past. The design and procedures associated with each of these
      methodological subcomponents will be explicated and discussed within the body of this IRB
      submission as necessary.

      The NESARC-III will be the fourth national survey conducted by NIAAA. The objectives and
      content areas of the NESARC-III are extremely similar to those of the prior three NIAAA
      surveys, with the exception of the NESARC-III s provision for collecting saliva samples.
      Prior NIAAA national surveys included the 1991-1992 National Longitudinal Alcohol
      Epidemiologic Survey (OMB No. 0930-0151: Grant et al., 1994), the 2001-2002 Wave 1 NESARC
      (OMB No. 0925-0484: Grant et al., 2003b), and the 2004-2005 Wave 2 NESARC (OMB No. 0925-0484:
      Grant et al., 2006).
    </textblock>
  </detailed_description>
  <overall_status>Completed</overall_status>
  <start_date>December 22, 2010</start_date>
  <phase>N/A</phase>
  <study_type>Observational</study_type>
  <has_expanded_access>No</has_expanded_access>
  <study_design_info>
    <time_perspective>Retrospective</time_perspective>
  </study_design_info>
  <primary_outcome>
    <measure>The prevalence of alcohol and drug use practices</measure>
  </primary_outcome>
  <primary_outcome>
    <measure>Alcohol and drug use disorders</measure>
  </primary_outcome>
  <enrollment type="Anticipated">65100</enrollment>
  <condition>Alcohol-Related Disorders</condition>
  <eligibility>
    <criteria>
      <textblock>
        -  INCLUSION CRITERIA:

          -  Adults, 18 years and older.

          -  Noninstitutionalized U.S. civilian population living in households.

        Selected noninstitutional group quarters including, vocational training and other
        dormitories, halfway houses, hostels, YMCAs, shelters, campgrounds, carnivals.

        -Persons who prefer to have their interviews conducted in English, Spanish, and the four
        most commonly spoken Asian languages in the U.S.

        EXCLUSION CRITERIA:

          -  Children and adolescents 17 years and younger.

          -  Military living off base.

          -  Institutional group quarters including: military living on base, prisons and other
             correctional facilities; hospitals; nursing homes; hospices; schools; homes or wards
             for physically handicapped; all juvenile institutions; residential treatment for
             emotionally disturbed; and homes for abused, dependent and neglected children.

          -  Persons who prefer to have their interviews conducted in languages other than English,
             Spanish or the four Asian languages most commonly spoken in the U.S.
      </textblock>
    </criteria>
    <gender>All</gender>
    <minimum_age>18 Years</minimum_age>
    <maximum_age>N/A</maximum_age>
    <healthy_volunteers>No</healthy_volunteers>
  </eligibility>
  <overall_official>
    <last_name>Tulshi D Saha, Ph.D.</last_name>
    <role>Principal Investigator</role>
    <affiliation>National Institute on Alcohol Abuse and Alcoholism (NIAAA)</affiliation>
  </overall_official>
  <location>
    <facility>
      <name>National Institute on Alcohol Abuse and Alcoholism (NIAAA), 9000 Rockville Pike</name>
      <address>
        <city>Bethesda</city>
        <state>Maryland</state>
        <zip>20892</zip>
        <country>United States</country>
      </address>
    </facility>
  </location>
  <location_countries>
    <country>United States</country>
  </location_countries>
  <reference>
    <citation>Hasin DS, Stinson FS, Ogburn E, Grant BF. Prevalence, correlates, disability, and comorbidity of DSM-IV alcohol abuse and dependence in the United States: results from the National Epidemiologic Survey on Alcohol and Related Conditions. Arch Gen Psychiatry. 2007 Jul;64(7):830-42.</citation>
    <PMID>17606817</PMID>
  </reference>
  <reference>
    <citation>Grant BF, Dawson DA, Stinson FS, Chou PS, Kay W, Pickering R. The Alcohol Use Disorder and Associated Disabilities Interview Schedule-IV (AUDADIS-IV): reliability of alcohol consumption, tobacco use, family history of depression and psychiatric diagnostic modules in a general population sample. Drug Alcohol Depend. 2003 Jul 20;71(1):7-16.</citation>
    <PMID>12821201</PMID>
  </reference>
  <reference>
    <citation>Ruan WJ, Goldstein RB, Chou SP, Smith SM, Saha TD, Pickering RP, Dawson DA, Huang B, Stinson FS, Grant BF. The alcohol use disorder and associated disabilities interview schedule-IV (AUDADIS-IV): reliability of new psychiatric diagnostic modules and risk factors in a general population sample. Drug Alcohol Depend. 2008 Jan 1;92(1-3):27-36. Epub 2007 Aug 13.</citation>
    <PMID>17706375</PMID>
  </reference>
  <verification_date>August 10, 2017</verification_date>
  <lastchanged_date>August 12, 2017</lastchanged_date>
  <firstreceived_date>January 7, 2011</firstreceived_date>
  <responsible_party>
    <responsible_party_type>Sponsor</responsible_party_type>
  </responsible_party>
  <keyword>Epidemiology</keyword>
  <keyword>Epidemiologic Survey</keyword>
  <keyword>Alcohol</keyword>
  <condition_browse>
    <!-- CAUTION:  The following MeSH terms are assigned with an imperfect algorithm            -->
    <mesh_term>Alcohol-Related Disorders</mesh_term>
  </condition_browse>
  <intervention_browse>
    <!-- CAUTION:  The following MeSH terms are assigned with an imperfect algorithm            -->
    <mesh_term>Ethanol</mesh_term>
  </intervention_browse>
  <!-- Results have not yet been posted for this study                                          -->
</clinical_study>

