<?xml version="1.0" encoding="UTF-8"?>
<clinical_study rank="398">
  <!-- This xml conforms to an XML Schema at:
    https://clinicaltrials.gov/ct2/html/images/info/public.xsd -->
  <required_header>
    <download_date>ClinicalTrials.gov processed this data on August 08, 2017</download_date>
    <link_text>Link to the current ClinicalTrials.gov record.</link_text>
    <url>https://clinicaltrials.gov/show/NCT00004554</url>
  </required_header>
  <id_info>
    <org_study_id>NIAAAPET09544</org_study_id>
    <nct_id>NCT00004554</nct_id>
  </id_info>
  <brief_title>Sertraline for Alcohol Dependence and Depression</brief_title>
  <official_title>Sertraline for Alcohol Dependence and Depression</official_title>
  <sponsors>
    <lead_sponsor>
      <agency>University of Pennsylvania</agency>
      <agency_class>Other</agency_class>
    </lead_sponsor>
  </sponsors>
  <source>University of Pennsylvania</source>
  <oversight_info>
    <has_dmc>No</has_dmc>
  </oversight_info>
  <brief_summary>
    <textblock>
      This study will examine depressed alcoholic outpatients to assess whether combining
      naltrexone (Revia) and sertraline (Zoloft) will result in greater reductions in both drinking
      and depression over either medication alone or placebo. A secondary aim is to determine
      whether certain patient features will predict response to sertraline, naltrexone or the
      combination of the two drugs. Subjects will be randomized into treatment groups for 14 weeks.
      The followup phase includes two visits at 6 and 9 months after treatment.
    </textblock>
  </brief_summary>
  <detailed_description>
    <textblock>
      The proposed study will examine managing relapse in patients with alcohol dependence and
      depression using a 14-week double-blind, placebo-controlled, combination of 100 mg/day of
      naltrexone, 200 mg/day of sertraline, and individual, cognitive behavioral therapy (CBT). For
      testing the medication, the design will be 2x2, consisting of four groups:
      naltrexone/sertraline, naltrexone only, sertraline only, placebo. All four groups will
      receive once weekly sessions of CBT given by therapists experienced in working with patients
      with substance disorders and trained in the principles of CBT.
    </textblock>
  </detailed_description>
  <overall_status>Completed</overall_status>
  <start_date>January 2000</start_date>
  <completion_date type="Actual">February 2006</completion_date>
  <primary_completion_date type="Actual">August 2005</primary_completion_date>
  <phase>Phase 4</phase>
  <study_type>Interventional</study_type>
  <has_expanded_access>No</has_expanded_access>
  <study_design_info>
    <allocation>Randomized</allocation>
    <intervention_model>Factorial Assignment</intervention_model>
    <primary_purpose>Treatment</primary_purpose>
    <masking>Double Blind (Participant, Care Provider, Investigator, Outcomes Assessor)</masking>
  </study_design_info>
  <primary_outcome>
    <measure>Subjects self-report of alcohol use, measured by the Timeline Followback (TLFB), and depressive symptoms measured by scores on the Beck Depression Inventory (BDI) and Hamilton Rating Scale for Depression (HRSD).</measure>
    <time_frame>14 weeks</time_frame>
  </primary_outcome>
  <number_of_arms>4</number_of_arms>
  <enrollment type="Actual">171</enrollment>
  <condition>Alcoholism</condition>
  <condition>Depression</condition>
  <arm_group>
    <arm_group_label>Sertraline</arm_group_label>
    <arm_group_type>Experimental</arm_group_type>
    <description>sertraline</description>
  </arm_group>
  <arm_group>
    <arm_group_label>Naltrexone</arm_group_label>
    <arm_group_type>Experimental</arm_group_type>
    <description>naltrexone</description>
  </arm_group>
  <arm_group>
    <arm_group_label>Nal/Sert</arm_group_label>
    <arm_group_type>Experimental</arm_group_type>
    <description>naltrexone/sertraline</description>
  </arm_group>
  <arm_group>
    <arm_group_label>Placebo</arm_group_label>
    <arm_group_type>Placebo Comparator</arm_group_type>
    <description>Placebo</description>
  </arm_group>
  <intervention>
    <intervention_type>Drug</intervention_type>
    <intervention_name>naltrexone (Revia)</intervention_name>
    <description>100mg/day</description>
    <arm_group_label>Naltrexone</arm_group_label>
    <arm_group_label>Nal/Sert</arm_group_label>
  </intervention>
  <intervention>
    <intervention_type>Drug</intervention_type>
    <intervention_name>sertraline (Zoloft)</intervention_name>
    <description>200mg/day</description>
    <arm_group_label>Sertraline</arm_group_label>
    <arm_group_label>Nal/Sert</arm_group_label>
  </intervention>
  <intervention>
    <intervention_type>Drug</intervention_type>
    <intervention_name>Placebo</intervention_name>
    <description>Placebo</description>
    <arm_group_label>Placebo</arm_group_label>
  </intervention>
  <eligibility>
    <criteria>
      <textblock>
        Inclusion Criteria:

          -  Male and female outpatients 18 75 years of age.

          -  Patients must have met DSM-IV criteria for (primary or substance-induced) major
             depressive episode prior to randomization.

          -  Patients must have a current DSM-IV diagnosis of alcohol dependence.

          -  Patients must have a total score of 10 or higher on the Hamilton Depression Scaleat
             the day of randomization. Also, item 1 on the scale must be &gt; 1.

          -  Patients must have drank sufficient alcohol in the month prior to coming for treatment
             so that a practical assessment in reductions in drinking during and after treatment
             can be performed. The guidelines we will follow for this study as to what we think is
             sufficient will be that the patient in the month prior to coming to treatment will
             have drank on 40% or more of the days or drank more than 40 standard drinks (an
             average of 10 drinks per week).

          -  Patients must have successfully completed medical detoxification for alcohol (are
             abstinent for 4 consecutive days) or if medical detoxification is not indicated, have
             been abstinent for 4 consecutive days since coming to treatment but before initiating
             the study medication/placebo.

          -  Females of childbearing potential must have a negative pregnancy test and not
             contemplating pregnancy within the next 6 months. They must also use a contraceptive
             method judged by the investigator to be effective.

        Exclusion Criteria:

          -  Patients with evidence of opiate use in the past 30 days as assessed by self-report
             and intake urine drug screens (only one repeat testing permitted). Patients with a
             history of treatment for opiate dependence will be excluded.

          -  Patients who, within the past year, met DSM IV criteria for dependence on any
             psychoactive substance other than alcohol or nicotine. Patients who test positive on
             the urine drug screen (with the exception of THC) at the initial visit (only one
             repeat testing permitted).

          -  Patients who meet DSM-IV criteria for past history or current disorder of
             schizophrenia or any psychotic disorder, or bipolar disorder.

          -  Patients with evidence or history of significant hematological, pulmonary, endocrine,
             cardiovascular, renal or gastrointestinal disease. (If there is a history of such
             disease but the condition has been stable for more than one year and is judged by the
             investigator not to interfere with the patient's participation in the study, the
             patient may be included.)

          -  Patients with abnormal liver function tests (AST or ALT) (more than 3.5 times the
             upper level of the normal value) or patients with any abnormal elevation in bilirubin.

          -  Patients requiring concomitant therapy with any psychotropic drug (with the exception
             of benadryl used sparingly if necessary for sleep or oxeazepam for detoxification or
             nicotine replacement therapy).

          -  Patients who have taken fluoxetine (Prozac) during the 6 weeks prior to randomization
             --due to its long half-life.

          -  Patients who have taken monoamine oxidase inhibitors (MAOI) during the 2 weeks prior
             to randomization -- due to the potential toxicity of combining MAOI medications with
             serotonin-specific ones. (Patients will also be instructed not to take MAOI for 2
             weeks after completing the study.)

          -  Past use of antidepressants or other psychotropic medications (except as specified
             above) within 7 days of randomization.

          -  Patients on concomitant therapy with an investigational drug, or patients who have
             been in an investigational drug study within one month prior to entering this study.

          -  Patients who are unable to read or print in English.
      </textblock>
    </criteria>
    <gender>All</gender>
    <minimum_age>21 Years</minimum_age>
    <maximum_age>65 Years</maximum_age>
    <healthy_volunteers>No</healthy_volunteers>
  </eligibility>
  <overall_official>
    <last_name>Helen Pettinati, PhD</last_name>
    <role>Principal Investigator</role>
    <affiliation>University of Pennsylvania</affiliation>
  </overall_official>
  <location>
    <facility>
      <name>Treatment Research Center, University of Pennsylvania</name>
      <address>
        <city>Philadelphia</city>
        <state>Pennsylvania</state>
        <zip>19104</zip>
        <country>United States</country>
      </address>
    </facility>
  </location>
  <location_countries>
    <country>United States</country>
  </location_countries>
  <results_reference>
    <citation>Pettinati HM, Oslin DW, Kampman KM, Dundon WD, Xie H, Gallis TL, Dackis CA, O'Brien CP. A double-blind, placebo-controlled trial combining sertraline and naltrexone for treating co-occurring depression and alcohol dependence. Am J Psychiatry. 2010 Jun;167(6):668-75. doi: 10.1176/appi.ajp.2009.08060852. Epub 2010 Mar 15.</citation>
    <PMID>20231324</PMID>
  </results_reference>
  <verification_date>September 2013</verification_date>
  <lastchanged_date>October 2, 2015</lastchanged_date>
  <firstreceived_date>February 4, 2000</firstreceived_date>
  <responsible_party>
    <responsible_party_type>Sponsor</responsible_party_type>
  </responsible_party>
  <condition_browse>
    <!-- CAUTION:  The following MeSH terms are assigned with an imperfect algorithm            -->
    <mesh_term>Depression</mesh_term>
    <mesh_term>Depressive Disorder</mesh_term>
    <mesh_term>Alcoholism</mesh_term>
  </condition_browse>
  <intervention_browse>
    <!-- CAUTION:  The following MeSH terms are assigned with an imperfect algorithm            -->
    <mesh_term>Naltrexone</mesh_term>
    <mesh_term>Sertraline</mesh_term>
  </intervention_browse>
  <!-- Results have not yet been posted for this study                                          -->
</clinical_study>

