<?xml version="1.0" encoding="UTF-8"?>
<clinical_study rank="204">
  <!-- This xml conforms to an XML Schema at:
    https://clinicaltrials.gov/ct2/html/images/info/public.xsd -->
  <required_header>
    <download_date>ClinicalTrials.gov processed this data on August 29, 2017</download_date>
    <link_text>Link to the current ClinicalTrials.gov record.</link_text>
    <url>https://clinicaltrials.gov/show/NCT02791945</url>
  </required_header>
  <id_info>
    <org_study_id>9236sc</org_study_id>
    <nct_id>NCT02791945</nct_id>
  </id_info>
  <brief_title>N-acetylcysteine Treatment of Hazardous or Harmful Alcohol Use In Veterans With TBI</brief_title>
  <acronym>NAC</acronym>
  <official_title>N-acetylcysteine Treatment of Hazardous or Harmful Alcohol Use In Veterans With TBI</official_title>
  <sponsors>
    <lead_sponsor>
      <agency>University of California, San Francisco</agency>
      <agency_class>Other</agency_class>
    </lead_sponsor>
    <collaborator>
      <agency>United States Department of Defense</agency>
      <agency_class>U.S. Fed</agency_class>
    </collaborator>
    <collaborator>
      <agency>Northern California Institute of Research and Education</agency>
      <agency_class>Other</agency_class>
    </collaborator>
    <collaborator>
      <agency>San Francisco Veterans Affairs Medical Center</agency>
      <agency_class>U.S. Fed</agency_class>
    </collaborator>
    <collaborator>
      <agency>Institute for Translational Neuroscience</agency>
      <agency_class>Other</agency_class>
    </collaborator>
  </sponsors>
  <source>University of California, San Francisco</source>
  <oversight_info>
    <has_dmc>Yes</has_dmc>
  </oversight_info>
  <brief_summary>
    <textblock>
      The goal of the project is to improve the care of Veterans with mild traumatic brain injury
      (mTBI) and unhealthy alcohol use.
    </textblock>
  </brief_summary>
  <detailed_description>
    <textblock>
      This is a pilot controlled clinical trial that aims to assess the efficacy of
      N-acetylcysteine (NAC) to reduce alcohol use and improve brain injury symptoms in Veterans
      with mTBI who consume alcohol at hazardous or harmful levels.
    </textblock>
  </detailed_description>
  <overall_status>Recruiting</overall_status>
  <start_date>August 2016</start_date>
  <completion_date type="Anticipated">August 2017</completion_date>
  <primary_completion_date type="Anticipated">August 2017</primary_completion_date>
  <phase>Phase 2</phase>
  <study_type>Interventional</study_type>
  <has_expanded_access>No</has_expanded_access>
  <study_design_info>
    <allocation>Randomized</allocation>
    <intervention_model>Parallel Assignment</intervention_model>
    <primary_purpose>Treatment</primary_purpose>
    <masking>Double (Participant, Investigator)</masking>
  </study_design_info>
  <primary_outcome>
    <measure>Change in the number of heavy drinking days as assessed by the Timeline Followback (TFLB)</measure>
    <time_frame>Baseline to Week 8</time_frame>
    <description>Using a calendar, participants provide retrospective estimates of daily drinking over a specified period.</description>
  </primary_outcome>
  <primary_outcome>
    <measure>Change in TBI symptoms as assessed by the Neurobehavioral Symptom Inventory (NSI)</measure>
    <time_frame>Baseline to Week 8</time_frame>
    <description>Participants indicate the extent to which each of the 22 symptoms has disturbed them in the previous 2 weeks on a 5-item scale (0-none to 4-severe).
The NSI total score is the sum of severity ratings of the symptoms.</description>
  </primary_outcome>
  <other_outcome>
    <measure>Change in alcohol use as assessed by the Timeline Followback (TLFB)</measure>
    <time_frame>Baseline to Week 8</time_frame>
    <description>Using a calendar, participants provide retrospective estimates of daily drinking over a specified period.</description>
  </other_outcome>
  <number_of_arms>2</number_of_arms>
  <enrollment type="Anticipated">30</enrollment>
  <condition>Traumatic Brain Injury (TBI)</condition>
  <condition>Hazardous and Harmful Alcohol Use</condition>
  <arm_group>
    <arm_group_label>N-acetylcysteine</arm_group_label>
    <arm_group_type>Experimental</arm_group_type>
    <description>N-acetylcysteine capsules daily - up to 3200 mg</description>
  </arm_group>
  <arm_group>
    <arm_group_label>Placebo</arm_group_label>
    <arm_group_type>Placebo Comparator</arm_group_type>
    <description>Placebo capsules daily - up to 3200 mg</description>
  </arm_group>
  <intervention>
    <intervention_type>Behavioral</intervention_type>
    <intervention_name>Medical Management Counseling</intervention_name>
    <description>Brief alcohol counseling</description>
    <arm_group_label>N-acetylcysteine</arm_group_label>
    <arm_group_label>Placebo</arm_group_label>
  </intervention>
  <intervention>
    <intervention_type>Drug</intervention_type>
    <intervention_name>N-acetylcysteine</intervention_name>
    <description>Experimental supplement</description>
    <arm_group_label>N-acetylcysteine</arm_group_label>
    <other_name>NAC</other_name>
  </intervention>
  <intervention>
    <intervention_type>Drug</intervention_type>
    <intervention_name>Placebo</intervention_name>
    <description>Placebo comparator</description>
    <arm_group_label>Placebo</arm_group_label>
  </intervention>
  <eligibility>
    <criteria>
      <textblock>
        Inclusion Criteria:

          1. Male and female veterans

          2. Ages 18-65 (inclusive)

          3. A history of mTBI as defined by American Congress of Rehabilitation Medicine (ACRM),
             in the chronic, stable phase of recovery (&gt;6 months from injury).

          4. Current (past month [30 days]) Hazardous or Harmful Alcohol Use: Hazardous use is
             drinking that meets NIAAA criteria: Current (past 30 day) weekly drinking, consisting
             of an average of 15 standard drinks/week for men or 8 standard drinks/week for women.
             Harmful use is drinking behavior that meets DSM-5 criteria mild AUD.

          5. Participants must express a desire to reduce or stop alcohol use.

          6. Female subjects that must have a negative urine pregnancy test and must be either
             postmenopausal one year or practicing an effective birth control method.

        Exclusion Criteria:

          1. Unstable psychotic or bipolar disorders, dementia, or other psychiatric disorders
             judged to be unstable in the clinical judgment of the PI or study physician.

          2. Clinically significant unstable medical conditions, in the clinical judgment of the PI
             or study physician.

          3. Female patients who are pregnant or nursing.

          4. Concurrent participation in another alcohol treatment study, or in any research study
             involving medications.

          5. Requiring acute medical detoxification from alcohol based on a score of 12 or more on
             the Clinical Institute Withdrawal Assessment of Alcohol Scale (CIWA-AD).

          6. NAC use in the past week prior to study entry.

          7. Use of AUD treatment medications (disulfiram, naltrexone, or acamprosate) within the
             past week.

          8. Participants who are legally mandated to participate in an alcohol treatment program.

          9. Participants who have had a suicide attempt in the past 3 months or suicidal ideation,
             with intent, in the 30 days prior to enrollment.

         10. Participants who in the opinion of the investigator should not be enrolled in the
             study because of the precautions, warnings or contraindications outlined in the NAC
             package insert.

         11. Participants with known hypersensitivity to acetylcysteine
      </textblock>
    </criteria>
    <gender>All</gender>
    <minimum_age>18 Years</minimum_age>
    <maximum_age>65 Years</maximum_age>
    <healthy_volunteers>No</healthy_volunteers>
  </eligibility>
  <overall_official>
    <last_name>Steven L. Batki, MD</last_name>
    <role>Principal Investigator</role>
    <affiliation>Unviersity of California, San Francisco</affiliation>
  </overall_official>
  <overall_contact>
    <last_name>Steven L. Batki, MD</last_name>
    <phone>415-221-4810</phone>
    <phone_ext>23671</phone_ext>
    <email>steven.batki@ucsf.edu</email>
  </overall_contact>
  <overall_contact_backup>
    <last_name>Brooke Lasher, BA</last_name>
    <phone>415-221-4810</phone>
    <phone_ext>24495</phone_ext>
    <email>brooke.lasher@va.gov</email>
  </overall_contact_backup>
  <location>
    <facility>
      <name>San Francisco VA Medical Center</name>
      <address>
        <city>San Francisco</city>
        <state>California</state>
        <zip>94121</zip>
        <country>United States</country>
      </address>
    </facility>
    <status>Recruiting</status>
    <investigator>
      <last_name>Steven L. Batki, MD</last_name>
      <role>Principal Investigator</role>
    </investigator>
  </location>
  <location_countries>
    <country>United States</country>
  </location_countries>
  <verification_date>September 2016</verification_date>
  <lastchanged_date>September 30, 2016</lastchanged_date>
  <firstreceived_date>June 1, 2016</firstreceived_date>
  <responsible_party>
    <responsible_party_type>Sponsor</responsible_party_type>
  </responsible_party>
  <keyword>TBI</keyword>
  <keyword>hazardous and harmful alcohol use</keyword>
  <keyword>Veterans</keyword>
  <keyword>co-occurring disorders</keyword>
  <keyword>pharmacotherapy</keyword>
  <condition_browse>
    <!-- CAUTION:  The following MeSH terms are assigned with an imperfect algorithm            -->
    <mesh_term>Brain Injuries</mesh_term>
    <mesh_term>Alcohol Drinking</mesh_term>
  </condition_browse>
  <intervention_browse>
    <!-- CAUTION:  The following MeSH terms are assigned with an imperfect algorithm            -->
    <mesh_term>Ethanol</mesh_term>
    <mesh_term>Acetylcysteine</mesh_term>
    <mesh_term>N-monoacetylcystine</mesh_term>
  </intervention_browse>
  <!-- Results have not yet been posted for this study                                          -->
</clinical_study>

