<?xml version="1.0" encoding="UTF-8"?>
<clinical_study rank="244">
  <!-- This xml conforms to an XML Schema at:
    https://clinicaltrials.gov/ct2/html/images/info/public.xsd -->
  <required_header>
    <download_date>ClinicalTrials.gov processed this data on September 15, 2017</download_date>
    <link_text>Link to the current ClinicalTrials.gov record.</link_text>
    <url>https://clinicaltrials.gov/show/NCT02446067</url>
  </required_header>
  <id_info>
    <org_study_id>CIPRanchi</org_study_id>
    <nct_id>NCT02446067</nct_id>
  </id_info>
  <brief_title>Cerebral Hemodynamics With rTMS in Alcohol Dependence</brief_title>
  <official_title>Cerebral Hemodynamics With rTMS in Alcohol Dependence: A Randomized, Sham Controlled Study</official_title>
  <sponsors>
    <lead_sponsor>
      <agency>Central Institute of Psychiatry, Ranchi, India</agency>
      <agency_class>Other</agency_class>
    </lead_sponsor>
  </sponsors>
  <source>Central Institute of Psychiatry, Ranchi, India</source>
  <oversight_info>
    <has_dmc>No</has_dmc>
  </oversight_info>
  <brief_summary>
    <textblock>
      The present study measures the cerebral hemodynamic indices of alcohol dependent patients and
      observe the relative changes in these parameters with rTMS application.
    </textblock>
  </brief_summary>
  <detailed_description>
    <textblock>
      Alcohol abuse is a worldwide problem causing serious physical, psychological, social and
      economic consequences. Chronic alcohol intake has been found to increased blood viscosity,
      erythrocyte deformability or dehydration resulting in alterations of cerebral blood flow
      measures. Transcranial Doppler (TCD) sonography is a non-invasive radiological tool used for
      assessing the hemodynamics of the basal cerebral arteries, which can thus indirectly reflect
      the relative changes in regional cerebral blood flow velocity (CBFV) and vascular wall
      resistance. It has been used to evaluate the relative cerebral blood flow velocity changes in
      various psychiatric disorders like depression, schizophrenia, panic disorder, and substance
      use disorders including alcohol and marijuana. TCD also gives a real time assessment of the
      abrupt or short and long lasting effects of any external mechanical manipulation or
      functional stimulation of the intracranial circulation.

      The Mean flow velocity (MV) is the average of the edge frequency over a cardiac cycle; the
      edge frequency being the envelope of instantaneous peak velocities throughout the course of a
      cardiac cycle. Pulsatility index (PI) represents an estimate of downstream vascular
      resistance; low resistance vascular beds have higher diastolic flow velocities than high
      resistance vascular beds, hence they have low PI, and vice versa. Similarly, Resistance index
      (RI) is another presumptive measure of downstream vascular resistance.

      TCD sonography studies in alcoholism have revealed reduced mean blood flow velocities in
      basal cerebral arteries in chronic alcohol dependence, [1] as well as in acute stage of
      intoxication, but an increase after resolution of withdrawal state. [12] However, ethanol in
      low concentration has been found to increase the systolic, diastolic and mean blood flow
      velocity in middle cerebral arteries (MCA), anterior cerebral arteries (ACA) and decrease the
      resistance indices by reducing the cerebrovascular resistance in healthy individuals. Studies
      have reported that alcohol related hepatic dysfunction results in increased blood viscosity
      and reduced velocity in the cerebral arteries, which can be a risk factor for ischemic brain
      diseases. So, normalization of hemodynamic parameters is important in the prevention of
      possible ischemic brain diseases due to alcohol dependence.

      Studies evaluating cerebral hemodynamic response to rTMS application have been limited to
      healthy individuals, with high frequency rTMS application found to increase the cerebral
      blood flow velocities in both anterior and posterior basal cerebral arteries, and low
      frequency rTMS to temporarily decrease the blood flow velocity in ipsilateral MCA followed by
      an increase in the contralateral MCA. With this background, the present study was conducted
      to measure the cerebral hemodynamic indices of alcohol dependent patients and observe the
      relative changes in these parameters with rTMS application.
    </textblock>
  </detailed_description>
  <overall_status>Completed</overall_status>
  <start_date>March 2010</start_date>
  <completion_date type="Actual">May 2011</completion_date>
  <primary_completion_date type="Actual">May 2011</primary_completion_date>
  <phase>N/A</phase>
  <study_type>Interventional</study_type>
  <has_expanded_access>No</has_expanded_access>
  <study_design_info>
    <allocation>Randomized</allocation>
    <intervention_model>Parallel Assignment</intervention_model>
    <primary_purpose>Treatment</primary_purpose>
    <masking>Single (Participant)</masking>
  </study_design_info>
  <primary_outcome>
    <measure>Mean velocity (MV) of middle cerebral artery (MCA) and anterior cerebral artery (ACA)</measure>
    <time_frame>up to 5 minutes after last (10th) rTMS session</time_frame>
  </primary_outcome>
  <secondary_outcome>
    <measure>Pulsatility index (PI) of middle cerebral artery (MCA) and anterior cerebral artery (ACA)</measure>
    <time_frame>up to 5 minutes after last (10th) rTMS session</time_frame>
  </secondary_outcome>
  <secondary_outcome>
    <measure>Resistance index (RI) of middle cerebral artery (MCA) and anterior cerebral artery (ACA)</measure>
    <time_frame>up to 5 minutes after last (10th) rTMS session</time_frame>
  </secondary_outcome>
  <number_of_arms>3</number_of_arms>
  <enrollment type="Actual">75</enrollment>
  <condition>Alcohol Dependence</condition>
  <arm_group>
    <arm_group_label>Healthy control</arm_group_label>
    <arm_group_type>No Intervention</arm_group_type>
    <description>No Repetitive Transcranial Magnetic Stimulation (rTMS)</description>
  </arm_group>
  <arm_group>
    <arm_group_label>Active rTMS group</arm_group_label>
    <arm_group_type>Active Comparator</arm_group_type>
    <description>Active Repetitive Transcranial Magnetic Stimulation (rTMS)</description>
  </arm_group>
  <arm_group>
    <arm_group_label>Sham rTMS group</arm_group_label>
    <arm_group_type>Sham Comparator</arm_group_type>
    <description>Sham Repetitive Transcranial Magnetic Stimulation (rTMS)</description>
  </arm_group>
  <intervention>
    <intervention_type>Device</intervention_type>
    <intervention_name>Repetitive Transcranial Magnetic Stimulation (rTMS)</intervention_name>
    <description>The motor threshold for the left abductor pollicis brevis was determined using a figure-of-eight-shaped coil at 1 Hz frequency. Ten (over 2 weeks) rTMS sessions were administered over the right dorsolateral prefrontal cortex with an air-cooled figure-of-eight coil, angled tangentially to the head. At right DLPFC, active high-frequency (10 Hz) stimulation was administered for 4.9 seconds per train, with inter-train interval of 30 seconds, and a total of 20 trains per session. Each patient received 1000 pulses per day. The sham group was administered rTMS with the same parameters, but using a figure-of-eight sham coil.</description>
    <arm_group_label>Active rTMS group</arm_group_label>
    <arm_group_label>Sham rTMS group</arm_group_label>
  </intervention>
  <eligibility>
    <criteria>
      <textblock>
        Inclusion Criteria:

          -  Right handed, male patients, aged between 18-60 years, with diagnosis of alcohol
             dependence according to DSM-IV TR, after resolution of withdrawal symptoms i.e. having
             Clinical Institute of Withdrawal Assessment in Alcohol Withdrawal (CIWA-Ar) score of
             ≤10, were included in the study.

        Exclusion Criteria:

          -  Patients with comorbid psychiatric, major medical or neurological disorders or with a
             pacemaker or metal in any part of the body were excluded from the study.
      </textblock>
    </criteria>
    <gender>Male</gender>
    <minimum_age>18 Years</minimum_age>
    <maximum_age>60 Years</maximum_age>
    <healthy_volunteers>Accepts Healthy Volunteers</healthy_volunteers>
  </eligibility>
  <location>
    <facility>
      <name>Central Institute of Psychiatry</name>
      <address>
        <city>Ranchi</city>
        <state>Jharkhand</state>
        <zip>834006</zip>
        <country>India</country>
      </address>
    </facility>
  </location>
  <location_countries>
    <country>India</country>
  </location_countries>
  <results_reference>
    <citation>Gdovinová Z. Blood flow velocity in the middle cerebral artery in heavy alcohol drinkers. Alcohol Alcohol. 2001 Jul-Aug;36(4):346-8.</citation>
    <PMID>11468137</PMID>
  </results_reference>
  <results_reference>
    <citation>Pecuch PW, Evers S, Folkerts HW, Michael N, Arolt V. The cerebral hemodynamics of repetitive transcranial magnetic stimulation. Eur Arch Psychiatry Clin Neurosci. 2000;250(6):320-4.</citation>
    <PMID>11153967</PMID>
  </results_reference>
  <results_reference>
    <citation>de Castro AG, Bajbouj M, Schlattmann P, Lemke H, Heuser I, Neu P. Cerebrovascular reactivity in depressed patients without vascular risk factors. J Psychiatr Res. 2008 Jan;42(1):78-82. Epub 2006 Nov 20.</citation>
    <PMID>17113598</PMID>
  </results_reference>
  <results_reference>
    <citation>Mathew RJ, Wilson WH. Substance abuse and cerebral blood flow. Am J Psychiatry. 1991 Mar;148(3):292-305. Review.</citation>
    <PMID>1992832</PMID>
  </results_reference>
  <results_reference>
    <citation>Gdovinová Z. Cerebral blood flow velocity and erythrocyte deformability in heavy alcohol drinkers at the acute stage and two weeks after withdrawal. Drug Alcohol Depend. 2006 Feb 28;81(3):207-13. Epub 2005 Aug 29.</citation>
    <PMID>16129568</PMID>
  </results_reference>
  <results_reference>
    <citation>Blaha M, Aaslid R, Douville CM, Correra R, Newell DW. Cerebral blood flow and dynamic cerebral autoregulation during ethanol intoxication and hypercapnia. J Clin Neurosci. 2003 Mar;10(2):195-8.</citation>
    <PMID>12637048</PMID>
  </results_reference>
  <results_reference>
    <citation>Stendel R, Irnich B, al Hassan AA, Heidenreich J, Pietilae T. The influence of ethanol on blood flow velocity in major cerebral vessels. A prospective and controlled study. Alcohol. 2006 Apr;38(3):139-46. Epub 2006 Jul 28.</citation>
    <PMID>16905439</PMID>
  </results_reference>
  <results_reference>
    <citation>Sullivan JT, Sykora K, Schneiderman J, Naranjo CA, Sellers EM. Assessment of alcohol withdrawal: the revised clinical institute withdrawal assessment for alcohol scale (CIWA-Ar). Br J Addict. 1989 Nov;84(11):1353-7.</citation>
    <PMID>2597811</PMID>
  </results_reference>
  <verification_date>May 2015</verification_date>
  <lastchanged_date>May 14, 2015</lastchanged_date>
  <firstreceived_date>May 13, 2015</firstreceived_date>
  <responsible_party>
    <responsible_party_type>Principal Investigator</responsible_party_type>
    <investigator_affiliation>Central Institute of Psychiatry, Ranchi, India</investigator_affiliation>
    <investigator_full_name>Dr. Biswa Ranjan Mishra</investigator_full_name>
    <investigator_title>Senior resident</investigator_title>
  </responsible_party>
  <keyword>Transcranial Doppler (TCD) sonography</keyword>
  <keyword>rTMS</keyword>
  <keyword>Cerebral hemodynamics</keyword>
  <condition_browse>
    <!-- CAUTION:  The following MeSH terms are assigned with an imperfect algorithm            -->
    <mesh_term>Alcoholism</mesh_term>
  </condition_browse>
  <!-- Results have not yet been posted for this study                                          -->
</clinical_study>

