<?xml version="1.0" encoding="UTF-8"?>
<clinical_study rank="322">
  <!-- This xml conforms to an XML Schema at:
    https://clinicaltrials.gov/ct2/html/images/info/public.xsd -->
  <required_header>
    <download_date>ClinicalTrials.gov processed this data on September 15, 2017</download_date>
    <link_text>Link to the current ClinicalTrials.gov record.</link_text>
    <url>https://clinicaltrials.gov/show/NCT00424112</url>
  </required_header>
  <id_info>
    <org_study_id>E2_P1</org_study_id>
    <secondary_id>01EB0420</secondary_id>
    <nct_id>NCT00424112</nct_id>
  </id_info>
  <brief_title>Motivation in Alcohol Treatment Facilities</brief_title>
  <official_title>Stages an Processes of Change in Help-Seeking and Drinking Behavior</official_title>
  <sponsors>
    <lead_sponsor>
      <agency>University Medicine Greifswald</agency>
      <agency_class>Other</agency_class>
    </lead_sponsor>
    <collaborator>
      <agency>German Federal Ministry of Education and Research</agency>
      <agency_class>Other</agency_class>
    </collaborator>
  </sponsors>
  <source>University Medicine Greifswald</source>
  <brief_summary>
    <textblock>
      The purpose of this study is to determine if and to what extend a composite measure of
      treatment motivation and behavior change motivation predicts alcohol treatment success. It is
      expected that the composite measure based on the stages of the Transtheoretical Model of
      Behavior Change is a better predictor for treatment outcome than treatment motivation or
      behavior change motivation alone. Participants will be recruited from alcohol treatment
      centers. A baseline interview regarding their motivation, drinking behavior and personal
      treatment goals will be conducted. At the end of treatment, treatment staff will be asked
      about treatment involvement of each participant. Two follow-up interviews will be conducted
      after 6 and 12 months. To identify the impact of behavior change and treatment motivation on
      change in drinking behavior, data will be pooled with a non-treatment seeking sample.
      Conclusions can be drawn on what motivation pattern best predicts behavior change for those
      utilizing formal help and for those remitting without formal help (self-changers).
    </textblock>
  </brief_summary>
  <overall_status>Completed</overall_status>
  <start_date>October 2004</start_date>
  <completion_date>September 2006</completion_date>
  <phase>Phase 1</phase>
  <study_type>Observational</study_type>
  <has_expanded_access>No</has_expanded_access>
  <study_design_info>
    <observational_model>Defined Population</observational_model>
    <time_perspective>Longitudinal, Retrospective/Prospective</time_perspective>
  </study_design_info>
  <enrollment>450</enrollment>
  <condition>Alcohol Dependence</condition>
  <condition>Alcohol Abuse</condition>
  <eligibility>
    <criteria>
      <textblock>
        Inclusion Criteria:

          -  Alcohol dependence

          -  Alcohol abuse

        Exclusion Criteria:

          -  Persons physically and mentally not capable of participating in study
      </textblock>
    </criteria>
    <gender>All</gender>
    <minimum_age>18 Years</minimum_age>
    <maximum_age>64 Years</maximum_age>
  </eligibility>
  <overall_official>
    <last_name>Jennis Freyer-Adam, Dr</last_name>
    <role>Principal Investigator</role>
    <affiliation>University Medicine Greifswald</affiliation>
  </overall_official>
  <overall_official>
    <last_name>Ulfert Hapke, Dr</last_name>
    <role>Principal Investigator</role>
    <affiliation>University of Applied Sciences Muenster</affiliation>
  </overall_official>
  <overall_official>
    <last_name>Ulrich John, Prof Dr</last_name>
    <role>Study Director</role>
    <affiliation>University Medicine Greifswald</affiliation>
  </overall_official>
  <location>
    <facility>
      <name>Johnanna-Odebrecht-Stiftung</name>
      <address>
        <city>Greifswald</city>
        <state>Mecklenburg-Vorpommern</state>
        <zip>17489</zip>
        <country>Germany</country>
      </address>
    </facility>
  </location>
  <location>
    <facility>
      <name>Krankenhaus West</name>
      <address>
        <city>Stralsund</city>
        <state>Mecklenburg-Vorpommern</state>
        <zip>18437</zip>
        <country>Germany</country>
      </address>
    </facility>
  </location>
  <location_countries>
    <country>Germany</country>
  </location_countries>
  <verification_date>January 2007</verification_date>
  <lastchanged_date>January 17, 2007</lastchanged_date>
  <firstreceived_date>January 17, 2007</firstreceived_date>
  <keyword>motivation to change</keyword>
  <keyword>treatment motivation</keyword>
  <keyword>alcohol use disorders</keyword>
  <condition_browse>
    <!-- CAUTION:  The following MeSH terms are assigned with an imperfect algorithm            -->
    <mesh_term>Alcoholism</mesh_term>
  </condition_browse>
  <!-- Results have not yet been posted for this study                                          -->
</clinical_study>

