<?xml version="1.0" encoding="UTF-8"?>
<clinical_study rank="408">
  <!-- This xml conforms to an XML Schema at:
    https://clinicaltrials.gov/ct2/html/images/info/public.xsd -->
  <required_header>
    <download_date>ClinicalTrials.gov processed this data on August 29, 2017</download_date>
    <link_text>Link to the current ClinicalTrials.gov record.</link_text>
    <url>https://clinicaltrials.gov/show/NCT02384278</url>
  </required_header>
  <id_info>
    <org_study_id>ID10</org_study_id>
    <nct_id>NCT02384278</nct_id>
  </id_info>
  <brief_title>Internet Based Cognitive Behavior Treatment for Alcohol Problems</brief_title>
  <acronym>ICBT-AP</acronym>
  <official_title>Internet Based Cognitive Behavior Treatment for Alcohol Problems: A Pilot Study</official_title>
  <sponsors>
    <lead_sponsor>
      <agency>Karolinska Institutet</agency>
      <agency_class>Other</agency_class>
    </lead_sponsor>
    <collaborator>
      <agency>Göteborg University</agency>
      <agency_class>Other</agency_class>
    </collaborator>
  </sponsors>
  <source>Karolinska Institutet</source>
  <oversight_info>
    <has_dmc>No</has_dmc>
  </oversight_info>
  <brief_summary>
    <textblock>
      The purpose of this study is to determine whether internet based cognitive behavior therapy
      might be effective in the treatment of alcohol problems.
    </textblock>
  </brief_summary>
  <detailed_description>
    <textblock>
      A 12 week Internet based self help program based on cognitive behavioral therapy and relapse
      prevention is tested among Internet help seekers as well as among patients seeking help in
      addiction care.The design is a one armed pilot study, and outcomes are measured in terms of
      changes in alcohol consumption, problematic alcohol use, self efficacy, craving, as well as
      depression and quality of life. 20 participants are recruited entirely online from an open
      access website and 20 participants are recruited through information given to them at an
      addiction clinic. All participants have access to the same self help program and have access
      to a licensed psychologist who guides the person all the way through the program.
    </textblock>
  </detailed_description>
  <overall_status>Enrolling by invitation</overall_status>
  <start_date>March 2015</start_date>
  <completion_date type="Anticipated">May 2017</completion_date>
  <primary_completion_date type="Actual">November 2015</primary_completion_date>
  <phase>N/A</phase>
  <study_type>Interventional</study_type>
  <has_expanded_access>No</has_expanded_access>
  <study_design_info>
    <intervention_model>Single Group Assignment</intervention_model>
    <primary_purpose>Treatment</primary_purpose>
    <masking>None (Open Label)</masking>
  </study_design_info>
  <primary_outcome>
    <measure>Time Line Follow Back (TLFB)</measure>
    <time_frame>Baseline, 14 and 26 weeks</time_frame>
    <description>Change in total TLFB score (consumption during preceding week), as a summarized</description>
  </primary_outcome>
  <secondary_outcome>
    <measure>Alcohol Use Disorders Identification Test (AUDIT)</measure>
    <time_frame>Baseline, 14 and 26 weeks</time_frame>
    <description>Change in total AUDIT score, as a summarized measure of alcohol use (including alcohol consumption and alcohol-related problems)</description>
  </secondary_outcome>
  <secondary_outcome>
    <measure>Drug Use Identification Test (DUDIT)</measure>
    <time_frame>Baseline, 14 and 26 weeks</time_frame>
    <description>Change in total DUDIT score, as a summarized measure of drug use (including drug consumption and drug-related problems)</description>
  </secondary_outcome>
  <secondary_outcome>
    <measure>Montgomery Asberg Depression Rating Scale - self report (MADRS-S)</measure>
    <time_frame>Baseline, 14 and 26 weeks</time_frame>
    <description>Change in total MADRS-S score, as a summarized measure of depression</description>
  </secondary_outcome>
  <secondary_outcome>
    <measure>World Health Organization Quality of Life Scale (WHOQOL-BREF)</measure>
    <time_frame>Baseline, 14 and 26 weeks</time_frame>
    <description>Change in total WHOQOL-BREF score, as a summarized measure of quality of life</description>
  </secondary_outcome>
  <secondary_outcome>
    <measure>Alcohol Abstinence Self Efficacy Scale (AASES)</measure>
    <time_frame>Baseline, 14 and 26 weeks</time_frame>
    <description>Change in total AASES score, as a summarized measure of self efficacy</description>
  </secondary_outcome>
  <secondary_outcome>
    <measure>Penn Alcohol Craving Scale (PACS)</measure>
    <time_frame>Baseline, 14 and 26 weeks</time_frame>
  </secondary_outcome>
  <secondary_outcome>
    <measure>Readiness to Change Questionnaire (RTCQ)</measure>
    <time_frame>Baseline, 14 and 26 weeks</time_frame>
    <description>Score in RTCQ as a summarized measure of motivation used as predictor for other outcomes</description>
  </secondary_outcome>
  <number_of_arms>1</number_of_arms>
  <enrollment type="Anticipated">40</enrollment>
  <condition>Alcohol Use Disorders</condition>
  <arm_group>
    <arm_group_label>Internet-based CBT for alcohol problems</arm_group_label>
    <arm_group_type>Experimental</arm_group_type>
    <description>A 12-week internet-based cognitive behavior treatment (CBT) and relapse prevention program. The subjects will have access to a psychologist guiding them through the program.</description>
  </arm_group>
  <intervention>
    <intervention_type>Behavioral</intervention_type>
    <intervention_name>Internet-based CBT for alcohol problems</intervention_name>
    <description>A 12-week internet-based program based on cognitive behavior treatment (CBT) and relapse prevention</description>
    <arm_group_label>Internet-based CBT for alcohol problems</arm_group_label>
  </intervention>
  <eligibility>
    <criteria>
      <textblock>
        Inclusion Criteria:

          -  ≥ 18 years

          -  access to the Internet

          -  problematic alcohol use defined as ≥ 16 p or more for men and ≥ 14 p or more for women
             in the Alcohol Use Identification Scale

        Exclusion Criteria:

          -  not adequately fluent in Swedish

          -  reading or writing impairment if this is so severe as to affect treatment

          -  ongoing psychological treatment with content similar to the treatment being studied

          -  suicide risk defined as ≥ 4 p på MADRS-S Q 9 or through a telephone interview with
             clinician

          -  severe depression defined as MADRS-S ≥ 30 p

          -  somatic or psychiatric conditions that are contraindicated for the treatment such as
             psychosis, bipolar disorder (depressive or manic phase), severe post traumatic stress
             disorder.

          -  has during the last 3 weeks begun using medication for alcohol problems or other
             psychiatric disorder
      </textblock>
    </criteria>
    <gender>All</gender>
    <minimum_age>18 Years</minimum_age>
    <maximum_age>N/A</maximum_age>
    <healthy_volunteers>No</healthy_volunteers>
  </eligibility>
  <overall_official>
    <last_name>Anne H Berman, PhD</last_name>
    <role>Principal Investigator</role>
    <affiliation>Karolinska Institutet</affiliation>
  </overall_official>
  <location>
    <facility>
      <name>Karolinska institutet, Department of Clinical Neuroscience, Center for Psychiatric Research</name>
      <address>
        <city>Stockholm</city>
        <zip>11364</zip>
        <country>Sweden</country>
      </address>
    </facility>
  </location>
  <location_countries>
    <country>Sweden</country>
  </location_countries>
  <link>
    <url>http://ki.se/en/people/anberm</url>
    <description>Anne H Berman's research group profile</description>
  </link>
  <verification_date>April 2016</verification_date>
  <lastchanged_date>April 26, 2016</lastchanged_date>
  <firstreceived_date>February 26, 2015</firstreceived_date>
  <responsible_party>
    <responsible_party_type>Principal Investigator</responsible_party_type>
    <investigator_affiliation>Karolinska Institutet</investigator_affiliation>
    <investigator_full_name>Anne H Berman</investigator_full_name>
    <investigator_title>Associate Professor</investigator_title>
  </responsible_party>
  <keyword>alcohol use disorder</keyword>
  <keyword>internet</keyword>
  <keyword>cognitive behavior therapy</keyword>
  <keyword>relapse prevention</keyword>
  <condition_browse>
    <!-- CAUTION:  The following MeSH terms are assigned with an imperfect algorithm            -->
    <mesh_term>Alcohol Drinking</mesh_term>
  </condition_browse>
  <intervention_browse>
    <!-- CAUTION:  The following MeSH terms are assigned with an imperfect algorithm            -->
    <mesh_term>Ethanol</mesh_term>
  </intervention_browse>
  <patient_data>
    <sharing_ipd>Undecided</sharing_ipd>
  </patient_data>
  <!-- Results have not yet been posted for this study                                          -->
</clinical_study>

