<?xml version="1.0" encoding="UTF-8"?>
<clinical_study rank="344">
  <!-- This xml conforms to an XML Schema at:
    https://clinicaltrials.gov/ct2/html/images/info/public.xsd -->
  <required_header>
    <download_date>ClinicalTrials.gov processed this data on September 01, 2017</download_date>
    <link_text>Link to the current ClinicalTrials.gov record.</link_text>
    <url>https://clinicaltrials.gov/show/NCT02759445</url>
  </required_header>
  <id_info>
    <org_study_id>C2-Strain</org_study_id>
    <secondary_id>14-110</secondary_id>
    <nct_id>NCT02759445</nct_id>
  </id_info>
  <brief_title>Myocardial Deformation Imaging After Acute Alcohol Excess</brief_title>
  <acronym>C2</acronym>
  <official_title>Detection of Early Changes in Left Ventricular Function by Myocardial Deformation Imaging After Acute Excessive Alcohol Ingestion</official_title>
  <sponsors>
    <lead_sponsor>
      <agency>RWTH Aachen University</agency>
      <agency_class>Other</agency_class>
    </lead_sponsor>
  </sponsors>
  <source>RWTH Aachen University</source>
  <oversight_info>
    <has_dmc>Yes</has_dmc>
  </oversight_info>
  <brief_summary>
    <textblock>
      Background: Chronic excessive alcohol consumption leads to progressive and chronic cardiac
      dysfunction. In general, patients consuming alcohol more than five years are at risk for the
      development of dilated cardiomyopathy. As only few data about immediate changes in left
      ventricular function after acute excessive alcohol ingestion are available, this study sought
      to close this gap.

      Methods: 200 subjects (not used to alcohol, no cardiac disease) will be examined up to 12
      hours after alcohol excess and after 4 weeks of complete alcohol abstinence. Echocardiography
      will performed at baseline and at follow-up regarding conventional parameter [as left
      ventricular ejection fraction (LVEF), transmitral early (E) and late (A) Doppler flow
      velocities, E/A ratio, deceleration time of E (DT) and isovolumic relaxation time (IVRT)] and
      myocardial deformation data [as layer specific global circumferential (endo GCS, mid GCS, epi
      GCS) and longitudinal (endo GLS, mid GLS, epi GLS) strain].
    </textblock>
  </brief_summary>
  <overall_status>Not yet recruiting</overall_status>
  <start_date>April 2016</start_date>
  <completion_date type="Anticipated">October 2016</completion_date>
  <primary_completion_date type="Anticipated">September 2016</primary_completion_date>
  <phase>N/A</phase>
  <study_type>Observational</study_type>
  <has_expanded_access>No</has_expanded_access>
  <study_design_info>
    <observational_model>Case-Only</observational_model>
    <time_perspective>Prospective</time_perspective>
  </study_design_info>
  <primary_outcome>
    <measure>Myocardial Dysfunction by echocardiographic parameters</measure>
    <time_frame>At 4 weeks follow-up</time_frame>
    <description>Conventional echocardiographic parameters as left ventricular ejection fraction (measured in %) and volumes (measured in ml) and myocardial Deformation parameters as global and layer specific radial, longitudinal and circumferential strain (all measured in %) will be determined</description>
  </primary_outcome>
  <secondary_outcome>
    <measure>Change from baseline in echocardiographic parameters</measure>
    <time_frame>from baseline to follow up at 4 weeks</time_frame>
    <description>These echocardiographic parameters will be determined at baseline and at 4 weeks follow up and the changes (assessed by percentage differences) will be given</description>
  </secondary_outcome>
  <number_of_groups>1</number_of_groups>
  <enrollment type="Anticipated">200</enrollment>
  <condition>Myocardial Dysfunction</condition>
  <intervention>
    <intervention_type>Other</intervention_type>
    <intervention_name>routine treatment</intervention_name>
    <description>No intervention, only observation and describing</description>
  </intervention>
  <eligibility>
    <study_pop>
      <textblock>
        Subjects who are not used to alcohol and have no heart disease will be asked for an
        echocardipgraphy (at baseline and at 4 weeks follow-up) in case of excessive alcohol
        Ingestion up to 12 hours before determination
      </textblock>
    </study_pop>
    <sampling_method>Probability Sample</sampling_method>
    <criteria>
      <textblock>
        Inclusion Criteria:

          -  healthy subjects who are not used to alcohol

          -  subjets who had an excessive alcohol Ingestion up to 12 hours before echocardiography

        Exclusion Criteria:

          -  any heart disease

          -  subjects under 18 years
      </textblock>
    </criteria>
    <gender>All</gender>
    <minimum_age>18 Years</minimum_age>
    <maximum_age>60 Years</maximum_age>
    <healthy_volunteers>Accepts Healthy Volunteers</healthy_volunteers>
  </eligibility>
  <overall_official>
    <last_name>Michael Becker, Prof.</last_name>
    <role>Principal Investigator</role>
    <affiliation>Department of Internal Medicine I, University Hospital Aachen</affiliation>
  </overall_official>
  <overall_contact>
    <last_name>Michael Becker, Prof.</last_name>
    <phone>0049-241-8037137</phone>
    <email>mibecker@ukaachen.de</email>
  </overall_contact>
  <location>
    <facility>
      <name>Department of Cardiology, RWTH Aachen University Hospital</name>
      <address>
        <city>Aachen</city>
        <zip>52074</zip>
        <country>Germany</country>
      </address>
    </facility>
    <status>Not yet recruiting</status>
    <contact>
      <last_name>Michael Becker, Prof.</last_name>
      <phone>0049-241-8089301</phone>
      <email>mibecker@ukaachen.de</email>
    </contact>
  </location>
  <location_countries>
    <country>Germany</country>
  </location_countries>
  <verification_date>April 2016</verification_date>
  <lastchanged_date>April 29, 2016</lastchanged_date>
  <firstreceived_date>November 24, 2015</firstreceived_date>
  <responsible_party>
    <responsible_party_type>Sponsor</responsible_party_type>
  </responsible_party>
  <keyword>alcohol induced cardiomyopathy</keyword>
  <keyword>myocardial deformation imaging</keyword>
  <intervention_browse>
    <!-- CAUTION:  The following MeSH terms are assigned with an imperfect algorithm            -->
    <mesh_term>Ethanol</mesh_term>
  </intervention_browse>
  <!-- Results have not yet been posted for this study                                          -->
</clinical_study>

