<?xml version="1.0" encoding="UTF-8"?>
<clinical_study rank="360">
  <!-- This xml conforms to an XML Schema at:
    https://clinicaltrials.gov/ct2/html/images/info/public.xsd -->
  <required_header>
    <download_date>ClinicalTrials.gov processed this data on August 29, 2017</download_date>
    <link_text>Link to the current ClinicalTrials.gov record.</link_text>
    <url>https://clinicaltrials.gov/show/NCT02372318</url>
  </required_header>
  <id_info>
    <org_study_id>37</org_study_id>
    <nct_id>NCT02372318</nct_id>
  </id_info>
  <brief_title>Single-dose of Nalmefene to Modulate Neural Alcohol Cue Reactivity</brief_title>
  <acronym>NALCUE</acronym>
  <official_title>Nalmefene Challenge to Modulate Neural Reactivity to Alcohol-related and Emotional Cues in Non-treatment Seeking Alcohol Dependent Participants</official_title>
  <sponsors>
    <lead_sponsor>
      <agency>Central Institute of Mental Health, Mannheim</agency>
      <agency_class>Other</agency_class>
    </lead_sponsor>
    <collaborator>
      <agency>Lundbeck GmbH, Ericusspitze 2, 20457 Hamburg</agency>
      <agency_class>Other</agency_class>
    </collaborator>
  </sponsors>
  <source>Central Institute of Mental Health, Mannheim</source>
  <oversight_info>
    <has_dmc>No</has_dmc>
  </oversight_info>
  <brief_summary>
    <textblock>
      The aim of this study is to use functional Magnetic Resonance Imaging (fMRI) to measure
      neural reactivity to alcohol-related and emotional cues in alcohol dependent subjects
      following a single dose of the opioid receptor modulator nalmefene. The study will be done in
      a cross over design with nalmefene versus placebo.
    </textblock>
  </brief_summary>
  <detailed_description>
    <textblock>
      All subjects will undergo a battery of minimal risk procedures during each study visit;
      filling out questionnaires, performing agreed behavioral tasks, scanning procedures including
      two functional MRI (fMRI) scans as well as structural MRI.

      The fMRI will be obtained in non-abstinent participants with breath alcohol concentrations
      not larger than &gt; 0.3 ‰ and withdrawal severity not more than 4 on the clinical institute
      withdrawal assessment for alcohol (CIWA-Ar) scale.

      Alcohol consumption will be assessed with the Form90 interview. Severity of alcohol
      dependence will be examined with the Alcohol Dependence Scale (ADS). Drinking situations will
      be assessed with the Inventory of Drinking Situations (IDS). Trait aspects of craving for
      alcohol will be measured with the Obsessive Compulsive Drinking Scale (OCDS). To examine
      state and trait anxiety the State-Trait Anxiety Inventory (STAI) will be used. Depressive
      symptoms will be measured with the Beck Depression Inventory (BDI) and the State-Trait
      Depression Scales (STDS). Nicotine consumption will be assessed with the Fagerström Test for
      Nicotine Dependence.

      The following scales will be administered before and after each fMRI scanning: The Alcohol
      Craving Questionnaire (ACQ), the Alcohol Urge Questionaire (AUQ) and visual analogue scales
      for craving assessment.

      Participants will undergo two fMRI scanning sessions at intervals of one week: one 2 h after
      administration of nalmefene and one 2 h after administration of placebo, carried out in a
      randomized order.

      MRI examinations include

        -  a cue-reactivity task;

        -  an emotional faces task;

        -  resting-state fMRI;

        -  structural MRI;

        -  including preparation, instructions and breaks
    </textblock>
  </detailed_description>
  <overall_status>Terminated</overall_status>
  <why_stopped>
    Anticipated nr of 25 probands was not reached in terms of full data sets (missing data, low
    fMRI data quality), but time frame for recruitment ended.
  </why_stopped>
  <start_date>April 2015</start_date>
  <completion_date type="Actual">May 2016</completion_date>
  <primary_completion_date type="Actual">May 2016</primary_completion_date>
  <phase>Early Phase 1</phase>
  <study_type>Interventional</study_type>
  <has_expanded_access>No</has_expanded_access>
  <study_design_info>
    <allocation>Randomized</allocation>
    <intervention_model>Crossover Assignment</intervention_model>
    <primary_purpose>Basic Science</primary_purpose>
    <masking>Triple (Participant, Care Provider, Investigator)</masking>
  </study_design_info>
  <primary_outcome>
    <measure>Difference in cue-induced brain activation between two fMRI scans (randomization to an intake of nalmefene (18 mg) or placebo).</measure>
    <time_frame>Primary outcome measures will be assessed on day 2 and day3 after fMRI scan, data collection will take up to 12 months</time_frame>
    <description>This difference will be extracted from whole-brain contrast images in the VS and DS using the percentage of activated voxels in these regions of interest (ROI).</description>
  </primary_outcome>
  <number_of_arms>2</number_of_arms>
  <enrollment type="Actual">23</enrollment>
  <condition>Alcoholism</condition>
  <arm_group>
    <arm_group_label>Nalmefene Challenge</arm_group_label>
    <arm_group_type>Experimental</arm_group_type>
    <description>Participants will receive 18mg Nalmefene two hours prior to fMRI measurement. During fMRI scanning alcohol cues will be presented.</description>
  </arm_group>
  <arm_group>
    <arm_group_label>Placebo</arm_group_label>
    <arm_group_type>Placebo Comparator</arm_group_type>
    <description>Participants will receive Placebo two hours prior to fMRI measurement. During fMRI scanning alcohol cues will be presented.</description>
  </arm_group>
  <intervention>
    <intervention_type>Drug</intervention_type>
    <intervention_name>Nalmefene</intervention_name>
    <description>18mg of Nalmefen will be administered orally</description>
    <arm_group_label>Nalmefene Challenge</arm_group_label>
    <other_name>Selincro</other_name>
  </intervention>
  <intervention>
    <intervention_type>Drug</intervention_type>
    <intervention_name>Placebo</intervention_name>
    <description>Placebo tablet</description>
    <arm_group_label>Placebo</arm_group_label>
  </intervention>
  <eligibility>
    <criteria>
      <textblock>
        Inclusion Criteria:

          -  severe alcohol use disorder according to DSM 5 and &quot;heavy drinking&quot;: alcohol
             consumption &gt;=60g (men) and &gt;=40g (women) (minimum of 5 days / week)

          -  right-handedness

          -  normal or corrected to normal vision

          -  signed written informed consent

        Exclusion Criteria:

        valid at the time of MRI investigation:

          -  psychotropic medication within the last 14 days

          -  severe withdrawal symptoms (CIWA-Ar &gt; 4; Sullivan et al. 1989)

          -  intoxication (breath alcohol concentration &gt; 0.3 ‰)

          -  common exclusion criteria for MRI (e.g. metal, claustrophobia)

          -  positive drug screening (opioids, cannabinoids, benzodiazepines, barbiturates,
             cocaine, amphetamines)

          -  pregnancy

          -  contraindications to the prescription of nalmefene valid at inclusion:

          -  previous severe withdrawal / withdrawal complications

          -  previous inpatient detoxification treatment

          -  other Axis I psychiatric diagnoses than alcohol- or nicotine-dependence in the last 12
             months

          -  neurological disorders, history of brain injury
      </textblock>
    </criteria>
    <gender>All</gender>
    <minimum_age>18 Years</minimum_age>
    <maximum_age>65 Years</maximum_age>
    <healthy_volunteers>No</healthy_volunteers>
  </eligibility>
  <overall_official>
    <last_name>Sabine Vollstädt-Klein, Prof. Dr.</last_name>
    <role>Principal Investigator</role>
    <affiliation>Central Institute of Mental Health, Mannheim</affiliation>
  </overall_official>
  <overall_official>
    <last_name>Falk Kiefer, Prof. Dr.</last_name>
    <role>Principal Investigator</role>
    <affiliation>Central Institute of Mental Health, Mannheim</affiliation>
  </overall_official>
  <location>
    <facility>
      <name>Zentralinstitut für Seelische Gesundheit</name>
      <address>
        <city>Mannheim</city>
        <zip>68167</zip>
        <country>Germany</country>
      </address>
    </facility>
  </location>
  <location_countries>
    <country>Germany</country>
  </location_countries>
  <verification_date>January 2016</verification_date>
  <lastchanged_date>June 28, 2017</lastchanged_date>
  <firstreceived_date>February 6, 2015</firstreceived_date>
  <responsible_party>
    <responsible_party_type>Sponsor</responsible_party_type>
  </responsible_party>
  <keyword>opiod receptor modulator nalmefene</keyword>
  <keyword>cue-reactivity</keyword>
  <keyword>fMRI</keyword>
  <keyword>resting-state networks</keyword>
  <condition_browse>
    <!-- CAUTION:  The following MeSH terms are assigned with an imperfect algorithm            -->
    <mesh_term>Alcoholism</mesh_term>
  </condition_browse>
  <intervention_browse>
    <!-- CAUTION:  The following MeSH terms are assigned with an imperfect algorithm            -->
    <mesh_term>Ethanol</mesh_term>
    <mesh_term>Nalmefene</mesh_term>
    <mesh_term>Naltrexone</mesh_term>
  </intervention_browse>
  <!-- Results have not yet been posted for this study                                          -->
</clinical_study>

