<?xml version="1.0" encoding="UTF-8"?>
<clinical_study rank="380">
  <!-- This xml conforms to an XML Schema at:
    https://clinicaltrials.gov/ct2/html/images/info/public.xsd -->
  <required_header>
    <download_date>ClinicalTrials.gov processed this data on August 15, 2017</download_date>
    <link_text>Link to the current ClinicalTrials.gov record.</link_text>
    <url>https://clinicaltrials.gov/show/NCT01802736</url>
  </required_header>
  <id_info>
    <org_study_id>THRiVE- ASK</org_study_id>
    <nct_id>NCT01802736</nct_id>
  </id_info>
  <brief_title>Alcohol Use and Risky Sexual Behaviors Among HIV Infected Subjects in Kampala Uganda</brief_title>
  <acronym>ASK</acronym>
  <official_title>Alcohol Consumption and Alcohol Reduction Intervention Among HIV Infected Persons in a Large Urban HIV Clinic in Uganda</official_title>
  <sponsors>
    <lead_sponsor>
      <agency>Makerere University</agency>
      <agency_class>Other</agency_class>
    </lead_sponsor>
    <collaborator>
      <agency>Training Health research into Vocational excellence in East Africa (THRiVE)</agency>
      <agency_class>Other</agency_class>
    </collaborator>
    <collaborator>
      <agency>Wellcome Trust</agency>
      <agency_class>Other</agency_class>
    </collaborator>
    <collaborator>
      <agency>Infectious Diseases Institute</agency>
      <agency_class>Other</agency_class>
    </collaborator>
  </sponsors>
  <source>Makerere University</source>
  <oversight_info>
    <has_dmc>No</has_dmc>
  </oversight_info>
  <brief_summary>
    <textblock>
      Background: Approximately 6.4% of Ugandans are living with HIV, that is acquired and
      transmitted mainly through sexual intercourse between an HIV infected and uninfected person.
      Uganda is ranked among 28 top per capita alcohol consumers in the world and second in Africa.
      in the general population, Alcohol consumption is associated with increased sexual
      transmission risks for HIV. Data on alcohol consumption and its impact on sexual behaviors
      and HIV disease progression among HIV infected persons, the persons able to transmit HIV are
      lacking in this setting.

      Objectives: To estimate the prevalence of alcohol consumption among HIV infected persons,
      assess associations between alcohol and CD4 cell count as well as evaluate the effect of
      alcohol motivational intervention counseling on alcohol consumption and the subsequent
      practice of risky sexual behaviors, among HIV infected persons.

      Methodology: Using both cross-sectional and longitudinal methods,persons living with HIV/AIDS
      (PLWHA) attending the Infectious Diseases Institute Clinic (IDI clinic) will be recruited,
      baseline alcohol consumption evaluated, and eligible subjects reporting alcohol consumption
      will be randomized to receive either Standard positive prevention counseling alone or in
      addition to alcohol motivation intervention counseling. Sexual risk behaviors and alcohol
      consumption will be evaluated at 3 and 6 months and compared between randomization arms.
    </textblock>
  </brief_summary>
  <detailed_description>
    <textblock>
      Uganda is among countries with the highest per capita consumption rates of alcohol as well as
      a high prevalence of HIV. Uganda is ranked the 28th in the world in alcohol consumption per
      capita and is 2nd top consumer of alcohol in Africa.

      Little is known about alcohol use and its impact on sexual risk behaviors and HIV disease
      progression from this setting Understanding alcohol consumption burden and testing an
      intervention measure directed against alcohol consumption will result in reduced alcohol
      consumption and potentially reduced sexual risk behaviors hence boost the success of ART and
      subsequently reduce potential further HIV transmission from Persons Living With HIV/AIDS.

      To increase the understanding of alcohol consumption among persons living with HIV in through
      a series of epidemiological studies by estimating the burden of alcohol consumption, its
      association with HIV disease progression and assess the effect of an alcohol motivational
      intervention plus standard positive prevention versus standard positive prevention counseling
      alone on alcohol and sexual risk behaviors among PLWHA at the IDI clinic.

      Specific Objectives

        1. To identify and determine the prevalence of clinical factors associated with any alcohol
           consumption among PLWHA attending the IDI clinic in Kampala Uganda

        2. To describe the association between moderate alcohol consumption and CD4 cell count at
           base-line among patients attending the IDI clinic.

        3. To determine the efficacy of standard positive prevention counseling plus Motivational
           intervention (SPP+MI) for alcohol consumption versus standard positive prevention
           counseling (SPP) only in reducing alcohol consumption among HIV infected moderate
           alcohol drinkers attending the IDI clinic in Kampala Uganda.

        4. To determine whether reduction in alcohol consumption is associated with reductions in
           risky sexual behaviors among HIV infected moderate alcohol drinkers attending the AIDC
           in Kampala Uganda.

      Risky Sexual Behavior for HIV transmission assessed as a summation of yes or no(Binary) if
      reporting ANY ONE or ALL of the following behaviors (non spousal sexual inter-course,
      unprotected sex with any partner who is HIV negative/unknown HIV status or reporting multiple
      Non spousal sex partners within the study period under inquiry.
    </textblock>
  </detailed_description>
  <overall_status>Unknown status</overall_status>
  <last_known_status>Active, not recruiting</last_known_status>
  <start_date>February 2013</start_date>
  <completion_date type="Anticipated">March 2014</completion_date>
  <primary_completion_date type="Anticipated">September 2013</primary_completion_date>
  <phase>N/A</phase>
  <study_type>Interventional</study_type>
  <has_expanded_access>No</has_expanded_access>
  <study_design_info>
    <allocation>Randomized</allocation>
    <intervention_model>Parallel Assignment</intervention_model>
    <primary_purpose>Treatment</primary_purpose>
    <masking>Single Blind (Outcomes Assessor)</masking>
  </study_design_info>
  <primary_outcome>
    <measure>Change in alcohol consumption Score as assessed by the AUDIT-C tool .</measure>
    <time_frame>6 months</time_frame>
  </primary_outcome>
  <secondary_outcome>
    <measure>Change in Risky sexual behavior composite in the last 3 months assessed at baseline, 3 and 6 month visit.</measure>
    <time_frame>3 and 6 months</time_frame>
  </secondary_outcome>
  <other_outcome>
    <measure>CD4 Cell count in the last 6 months preceding the study visit</measure>
    <time_frame>6 months</time_frame>
  </other_outcome>
  <number_of_arms>2</number_of_arms>
  <enrollment type="Anticipated">510</enrollment>
  <condition>Alcohol Use</condition>
  <condition>HIV</condition>
  <arm_group>
    <arm_group_label>Standard Positive Prevention Counselling</arm_group_label>
    <arm_group_type>Active Comparator</arm_group_type>
    <description>Standard positive prevention counseling which includes alcohol reduction and sexual risk behavior counseling provided in the clinic by the clinic medical counselors on the day of enrollment and at month 3 visit.
Although there is awareness of the need to engage and include PLWHA in HIV prevention, there are little practical efforts devoted towards this engagement even in developed countries. One of the major reasons is the lack of a well-defined standard positive prevention package that needs to be delivered to PLWHA. The approach proposed by Kennedy et al modified to suit the local setting and involves a simpler understandable classification of the goals, interventions and expected outcomes of the treatment.</description>
  </arm_group>
  <arm_group>
    <arm_group_label>Alcohol Motivational intervention counselling plus SPP</arm_group_label>
    <arm_group_type>Experimental</arm_group_type>
  </arm_group>
  <intervention>
    <intervention_type>Behavioral</intervention_type>
    <intervention_name>Motivational intervention counselling plus SPP</intervention_name>
    <arm_group_label>Standard Positive Prevention Counselling</arm_group_label>
    <arm_group_label>Alcohol Motivational intervention counselling plus SPP</arm_group_label>
    <other_name>Alcohol Motivational Intervention counseling plus Standard Positive Prevention Counselling</other_name>
  </intervention>
  <eligibility>
    <criteria>
      <textblock>
        Inclusion Criteria:

          -  Both males and females aged at least 18 years.

          -  Willing to continue receiving care /be followed up at the IDI for the next 6 months.

          -  Willing to provide written informed consent.

        Exclusion Criteria:

          -  Very sick with Karnofsky clinical performance score &lt; 50.

          -  Pregnant women
      </textblock>
    </criteria>
    <gender>All</gender>
    <minimum_age>18 Years</minimum_age>
    <maximum_age>N/A</maximum_age>
    <healthy_volunteers>No</healthy_volunteers>
  </eligibility>
  <location>
    <facility>
      <name>Infectious Diseases Institute</name>
      <address>
        <city>Kampala</city>
        <country>Uganda</country>
      </address>
    </facility>
  </location>
  <location_countries>
    <country>Uganda</country>
  </location_countries>
  <verification_date>February 2013</verification_date>
  <lastchanged_date>February 28, 2013</lastchanged_date>
  <firstreceived_date>February 25, 2013</firstreceived_date>
  <responsible_party>
    <responsible_party_type>Sponsor</responsible_party_type>
  </responsible_party>
  <keyword>Alcohol HIV intervention counselling</keyword>
  <keyword>Alcohol Use in HIV infected Persons</keyword>
  <condition_browse>
    <!-- CAUTION:  The following MeSH terms are assigned with an imperfect algorithm            -->
    <mesh_term>Alcohol Drinking</mesh_term>
  </condition_browse>
  <intervention_browse>
    <!-- CAUTION:  The following MeSH terms are assigned with an imperfect algorithm            -->
    <mesh_term>Ethanol</mesh_term>
  </intervention_browse>
  <!-- Results have not yet been posted for this study                                          -->
</clinical_study>

