<?xml version="1.0" encoding="UTF-8"?>
<clinical_study rank="486">
  <!-- This xml conforms to an XML Schema at:
    https://clinicaltrials.gov/ct2/html/images/info/public.xsd -->
  <required_header>
    <download_date>ClinicalTrials.gov processed this data on September 01, 2017</download_date>
    <link_text>Link to the current ClinicalTrials.gov record.</link_text>
    <url>https://clinicaltrials.gov/show/NCT00372749</url>
  </required_header>
  <id_info>
    <org_study_id>P051058</org_study_id>
    <nct_id>NCT00372749</nct_id>
  </id_info>
  <brief_title>Does the Threat of an Aversive Reaction Affect Craving of Alcohol During Cue Exposure in Alcohol Dependent Patients?</brief_title>
  <official_title>Does the Threat of an Aversive Reaction Affect Craving of Alcohol During Cue Exposure in Alcohol Dependent Patients?</official_title>
  <sponsors>
    <lead_sponsor>
      <agency>Assistance Publique - Hôpitaux de Paris</agency>
      <agency_class>Other</agency_class>
    </lead_sponsor>
    <collaborator>
      <agency>Institut de Recherches Scientifiques sur les Boissons</agency>
      <agency_class>Other</agency_class>
    </collaborator>
  </sponsors>
  <source>Assistance Publique - Hôpitaux de Paris</source>
  <oversight_info>
    <has_dmc>Yes</has_dmc>
  </oversight_info>
  <brief_summary>
    <textblock>
      To evaluate the effect of the threat of an aversive reaction on the response during alcohol
      cue exposure in alcohol dependent patients : (1) the subjective response (craving) and (2)
      the physiological response (heart rate and blood pressure).
    </textblock>
  </brief_summary>
  <detailed_description>
    <textblock>
      The efficacy of disulfiram in relapse prevention is controversial. Not only are most of the
      studies dated but their methodological rigor is generally poor. The major obstacle to
      disulfiram's effectiveness is non-compliance. No study to date has directly explored whether
      the threat of a disulfiram ethanol reaction (DER), provoked by the ingestion of disulfiram,
      has an effect on craving. Alcohol dependent patients have difficulty tolerating craving, a
      phenomenon that is believed to increase the probability of relapse. We propose in this study
      an evaluation of alcohol craving in relation to the threat of a DER compared to no threat. In
      both of these experimental conditions, we will use a placebo in order to avoid confounding
      the pharmacological effect of disulfiram with the psychological effect of the threat. Craving
      will be evaluated in the context of the multidimensional model of ambivalence (BREINER,
      STRITZKE and Lang, 1999) which provides two independent dimensions, craving and aversion.

      To evaluate the effect of the threat of an aversive reaction on the response during alcohol
      cue exposure in alcohol dependent patients : (1) the subjective response (craving) and (2)
      the physiological response (heart rate and blood pressure).

        -  To evaluate the correlation between the subjective and physiological responses to
           alcohol cue exposure in relation to the threat of an aversive reaction.

        -  To evaluate the moderating effects of mood and personality on alcohol cue exposure in
           relation to the threat of an aversive reaction.

      The design of this study is a within-subject, single-blind, randomized, and monocentric. The
      participants will be exposed to their habitual alcoholic drink. They will receive a placebo
      with two types of randomized inductions : (1) the threat of an aversive reaction and (2) no
      threat. The initial inclusion visit will take place a minimum of six days after the patients
      consumed their last alcohol beverage, the first cue exposure will take place one to seven
      days after the inclusion visit, and the second cue exposure will take place four to eight
      days after the first. This study directly benefits the patient because the experience of cue
      exposure provokes habituation.

      The demonstration of an effect of the threat of an aversive reaction on craving may help
      alcohol dependent patients to better accept treatment using disulfiram as they would view it
      as alleviating craving instead of strictly as a punitive measure in the event of alcohol
      intake.
    </textblock>
  </detailed_description>
  <overall_status>Completed</overall_status>
  <start_date>October 2006</start_date>
  <completion_date type="Actual">March 2009</completion_date>
  <primary_completion_date type="Actual">March 2009</primary_completion_date>
  <phase>N/A</phase>
  <study_type>Interventional</study_type>
  <has_expanded_access>No</has_expanded_access>
  <study_design_info>
    <allocation>Randomized</allocation>
    <intervention_model>Crossover Assignment</intervention_model>
    <primary_purpose>Treatment</primary_purpose>
    <masking>Single (Investigator)</masking>
  </study_design_info>
  <primary_outcome>
    <measure>Alcohol craving visual analogic evaluation</measure>
    <time_frame>during de study</time_frame>
    <description>Alcohol craving visual analogic evaluation</description>
  </primary_outcome>
  <secondary_outcome>
    <measure>Blood Pressure and Pulse Rate</measure>
    <time_frame>during the study</time_frame>
    <description>Blood Pressure and Pulse Rate</description>
  </secondary_outcome>
  <enrollment type="Actual">30</enrollment>
  <condition>Alcoholic Intoxication, Chronic</condition>
  <intervention>
    <intervention_type>Behavioral</intervention_type>
    <intervention_name>Aversive reaction during alcohol cue exposure</intervention_name>
    <description>Aversive reaction during alcohol cue exposure</description>
  </intervention>
  <eligibility>
    <criteria>
      <textblock>
        Inclusion Criteria:

          -  Inpatients

          -  Alcohol dependence

          -  Detoxified since at least one week

          -  Willing to abstain from alcohol for at least 6 months

          -  Never treated with disulfiram

        Exclusion Criteria:

          -  Any contra-indication to disulfiram

          -  Treated with and antidepressant or a neuroleptic medication within the 30 previous
             days

          -  Treated with acamprosate, naltrexone, betablockers or clonidine within the 7 previous
             days

          -  Treated with benzodiazepines within the 3 previous days (except diazepam, maximum 30
             mg/d)

          -  Anosmia
      </textblock>
    </criteria>
    <gender>All</gender>
    <minimum_age>18 Years</minimum_age>
    <maximum_age>N/A</maximum_age>
    <healthy_volunteers>No</healthy_volunteers>
  </eligibility>
  <overall_official>
    <last_name>Henri Jean AUBIN, MD,</last_name>
    <role>Principal Investigator</role>
    <affiliation>Assistance Publique - Hôpitaux de Paris</affiliation>
  </overall_official>
  <location>
    <facility>
      <name>Hopital Emile Roux APHP</name>
      <address>
        <city>Limeil-Brevannes</city>
        <zip>94450</zip>
        <country>France</country>
      </address>
    </facility>
  </location>
  <location_countries>
    <country>France</country>
  </location_countries>
  <verification_date>February 2007</verification_date>
  <lastchanged_date>March 25, 2011</lastchanged_date>
  <firstreceived_date>September 5, 2006</firstreceived_date>
  <responsible_party>
    <name_title>Myriem CARRIER</name_title>
    <organization>Department of Clinical Research of developpement</organization>
  </responsible_party>
  <keyword>Alcohol dependence</keyword>
  <keyword>Craving</keyword>
  <keyword>Disulfiram</keyword>
  <keyword>Cue exposure</keyword>
  <condition_browse>
    <!-- CAUTION:  The following MeSH terms are assigned with an imperfect algorithm            -->
    <mesh_term>Alcoholic Intoxication</mesh_term>
    <mesh_term>Alcoholism</mesh_term>
  </condition_browse>
  <intervention_browse>
    <!-- CAUTION:  The following MeSH terms are assigned with an imperfect algorithm            -->
    <mesh_term>Ethanol</mesh_term>
  </intervention_browse>
  <!-- Results have not yet been posted for this study                                          -->
</clinical_study>

