<?xml version="1.0" encoding="UTF-8"?>
<clinical_study rank="58">
  <!-- This xml conforms to an XML Schema at:
    https://clinicaltrials.gov/ct2/html/images/info/public.xsd -->
  <required_header>
    <download_date>ClinicalTrials.gov processed this data on September 01, 2017</download_date>
    <link_text>Link to the current ClinicalTrials.gov record.</link_text>
    <url>https://clinicaltrials.gov/show/NCT03252756</url>
  </required_header>
  <id_info>
    <org_study_id>17-01001</org_study_id>
    <nct_id>NCT03252756</nct_id>
  </id_info>
  <brief_title>Effects of Cannabidiol in Alcohol Use Disorder</brief_title>
  <official_title>Effects of Cannabidiol in Alcohol Use Disorder</official_title>
  <sponsors>
    <lead_sponsor>
      <agency>New York University School of Medicine</agency>
      <agency_class>Other</agency_class>
    </lead_sponsor>
    <collaborator>
      <agency>National Institutes of Health (NIH)</agency>
      <agency_class>NIH</agency_class>
    </collaborator>
  </sponsors>
  <source>New York University School of Medicine</source>
  <oversight_info>
    <has_dmc>Yes</has_dmc>
    <is_fda_regulated_drug>No</is_fda_regulated_drug>
    <is_fda_regulated_device>No</is_fda_regulated_device>
  </oversight_info>
  <brief_summary>
    <textblock>
      The goal of the proposed project is to begin rigorous study of the clinically relevant
      effects of non-psychoactive phytocannabinoid cannabidiol (CBD) in patients with severe
      alcohol use disorder (AUD). This double-blind, randomized proof-of-concept study (n = 40) is
      designed to assess feasibility and contrast effects of extended (8 weeks) treatment with CBD
      to those of placebo in AUD patients. Participants with AUD will be randomized to receive
      either placebo or 600mg CBD/day (PO) for 4 weeks, immediately followed by 1200mg CBD/day (PO)
      for an additional 4 weeks (8 total weeks). These doses were chosen to reproduce serum CBD
      levels reported to reduce alcohol-seeking behavior in animal studies. Measures will include
      circulating levels of CBD, safety measures (THC serum levels, adverse events, cognitive and
      motoric function), and physiological and psychological domains relevant to AUD (including
      self-reported craving, depression, and anxiety, and responses to personalized scripts
      designed to elicit stress- and cue-induced craving and anxiety). Assessments will be
      conducted following 1 day, 1 week, and 4 weeks of treatment with each dose of CBD vs.
      placebo, and 1 and 4 weeks after the cessation of treatment. Drinking outcomes across 8 weeks
      of treatment and 4 weeks of follow-up will also be assessed as an exploratory outcome.
    </textblock>
  </brief_summary>
  <detailed_description>
    <textblock>
      There is increasing recognition of the roles of the endocannabinoid system in neurobiological
      processes and behavioral domains relevant to addiction. The non-psychoactive phytocannabinoid
      cannabidiol (CBD) has attracted considerable attention due to its lack of abuse potential,
      its excellent safety profile, its unique and complex pharmacology, and evidence that it
      affects anxiety and stress response in animal models and humans. There is a growing body of
      preclinical data demonstrating that CBD produces marked and persisting decreases in alcohol
      self-administration and preference for alcohol, and alcohol-, cue- and stress-induced
      reinstatement of alcohol-seeking behavior, yet there are few studies of the effects of CBD in
      humans with addictive disorders, and none in alcohol dependent patients.
    </textblock>
  </detailed_description>
  <overall_status>Not yet recruiting</overall_status>
  <start_date type="Anticipated">October 2017</start_date>
  <completion_date type="Anticipated">January 2018</completion_date>
  <primary_completion_date type="Anticipated">December 2017</primary_completion_date>
  <phase>N/A</phase>
  <study_type>Interventional</study_type>
  <has_expanded_access>No</has_expanded_access>
  <study_design_info>
    <allocation>Randomized</allocation>
    <intervention_model>Parallel Assignment</intervention_model>
    <intervention_model_description>Double-blind, randomized proof-of-concept study</intervention_model_description>
    <primary_purpose>Treatment</primary_purpose>
    <masking>Double (Participant, Care Provider)</masking>
  </study_design_info>
  <primary_outcome>
    <measure>Change in Time-line Follow-back (TLFB) assessment of alcohol consumption in Serum</measure>
    <time_frame>Baseline to 4 weeks</time_frame>
  </primary_outcome>
  <primary_outcome>
    <measure>Change in Percent carbohydrate deficient transferrin (CDT) assessment of alcohol consumption in Serum</measure>
    <time_frame>Baseline to 4 weeks</time_frame>
  </primary_outcome>
  <number_of_arms>2</number_of_arms>
  <enrollment type="Anticipated">40</enrollment>
  <condition>Alcohol Use Disorder</condition>
  <arm_group>
    <arm_group_label>Placebo</arm_group_label>
    <arm_group_type>Placebo Comparator</arm_group_type>
    <description>600mg Saline (PO) for 4 weeks, immediately followed by 1200mg Saline/ day (PO) for an additional 4 weeks (8 total weeks).</description>
  </arm_group>
  <arm_group>
    <arm_group_label>Phytocannabinoid cannabidiol (CBD)</arm_group_label>
    <arm_group_type>Experimental</arm_group_type>
    <description>600mg CBD/day (PO) for 4 weeks, immediately followed by 1200mg CBD/day (PO) for an additional 4 weeks (8 total weeks).</description>
  </arm_group>
  <intervention>
    <intervention_type>Other</intervention_type>
    <intervention_name>Placebo</intervention_name>
    <description>600mg Saline (PO) for 4 weeks, immediately followed by 1200mg Saline/ day (PO) for an additional 4 weeks (8 total weeks).</description>
    <arm_group_label>Placebo</arm_group_label>
  </intervention>
  <intervention>
    <intervention_type>Other</intervention_type>
    <intervention_name>Phytocannabinoid cannabidiol (CBD)</intervention_name>
    <description>600mg CBD (PO) for 4 weeks, immediately followed by 1200mg CBD/ day (PO) for an additional 4 weeks (8 total weeks).</description>
    <arm_group_label>Phytocannabinoid cannabidiol (CBD)</arm_group_label>
  </intervention>
  <eligibility>
    <criteria>
      <textblock>
        Inclusion Criteria:

          -  DSM-5 diagnosis of moderate or severe AUD

          -  able to provide voluntary informed consent

          -  at least 10 heavy drinking days (4 or more drinks for a woman, 5 or more drinks for a
             man) in the 30 days prior to screen

          -  not currently in treatment for AUD

        Exclusion Criteria:

          -  current alcohol withdrawal (CIWA-Ar score &gt;7)\

          -  exclusionary medical conditions (e.g. current severe alcohol withdrawal requiring
             medical hospitalization, significantly impaired liver function);

          -  DSM-5 diagnosis of schizophrenia, schizoaffective disorder, bipolar disorder,

          -  Current suicidality

          -  DSM-5 diagnosis of current moderate or severe substance use disorder for a -substance
             other than alcohol or nicotin

          -  marijuana or other cannabinoid use within 30 days prior to screen

          -  Significant laboratory abnormalities, including significantly impaired liver function,
             serious abnormalities of complete blood count or metabolic panel

          -  active legal problems likely to result in incarceration within 12 weeks of treatment
             initiation

          -  pregnancy or lactation

          -  Current use of exclusionary medications, including those acting on serotonergic
             pathways, antipsychotics, anticonvulsants, and psychostimulants, treatments for
             addictions including alcohol, and medications metabolized primarily by CYP3A4, CYP3A5,
             or CYP3A7
      </textblock>
    </criteria>
    <gender>All</gender>
    <minimum_age>18 Years</minimum_age>
    <maximum_age>65 Years</maximum_age>
    <healthy_volunteers>No</healthy_volunteers>
  </eligibility>
  <overall_official>
    <last_name>Michael Bogenschutz, PhD</last_name>
    <role>Principal Investigator</role>
    <affiliation>New York University School of Medicine</affiliation>
  </overall_official>
  <overall_contact>
    <last_name>Tara Malone</last_name>
    <phone>646-501-4026</phone>
    <email>tara.malone@nyumc.org</email>
  </overall_contact>
  <overall_contact_backup>
    <last_name>Michael Bogenschutz</last_name>
    <phone>646-501-4026</phone>
  </overall_contact_backup>
  <location>
    <facility>
      <name>New York University School of Medicine</name>
      <address>
        <city>New York</city>
        <state>New York</state>
        <zip>10016</zip>
        <country>United States</country>
      </address>
    </facility>
    <status>Not yet recruiting</status>
  </location>
  <location_countries>
    <country>United States</country>
  </location_countries>
  <verification_date>August 2017</verification_date>
  <lastchanged_date>August 15, 2017</lastchanged_date>
  <firstreceived_date>August 14, 2017</firstreceived_date>
  <responsible_party>
    <responsible_party_type>Sponsor</responsible_party_type>
  </responsible_party>
  <keyword>Cannabidiol</keyword>
  <keyword>Alcohol Use Disorder</keyword>
  <condition_browse>
    <!-- CAUTION:  The following MeSH terms are assigned with an imperfect algorithm            -->
    <mesh_term>Disease</mesh_term>
    <mesh_term>Alcohol Drinking</mesh_term>
  </condition_browse>
  <intervention_browse>
    <!-- CAUTION:  The following MeSH terms are assigned with an imperfect algorithm            -->
    <mesh_term>Ethanol</mesh_term>
  </intervention_browse>
  <!-- Results have not yet been posted for this study                                          -->
</clinical_study>

