<?xml version="1.0" encoding="UTF-8"?>
<clinical_study rank="354">
  <!-- This xml conforms to an XML Schema at:
    https://clinicaltrials.gov/ct2/html/images/info/public.xsd -->
  <required_header>
    <download_date>ClinicalTrials.gov processed this data on September 15, 2017</download_date>
    <link_text>Link to the current ClinicalTrials.gov record.</link_text>
    <url>https://clinicaltrials.gov/show/NCT00615407</url>
  </required_header>
  <id_info>
    <org_study_id>IRB00001136</org_study_id>
    <nct_id>NCT00615407</nct_id>
  </id_info>
  <brief_title>A Pilot Evaluation of the Impact of Alcohol Use on Airway Inflammation and Mechanics in Asthmatics</brief_title>
  <acronym>AIM Asthma</acronym>
  <sponsors>
    <lead_sponsor>
      <agency>Emory University</agency>
      <agency_class>Other</agency_class>
    </lead_sponsor>
    <collaborator>
      <agency>National Institutes of Health (NIH)</agency>
      <agency_class>NIH</agency_class>
    </collaborator>
  </sponsors>
  <source>Emory University</source>
  <oversight_info>
    <has_dmc>No</has_dmc>
  </oversight_info>
  <brief_summary>
    <textblock>
      Since 1980, the number of people in the United States diagnosed with asthma has increased
      dramatically. Studying what causes and triggers asthma is an important part of understanding
      and subsequently managing this disease. Although some have suggested that alcohol consumption
      may affect asthma, little is known about how consistent alcohol use affects the amount of
      inflammation present in the lungs and whether consistent alcohol use makes the airways more
      narrow and stiff.

      Participation in this study involves 2 visits in order to complete questionnaires, various
      pulmonary function tests, as well as the collection of blood, urine, and exhaled breath
      condensate specimens.

      This study includes optional genetic and bronchoscopy substudies.
    </textblock>
  </brief_summary>
  <overall_status>Withdrawn</overall_status>
  <why_stopped>
    Dr. Holguin is relocating.
  </why_stopped>
  <start_date>January 2007</start_date>
  <phase>N/A</phase>
  <study_type>Observational</study_type>
  <has_expanded_access>No</has_expanded_access>
  <study_design_info>
    <time_perspective>Cross-Sectional</time_perspective>
  </study_design_info>
  <primary_outcome>
    <measure>Measurements of airway oxidative stress (increased GSSG/GS, and RNS/NO ratios and higher exhaled 8-isoprostanes levels)</measure>
    <time_frame>single timepoint</time_frame>
  </primary_outcome>
  <secondary_outcome>
    <measure>Measurements of lung function (spirometry, response to methacholine challenge, and impulse oscillometry).</measure>
    <time_frame>single timepoint</time_frame>
  </secondary_outcome>
  <secondary_outcome>
    <measure>Asthma symptoms and control through standard asthma questionnaires</measure>
    <time_frame>single timepoint</time_frame>
  </secondary_outcome>
  <number_of_groups>2</number_of_groups>
  <enrollment type="Actual">0</enrollment>
  <condition>Asthma</condition>
  <arm_group>
    <arm_group_label>Alcohol Drinkers</arm_group_label>
    <description>Asthmatics who consume 3 or more alcoholic beverages per day (on average)</description>
  </arm_group>
  <arm_group>
    <arm_group_label>Non Drinkers</arm_group_label>
    <description>Asthmatics who do not drink alcohol or consume less than or equal to 2 alcoholic beverages per month</description>
  </arm_group>
  <biospec_retention>Samples With DNA</biospec_retention>
  <biospec_descr>
    <textblock>
      Blood, urine, and exhaled breath condensate
    </textblock>
  </biospec_descr>
  <eligibility>
    <study_pop>
      <textblock>
        For this study, 40 non-smoking adults with asthma will be recruited—50% will be
        non-drinking and 50% will be heavy alcohol users (≥3 standard drinks/day on average).
      </textblock>
    </study_pop>
    <sampling_method>Non-Probability Sample</sampling_method>
    <criteria>
      <textblock>
        Inclusion Criteria:

          -  18 to 65 years of age

          -  Literate in English (i.e., read study materials at 6th grade level) so as to
             understand, and complete the ratings scales and questionnaires accurately

          -  Physician-diagnosed asthma requiring treatment in the past year with a post
             bronchodilator FEV1/FVC &gt;0.70 and at least 12% reversibility after bronchodilator
             usage

          -  Alcohol usage groups: 1) those who rarely or who do not drink alcohol (≤2 drinks per
             month); or 2) those who drink 3 or more alcoholic beverages per day on average

        Exclusion Criteria:

          -  Social drinkers (&gt;2 drinks in a month but &lt;3 drinks per day)

          -  Asthma exacerbation within the past month

          -  Current upper respiratory infection

          -  Active allergies with uncontrolled symptoms

          -  Current DSM-IV diagnosis of illicit substance dependence (not alcohol)

          -  History of serious pulmonary problems other than asthma

          -  Other significant non-pulmonary comorbidities

          -  Pregnancy or currently lactating

          -  Daily use of Prednisone or other corticosteroids

          -  Tobacco smoking within the past year or &gt;10 life-time pack-years of smoking

          -  Positive breath alcohol level at the time of the study assessments

          -  Positive urine cotinine test at enrollment (indicates nicotine usage)
      </textblock>
    </criteria>
    <gender>All</gender>
    <minimum_age>18 Years</minimum_age>
    <maximum_age>65 Years</maximum_age>
    <healthy_volunteers>No</healthy_volunteers>
  </eligibility>
  <removed_countries>
    <country>United States</country>
  </removed_countries>
  <verification_date>November 2013</verification_date>
  <lastchanged_date>November 14, 2013</lastchanged_date>
  <firstreceived_date>February 4, 2008</firstreceived_date>
  <responsible_party>
    <responsible_party_type>Sponsor</responsible_party_type>
  </responsible_party>
  <keyword>Asthma, alcohol</keyword>
  <intervention_browse>
    <!-- CAUTION:  The following MeSH terms are assigned with an imperfect algorithm            -->
    <mesh_term>Ethanol</mesh_term>
  </intervention_browse>
  <!-- Results have not yet been posted for this study                                          -->
</clinical_study>

