<?xml version="1.0" encoding="UTF-8"?>
<clinical_study rank="118">
  <!-- This xml conforms to an XML Schema at:
    https://clinicaltrials.gov/ct2/html/images/info/public.xsd -->
  <required_header>
    <download_date>ClinicalTrials.gov processed this data on August 25, 2017</download_date>
    <link_text>Link to the current ClinicalTrials.gov record.</link_text>
    <url>https://clinicaltrials.gov/show/NCT00219336</url>
  </required_header>
  <id_info>
    <org_study_id>U50/CCU300860</org_study_id>
    <secondary_id>U50/CCU300860</secondary_id>
    <nct_id>NCT00219336</nct_id>
  </id_info>
  <brief_title>A Media Based Motivational Intervention to Prevent Alcohol Exposed Pregnancies (AEPs)</brief_title>
  <official_title>A Media Based Motivational Intervention to Reduce Alcohol Exposed Pregnancies (AEPs)</official_title>
  <sponsors>
    <lead_sponsor>
      <agency>Nova Southeastern University</agency>
      <agency_class>Other</agency_class>
    </lead_sponsor>
    <collaborator>
      <agency>Centers for Disease Control and Prevention</agency>
      <agency_class>U.S. Fed</agency_class>
    </collaborator>
  </sponsors>
  <source>Nova Southeastern University</source>
  <oversight_info>
    <has_dmc>No</has_dmc>
  </oversight_info>
  <brief_summary>
    <textblock>
      The study evaluated the effectiveness of a mail-based self-guided motivational intervention
      based on Project CHOICES to reduce alcohol-exposed pregnancies (AEP) with female students and
      non-students 18 to 44 years of age living in Florida. The investigators hypothesize that the
      motivational intervention will significantly reduce more women's risk of an AEP than will an
      informational intervention aimed at preventing fetal alcohol syndrome. Materials will be
      available in Spanish and English
    </textblock>
  </brief_summary>
  <detailed_description>
    <textblock>
      The proposed project will evaluate the effectiveness of a mail-based self-guided motivational
      intervention based on Project CHOICES to reduce alcohol-exposed pregnancies (AEP) among
      students and non-students. Participants will be women 18 to 44 years of age who are at risk
      of an AEP. The community targeted will be the state of Florida. Materials were available in
      Spanish and English The intervention will be based on the investigators' previous experience
      in (a) promoting self-change of drinking behavior at a community level and (b) preventing
      reduced risk for AEP through the use of a motivational interventional materials used in
      Project CHOICES. Using a 2 group randomized design, the self-guided motivational intervention
      will be compared to an intervention directed at preventing fetal alcohol syndrome (FAS). The
      FAS prevention condition, a brochure developed by the CDC, served as the standard treatment
      control group in that most information available at the community level concerning the
      effects of alcohol on the developing fetus relate to FAS (e.g., warning labels on alcoholic
      beverage containers). It is suggested that many women, particularly college students, at risk
      for AEP do not view themselves as at risk for FAS and therefore do not view FAS-oriented
      prevention messages as personally relevant. The proposed experimental design will evaluate a
      mail-based strategy that could be easily implemented throughout communities. The proposed
      study design will have more methodological rigor and allow a more careful evaluation than
      would be possible if the intervention was initially targeted at the entire community. The
      follow-up will be the entire 6-months post-intervention.If successful, this low-cost
      intervention can be readily disseminated throughout the local area. Specific objectives are
      as follows:

        1. Develop an evidence-based intervention to reduce alcohol-exposed pregnancies that can be
           easily disseminated at a community level through the mail and other media outlets.

        2. Implement the AEP prevention intervention using a randomized controlled trial with women
           recruited from a community at higher than normal risk for AEPs.

        3. Evaluate the efficacy of the AEP prevention intervention for reducing AEP risk as
           compared to a community level intervention aimed at preventing FAS using the 3 primary
           outcome measures in previous Project CHOICES studies: (a) AEP reduced risk through
           reduced drinking or effective contraception, or both; (b) AEP reduced risk through
           drinking only; and (c) reduced risk through effective contraception only.

        4. Disseminate results of the study to health care providers in the local community.
    </textblock>
  </detailed_description>
  <overall_status>Completed</overall_status>
  <start_date>November 2005</start_date>
  <completion_date type="Actual">March 2009</completion_date>
  <primary_completion_date type="Actual">July 2008</primary_completion_date>
  <phase>Phase 2</phase>
  <study_type>Interventional</study_type>
  <has_expanded_access>No</has_expanded_access>
  <study_design_info>
    <allocation>Randomized</allocation>
    <intervention_model>Parallel Assignment</intervention_model>
    <primary_purpose>Prevention</primary_purpose>
    <masking>None (Open Label)</masking>
  </study_design_info>
  <primary_outcome>
    <measure>AEP reduced risk through reduced drinking and effective contraception, or both</measure>
    <time_frame>6 months post intervention</time_frame>
    <description>Not at risk if a women reported no risky drinking (see definition in outcome 2) or contracepting effectively, or both</description>
  </primary_outcome>
  <primary_outcome>
    <measure>AEP reduced risk through reduced drinking only</measure>
    <time_frame>6 months post intervention</time_frame>
    <description>Reduced risk drinking defined as ≤ 7 standard drinks (SDs) per week and ≤ 4 SDs on any day during the 6-month follow-up interval; 1 SD = 14 g absolute alcohol.</description>
  </primary_outcome>
  <primary_outcome>
    <measure>AEP reduced risk through effective contraception only</measure>
    <time_frame>6 months post intervention</time_frame>
    <description>The effectiveness of birth control methods was evaluated using algorithms (e.g., If you missed a pill during this time period, did you take both pills the next day and did you use a back up method other than rhythm or withdrawal until you started your next packet of pills?) from Project CHOICES</description>
  </primary_outcome>
  <number_of_arms>2</number_of_arms>
  <enrollment type="Actual">354</enrollment>
  <condition>Alcohol Consumption</condition>
  <condition>Fetal Alcohol Syndrome Disorders</condition>
  <condition>Students</condition>
  <arm_group>
    <arm_group_label>Self-motivational Choices</arm_group_label>
    <arm_group_type>Experimental</arm_group_type>
    <description>Students and nonstudents were mailed a brochure prepared as part of the PHC study intervention, Making Healthy Choices for a Healthy Baby in English or Mujeres y Salud Eligiendo Opciones Saludables in Spanish. This brochure allows women to make informed decisions about preventing an AEP. The MF materials included nonstigmatizing messages about drinking and contraception embedded among other health messages. Similar to Project CHOICES, this group also received a brochure on birth control practices.</description>
  </arm_group>
  <arm_group>
    <arm_group_label>Information Only</arm_group_label>
    <arm_group_type>Active Comparator</arm_group_type>
    <description>Students and nonstudents were mailed a brochure prepared by the CDC. The brochure (English: Think Before You Drink: You Can Hurt Your Unborn Baby; Spanish: Piénselo Antes de Beber: Puede Lastimar a Su Futuro Bebe), available at the CDC website, targets women of childbearing-age, discusses FAS and the negative effects of a mother's drinking on her unborn child, and recommends calling Alcoholics Anonymous or an alcohol treatment program for help to stop drinking. The CDC brochure did not contain information about how to contracept effectively.</description>
  </arm_group>
  <intervention>
    <intervention_type>Behavioral</intervention_type>
    <intervention_name>Self-guided Motivational Intervention</intervention_name>
    <description>Using a randomized two-group design, a self-guided motivational intervention based on Project CHOICES will be compared to an informational only intervention, both directed at preventing alcohol-exposed pregnancies (AEPs) with students and nonstudents. Participants will be women 18 to 44 years of age who are at risk of an AEP. All materials are sent to participants through the USPS.</description>
    <arm_group_label>Self-motivational Choices</arm_group_label>
  </intervention>
  <intervention>
    <intervention_type>Behavioral</intervention_type>
    <intervention_name>Informational Only</intervention_name>
    <description>Using a randomized two-group design, an informational intervention using a brochure from the CDC will be compared to a self-guided motivational intervention based on Project CHOICES, both directed at preventing alcohol-exposed pregnancies (AEPs) with students and nonstudents. Participants will be women 18 to 44 years of age who are at risk of an AEP. All materials are sent to participants through the USPS</description>
    <arm_group_label>Information Only</arm_group_label>
  </intervention>
  <eligibility>
    <criteria>
      <textblock>
        Inclusion Criteria:

          -  Women aged 18 to 44 years who are not pregnant, not trying to become pregnant, and
             able to bear children.

          -  At risk for an alcohol exposed pregnancy 90 days prior to the interview defined as:

               1. had heterosexual vaginal intercourse with ineffective contraception

               2. not effectively using contraception

               3. drinking either ≥ 8 drinks per week on average or ≥ 5 drinks in a single day or
                  both

               4. returned their informed consent and assessment materials within 60 days after it
                  was mailed to them

        Exclusion Criteria:

          -  No alcohol consumption or vaginal intercourse in the 90 days prior to the interview

          -  Pregnant

          -  Trying to become pregnant

          -  Not able to bear children

          -  Using contraception effectively
      </textblock>
    </criteria>
    <gender>Female</gender>
    <minimum_age>18 Years</minimum_age>
    <maximum_age>44 Years</maximum_age>
    <healthy_volunteers>Accepts Healthy Volunteers</healthy_volunteers>
  </eligibility>
  <overall_official>
    <last_name>Linda C Sobell, Ph.D.</last_name>
    <role>Principal Investigator</role>
    <affiliation>Nova Southeastern University</affiliation>
  </overall_official>
  <location>
    <facility>
      <name>Nova Southeastern University</name>
      <address>
        <city>Fort. Lauderdale</city>
        <state>Florida</state>
        <zip>33314</zip>
        <country>United States</country>
      </address>
    </facility>
  </location>
  <location_countries>
    <country>United States</country>
  </location_countries>
  <verification_date>September 2016</verification_date>
  <lastchanged_date>September 29, 2016</lastchanged_date>
  <firstreceived_date>September 14, 2005</firstreceived_date>
  <responsible_party>
    <responsible_party_type>Principal Investigator</responsible_party_type>
    <investigator_affiliation>Nova Southeastern University</investigator_affiliation>
    <investigator_full_name>Linda Sobell</investigator_full_name>
    <investigator_title>Professor</investigator_title>
  </responsible_party>
  <keyword>Prevent Alcohol Exposed Pregnancies</keyword>
  <keyword>Reduced Alcohol Used</keyword>
  <keyword>Self-Guided Motivational Intervention</keyword>
  <keyword>Effective Contraception</keyword>
  <keyword>Contraception</keyword>
  <keyword>College Students</keyword>
  <condition_browse>
    <!-- CAUTION:  The following MeSH terms are assigned with an imperfect algorithm            -->
    <mesh_term>Alcohol Drinking</mesh_term>
    <mesh_term>Fetal Alcohol Spectrum Disorders</mesh_term>
  </condition_browse>
  <intervention_browse>
    <!-- CAUTION:  The following MeSH terms are assigned with an imperfect algorithm            -->
    <mesh_term>Ethanol</mesh_term>
  </intervention_browse>
  <patient_data>
    <sharing_ipd>No</sharing_ipd>
  </patient_data>
  <!-- Results have not yet been posted for this study                                          -->
</clinical_study>

