<?xml version="1.0" encoding="UTF-8"?>
<clinical_study rank="79">
  <!-- This xml conforms to an XML Schema at:
    https://clinicaltrials.gov/ct2/html/images/info/public.xsd -->
  <required_header>
    <download_date>ClinicalTrials.gov processed this data on August 29, 2017</download_date>
    <link_text>Link to the current ClinicalTrials.gov record.</link_text>
    <url>https://clinicaltrials.gov/show/NCT00246428</url>
  </required_header>
  <id_info>
    <org_study_id>NIAAAMON09892-10</org_study_id>
    <secondary_id>NIH Grant AA09892-10</secondary_id>
    <nct_id>NCT00246428</nct_id>
  </id_info>
  <brief_title>Motivational Interviewing for Alcohol-Positive Teens in the Emergency Room</brief_title>
  <official_title>Motivational Interviewing (MI) for ETOH+ Teens in the ER</official_title>
  <sponsors>
    <lead_sponsor>
      <agency>National Institute on Alcohol Abuse and Alcoholism (NIAAA)</agency>
      <agency_class>NIH</agency_class>
    </lead_sponsor>
  </sponsors>
  <source>National Institute on Alcohol Abuse and Alcoholism (NIAAA)</source>
  <brief_summary>
    <textblock>
      The purpose of this study is to determine whether motivational interviewing is effective in
      reducing alcohol consumption and alcohol problems among young adults who present to an
      Emergency Room.
    </textblock>
  </brief_summary>
  <detailed_description>
    <textblock>
      The long term objectives of this program of research are to develop effective interventions
      for reducing problem drinking and associated problems among adolescents and young adults and
      to further enhance intervention approaches by identifying effective elements of treatment
      derived from cognitive behavioral social learning theory. Current approaches to behavior
      change in this area frequently rely on school-based primary prevention programs that do not
      address cessation/reduction issues for adolescents who are already drinking, rarely address
      motivational issues related to use and abuse, and cannot target school dropouts. Recently,
      two studies have shown Motivational Interviewing (MI) to be effective with alcohol-involved
      adolescents when compared to a control or no intervention condition, but have shown greater
      harm-reduction effects than alcohol consumption effects. In addition, mechanisms of MI have
      not been elucidated. The major purposes of this study re to compare MI to a minimal contrast
      condition in which personalized feedback is provided, and to determine if additional booster
      sessions will enhance outcomes. The population is older adolescents who have been treated in
      an Emergency Department (ED) following an alcohol-related event. Thus, school dropouts, a
      high-risk population, will be included in the study. A 2 (MI versus Feedback Only) x 2 (two
      booster sessions versus no boosters) factorial design will be used to examine whether a MI
      combined with booster can effectively change subsequent alcohol use and alcohol problems.
      Experimental manipulations will be evaluated 6, 9, and 12 months after baseline intervention.
      The study design has several strengths: (1) it will enable an investigation of the main
      effects of MI versus Feedback Only, providing a more stringent test of the active ingredients
      of MI than our current competitive segment permitted; (2) it enables an evaluation of the
      effects of continued contact as a separate factor; and (3) it allows a test of the
      interaction between baseline intervention type and booster contact. A secondary purpose of
      the study is to use explicit mediational analyses, tested within a Structural Equation
      Modeling framework, to examine the hypothesis that stage of change, use of behavioral alcohol
      reduction strategies, and alcohol treatment seeking will mediate the relationship between
      intervention and outcome. Finally, the study will determine whether the diagnosis of alcohol
      abuse or dependence affects responsivity to our intervention. In addition to its potential
      contribut8ion to theory, the importance of this work is its potential for providing a
      cos-effective brief intervention at a &quot;teachable moment&quot; to increase high-risk patients'
      interest in reducing harmful drinking and related risk-taking behaviors.
    </textblock>
  </detailed_description>
  <overall_status>Unknown status</overall_status>
  <last_known_status>Active, not recruiting</last_known_status>
  <start_date>January 2000</start_date>
  <completion_date type="Anticipated">July 2003</completion_date>
  <phase>Phase 3</phase>
  <study_type>Interventional</study_type>
  <has_expanded_access>No</has_expanded_access>
  <study_design_info>
    <allocation>Randomized</allocation>
    <intervention_model>Parallel Assignment</intervention_model>
    <primary_purpose>Treatment</primary_purpose>
    <masking>None (Open Label)</masking>
  </study_design_info>
  <primary_outcome>
    <measure>Alcohol Consumption</measure>
    <time_frame>6, 9, and 12 months</time_frame>
  </primary_outcome>
  <secondary_outcome>
    <measure>Alcohol-related problems (e.g., drinking and driving)</measure>
    <time_frame>6, 9, and 12 months</time_frame>
  </secondary_outcome>
  <number_of_arms>1</number_of_arms>
  <enrollment type="Anticipated">198</enrollment>
  <condition>Alcohol Abuse</condition>
  <condition>Alcohol Dependence</condition>
  <arm_group>
    <arm_group_label>1</arm_group_label>
    <arm_group_type>Experimental</arm_group_type>
    <description>MI</description>
  </arm_group>
  <intervention>
    <intervention_type>Behavioral</intervention_type>
    <intervention_name>Motivational Interviewing</intervention_name>
    <description>Experimental manipulations will be evaluated 6, 9, and 12 months</description>
    <arm_group_label>1</arm_group_label>
    <other_name>MI</other_name>
  </intervention>
  <eligibility>
    <criteria>
      <textblock>
        Inclusion Criteria:

          1. Admitted to ER

          2. Between 18-24 years old

          3. Had a blood alcohol concentration (BAC) greater than .01% according to a biochemical
             test OR self-reported drinking alcohol in the 6 hours prior to the event that caused
             their hospital visit OR scored 8 or higher on the Alcohol Use Disorders Identification
             Test (AUDIT)

        Exclusion Criteria:

          1. Not English-speaking

          2. Had a self-inflicted injury

          3. In police custody

          4. Did not pass a mental status exam
      </textblock>
    </criteria>
    <gender>All</gender>
    <minimum_age>18 Years</minimum_age>
    <maximum_age>24 Years</maximum_age>
    <healthy_volunteers>No</healthy_volunteers>
  </eligibility>
  <overall_official>
    <last_name>Peter Monti, PhD</last_name>
    <role>Principal Investigator</role>
    <affiliation>Brown University</affiliation>
  </overall_official>
  <location>
    <facility>
      <name>Rhode Island Hospital</name>
      <address>
        <city>Providence</city>
        <state>Rhode Island</state>
        <zip>02903</zip>
        <country>United States</country>
      </address>
    </facility>
  </location>
  <location>
    <facility>
      <name>Brown University</name>
      <address>
        <city>Providence</city>
        <state>Rhode Island</state>
        <zip>02912</zip>
        <country>United States</country>
      </address>
    </facility>
  </location>
  <location_countries>
    <country>United States</country>
  </location_countries>
  <verification_date>December 2007</verification_date>
  <lastchanged_date>December 6, 2007</lastchanged_date>
  <firstreceived_date>October 27, 2005</firstreceived_date>
  <keyword>Motivational Interviewing</keyword>
  <keyword>Alcohol Abuse</keyword>
  <keyword>Alcohol Dependence</keyword>
  <keyword>Emergency Care Setting</keyword>
  <condition_browse>
    <!-- CAUTION:  The following MeSH terms are assigned with an imperfect algorithm            -->
    <mesh_term>Alcoholism</mesh_term>
  </condition_browse>
  <intervention_browse>
    <!-- CAUTION:  The following MeSH terms are assigned with an imperfect algorithm            -->
    <mesh_term>Ethanol</mesh_term>
  </intervention_browse>
  <!-- Results have not yet been posted for this study                                          -->
</clinical_study>

