<?xml version="1.0" encoding="UTF-8"?>
<clinical_study rank="492">
  <!-- This xml conforms to an XML Schema at:
    https://clinicaltrials.gov/ct2/html/images/info/public.xsd -->
  <required_header>
    <download_date>ClinicalTrials.gov processed this data on September 15, 2017</download_date>
    <link_text>Link to the current ClinicalTrials.gov record.</link_text>
    <url>https://clinicaltrials.gov/show/NCT02252536</url>
  </required_header>
  <id_info>
    <org_study_id>NCIG - 006</org_study_id>
    <nct_id>NCT02252536</nct_id>
  </id_info>
  <brief_title>HORIZANT (Gabapentin Enacarbil Extended-Release Tablets) for the Treatment of Alcohol Use Disorder</brief_title>
  <official_title>Randomized, Double Blind, Placebo-Controlled Trial of the Safety and Efficacy of HORIZANT (Gabapentin Enacarbil) Extended-Release Tablets for the Treatment of Alcohol Use Disorder</official_title>
  <sponsors>
    <lead_sponsor>
      <agency>National Institute on Alcohol Abuse and Alcoholism (NIAAA)</agency>
      <agency_class>NIH</agency_class>
    </lead_sponsor>
    <collaborator>
      <agency>XenoPort, Inc.</agency>
      <agency_class>Industry</agency_class>
    </collaborator>
  </sponsors>
  <source>National Institute on Alcohol Abuse and Alcoholism (NIAAA)</source>
  <oversight_info>
    <has_dmc>Yes</has_dmc>
  </oversight_info>
  <brief_summary>
    <textblock>
      The purpose of this study is to determine whether gabapentin enacarbil is effective in the
      treatment of problems with alcohol.
    </textblock>
  </brief_summary>
  <overall_status>Completed</overall_status>
  <start_date>June 2015</start_date>
  <completion_date type="Actual">March 2017</completion_date>
  <primary_completion_date type="Actual">March 2017</primary_completion_date>
  <phase>Phase 2</phase>
  <study_type>Interventional</study_type>
  <has_expanded_access>No</has_expanded_access>
  <study_design_info>
    <allocation>Randomized</allocation>
    <intervention_model>Parallel Assignment</intervention_model>
    <primary_purpose>Treatment</primary_purpose>
    <masking>Quadruple (Participant, Care Provider, Investigator, Outcomes Assessor)</masking>
  </study_design_info>
  <primary_outcome>
    <measure>Percentage of subjects with no heavy drinking days (PSNHDD)</measure>
    <time_frame>Weeks 22-25</time_frame>
    <description>The primary objective of the study is to compare the efficacy of HORIZANT (gabapentin enacarbil) Extended-Release Tablets 600 mg twice daily (BID) with matched placebo on the primary alcohol consumption outcome endpoint, percentage of subjects with no heavy drinking days (PSNHDD) during the last 4 weeks of treatment, among patients with Alcohol Use Disorder (AUD).</description>
  </primary_outcome>
  <number_of_arms>2</number_of_arms>
  <enrollment type="Actual">346</enrollment>
  <condition>Alcohol Use Disorder</condition>
  <arm_group>
    <arm_group_label>Sugar Pill</arm_group_label>
    <arm_group_type>Placebo Comparator</arm_group_type>
    <description>Matching placebo, sugar pill</description>
  </arm_group>
  <arm_group>
    <arm_group_label>Gabapentin Enacarbil</arm_group_label>
    <arm_group_type>Active Comparator</arm_group_type>
    <description>600 mg Gabapentin Enacarbil (Horizant)</description>
  </arm_group>
  <intervention>
    <intervention_type>Drug</intervention_type>
    <intervention_name>gabapentin enacarbil</intervention_name>
    <description>Horizant Extended Release Tablets, 600 mg, white to off-white, oval shaped tablets, taken 2 times per day</description>
    <arm_group_label>Gabapentin Enacarbil</arm_group_label>
    <other_name>Horizant Extended Release Tablets</other_name>
  </intervention>
  <intervention>
    <intervention_type>Drug</intervention_type>
    <intervention_name>Placebo</intervention_name>
    <description>Placebo tablet, white to off-white, oval shaped tablets, taken 2 times per day</description>
    <arm_group_label>Sugar Pill</arm_group_label>
  </intervention>
  <eligibility>
    <criteria>
      <textblock>
        Inclusion Criteria:

        Subjects must meet each one of the following inclusion criteria in order to be eligible for
        participation in the study:

          1. Be at least 21 years of age.

          2. Have a current (past 12 months) DSM-5 diagnosis of AUD.

          3. Have a BAC by breathalyzer equal to 0.000 when s/he signed the informed consent
             document (either just prior to or immediately after signing consent).

          4. Be seeking treatment for problems with alcohol.

        Additional will be evaluated in clinic.

        Exclusion Criteria:

        Evaluations will be conducted in clinic.
      </textblock>
    </criteria>
    <gender>All</gender>
    <minimum_age>21 Years</minimum_age>
    <maximum_age>N/A</maximum_age>
    <healthy_volunteers>No</healthy_volunteers>
  </eligibility>
  <overall_official>
    <last_name>Raye Z. Litten, Ph.D.</last_name>
    <role>Study Chair</role>
    <affiliation>National Institute on Alcohol Abuse and Alcoholism (NIAAA)</affiliation>
  </overall_official>
  <location>
    <facility>
      <name>University of California Los Angeles</name>
      <address>
        <city>Los Angeles</city>
        <state>California</state>
        <country>United States</country>
      </address>
    </facility>
  </location>
  <location>
    <facility>
      <name>Friends Research Institute</name>
      <address>
        <city>San Francisco</city>
        <state>California</state>
        <zip>94103</zip>
        <country>United States</country>
      </address>
    </facility>
  </location>
  <location>
    <facility>
      <name>University of Miami, Miller School of Medicine</name>
      <address>
        <city>Miami</city>
        <state>Florida</state>
        <zip>33136</zip>
        <country>United States</country>
      </address>
    </facility>
  </location>
  <location>
    <facility>
      <name>Johns Hopkins University School of Medicine</name>
      <address>
        <city>Baltimore</city>
        <state>Maryland</state>
        <zip>21224</zip>
        <country>United States</country>
      </address>
    </facility>
  </location>
  <location>
    <facility>
      <name>Boston University Medical Center</name>
      <address>
        <city>Boston</city>
        <state>Massachusetts</state>
        <zip>02118</zip>
        <country>United States</country>
      </address>
    </facility>
  </location>
  <location>
    <facility>
      <name>Dartmouth-Hitchcock Medical Center</name>
      <address>
        <city>Lebanon</city>
        <state>New Hampshire</state>
        <zip>03756</zip>
        <country>United States</country>
      </address>
    </facility>
  </location>
  <location>
    <facility>
      <name>Mount Sinai St. Luke's Hospital</name>
      <address>
        <city>New York</city>
        <state>New York</state>
        <zip>10025</zip>
        <country>United States</country>
      </address>
    </facility>
  </location>
  <location>
    <facility>
      <name>University of Pennsylvania</name>
      <address>
        <city>Philadelphia</city>
        <state>Pennsylvania</state>
        <zip>19104</zip>
        <country>United States</country>
      </address>
    </facility>
  </location>
  <location>
    <facility>
      <name>The University of Texas Southwestern Medical Center</name>
      <address>
        <city>Dallas</city>
        <state>Texas</state>
        <zip>75235</zip>
        <country>United States</country>
      </address>
    </facility>
  </location>
  <location>
    <facility>
      <name>University of Virginia</name>
      <address>
        <city>Charlottesville</city>
        <state>Virginia</state>
        <zip>22911</zip>
        <country>United States</country>
      </address>
    </facility>
  </location>
  <location_countries>
    <country>United States</country>
  </location_countries>
  <verification_date>September 2017</verification_date>
  <lastchanged_date>September 13, 2017</lastchanged_date>
  <firstreceived_date>September 26, 2014</firstreceived_date>
  <responsible_party>
    <responsible_party_type>Sponsor</responsible_party_type>
  </responsible_party>
  <keyword>alcohol use disorder</keyword>
  <keyword>alcoholism</keyword>
  <keyword>alcohol dependence</keyword>
  <keyword>drinking alcohol</keyword>
  <condition_browse>
    <!-- CAUTION:  The following MeSH terms are assigned with an imperfect algorithm            -->
    <mesh_term>Disease</mesh_term>
    <mesh_term>Alcohol Drinking</mesh_term>
  </condition_browse>
  <intervention_browse>
    <!-- CAUTION:  The following MeSH terms are assigned with an imperfect algorithm            -->
    <mesh_term>Ethanol</mesh_term>
    <mesh_term>Gabapentin</mesh_term>
    <mesh_term>gamma-Aminobutyric Acid</mesh_term>
  </intervention_browse>
  <!-- Results have not yet been posted for this study                                          -->
</clinical_study>

