<?xml version="1.0" encoding="UTF-8"?>
<clinical_study rank="109">
  <!-- This xml conforms to an XML Schema at:
    https://clinicaltrials.gov/ct2/html/images/info/public.xsd -->
  <required_header>
    <download_date>ClinicalTrials.gov processed this data on September 15, 2017</download_date>
    <link_text>Link to the current ClinicalTrials.gov record.</link_text>
    <url>https://clinicaltrials.gov/show/NCT02918565</url>
  </required_header>
  <id_info>
    <org_study_id>PRO16080422</org_study_id>
    <secondary_id>R01AA023650</secondary_id>
    <nct_id>NCT02918565</nct_id>
  </id_info>
  <brief_title>Mechanisms for Alcohol Treatment Change [MATCH] Study</brief_title>
  <acronym>MATCH</acronym>
  <official_title>Mechanisms for Alcohol Treatment Change [MATCH] Study</official_title>
  <sponsors>
    <lead_sponsor>
      <agency>University of Pittsburgh</agency>
      <agency_class>Other</agency_class>
    </lead_sponsor>
    <collaborator>
      <agency>National Institute on Alcohol Abuse and Alcoholism (NIAAA)</agency>
      <agency_class>NIH</agency_class>
    </collaborator>
  </sponsors>
  <source>University of Pittsburgh</source>
  <oversight_info>
    <has_dmc>Yes</has_dmc>
  </oversight_info>
  <brief_summary>
    <textblock>
      A 5-arm randomized trial to determine what components of a text message intervention are
      necessary to reduce hazardous drinking among young adults and mechanisms through which these
      changes occur.
    </textblock>
  </brief_summary>
  <detailed_description>
    <textblock>
      Young adults ages 18-25 have high rates of hazardous alcohol use and alcohol-related
      consequences. The Emergency Department (ED) provides an important opportunity to identify
      young adult hazardous drinkers who could benefit from interventions. A Text Message (TM)
      intervention was shown to reduce alcohol consumption among young adult ED patients, showing
      durable effects over 9-months. The TM intervention uses behavior change techniques with the
      largest effect sizes in an alcohol intervention meta-analysis: &quot;goal commitment&quot; and
      &quot;self-monitoring&quot;, along with real-time &quot;feedback&quot;. However, the unique effect of these
      ingredients, and mechanisms (processes occurring within the individual) through which they
      operate to reduce drinking remain unclear, a critical gap addressed by this project. Young
      adult ED patients (ages 18-25) who screen positive for hazardous drinking will be recruited
      to participate in a randomized trial to determine how best to help individuals reduce
      hazardous drinking. All participants will be asked to complete web-based surveys at baseline,
      12 and 24 weeks after enrollment, complete brief psychomotor tasks weekly for 14 weeks, and
      respond to text messages each Thursday and Sunday for the next 12 weeks. Those randomized to
      the TM interventions will additionally receive feedback on their text reports. The four TM
      intervention arms are: (1) Drinking Cognition Feedback (DCF), (2) Alcohol Risk Feedback
      (ARF), (3) Adaptive Goal Support (AGS) and (4) a combination of DCF, ARF, and AGS=COMBO).
      Study results have implications for designing efficient mobile interventions, and developing
      a dynamic theory of behavior change.
    </textblock>
  </detailed_description>
  <overall_status>Recruiting</overall_status>
  <start_date>December 2016</start_date>
  <completion_date type="Anticipated">December 2021</completion_date>
  <primary_completion_date type="Anticipated">June 2021</primary_completion_date>
  <phase>N/A</phase>
  <study_type>Interventional</study_type>
  <has_expanded_access>No</has_expanded_access>
  <study_design_info>
    <allocation>Randomized</allocation>
    <intervention_model>Parallel Assignment</intervention_model>
    <primary_purpose>Prevention</primary_purpose>
    <masking>Double (Investigator, Outcomes Assessor)</masking>
  </study_design_info>
  <primary_outcome>
    <measure>Number of binge drinking episodes</measure>
    <time_frame>12 weeks after starting intervention</time_frame>
    <description>defined as: 4 or more drinks per day for women and 5 or more drinks per day for men</description>
  </primary_outcome>
  <secondary_outcome>
    <measure>Drinks per drinking day</measure>
    <time_frame>12 weeks after starting intervention</time_frame>
  </secondary_outcome>
  <number_of_arms>5</number_of_arms>
  <enrollment type="Anticipated">1875</enrollment>
  <condition>Alcohol Consumption</condition>
  <arm_group>
    <arm_group_label>Drinking Cognition Feedback (DCF)</arm_group_label>
    <arm_group_type>Experimental</arm_group_type>
    <description>12 weeks of interactive text messaging focused on providing feedback related only to pre-weekend drinking cognitions (plans, desire to get drunk).</description>
  </arm_group>
  <arm_group>
    <arm_group_label>Alcohol Risk Feedback (ARF)</arm_group_label>
    <arm_group_type>Experimental</arm_group_type>
    <description>12 weeks of interactive text messaging focused on providing feedback related only to post-weekend alcohol consumption (max drinks consumed on any occasion over the weekend).</description>
  </arm_group>
  <arm_group>
    <arm_group_label>Adaptive Goal Support (AGS)</arm_group_label>
    <arm_group_type>Experimental</arm_group_type>
    <description>10 weeks of interactive text messaging focused on providing adaptive goal support (based on running average of max drinks consumed).</description>
  </arm_group>
  <arm_group>
    <arm_group_label>COMBO</arm_group_label>
    <arm_group_type>Experimental</arm_group_type>
    <description>12 weeks of interactive text messaging incorporating features of DCF, ARF and AGS.</description>
  </arm_group>
  <arm_group>
    <arm_group_label>Control</arm_group_label>
    <arm_group_type>No Intervention</arm_group_type>
    <description>12 weeks of text message assessments without any feedback</description>
  </arm_group>
  <intervention>
    <intervention_type>Behavioral</intervention_type>
    <intervention_name>Drinking Cognition Feedback (DCF)</intervention_name>
    <description>12 weeks of interactive text messaging focused on providing feedback related only to pre-weekend drinking cognitions (plans, desire to get drunk).</description>
    <arm_group_label>Drinking Cognition Feedback (DCF)</arm_group_label>
  </intervention>
  <intervention>
    <intervention_type>Behavioral</intervention_type>
    <intervention_name>Alcohol Risk Feedback (ARF)</intervention_name>
    <description>12 weeks of interactive text messaging focused on providing feedback related only to post-weekend alcohol consumption (max drinks consumed on any occasion over the weekend).</description>
    <arm_group_label>Alcohol Risk Feedback (ARF)</arm_group_label>
  </intervention>
  <intervention>
    <intervention_type>Behavioral</intervention_type>
    <intervention_name>Adaptive Goal Support (AGS)</intervention_name>
    <description>12 weeks of interactive text messaging focused on providing adaptive goal support (based on running average of max drinks consumed).</description>
    <arm_group_label>Adaptive Goal Support (AGS)</arm_group_label>
  </intervention>
  <intervention>
    <intervention_type>Behavioral</intervention_type>
    <intervention_name>COMBO</intervention_name>
    <description>12 weeks of interactive text messaging incorporating features of DCF, ARF and AGS.</description>
    <arm_group_label>COMBO</arm_group_label>
  </intervention>
  <eligibility>
    <criteria>
      <textblock>
        Inclusion Criteria:

          -  total score of &gt;2 for women or &gt;3 for men on the AUDIT-C

          -  at least 1 binged drinking episode in the prior 30 days

        Exclusion Criteria:

          -  no cell phone with text messaging

          -  have been diagnosed with an alcohol or substance use disorder

          -  pregnant or planning pregnancy

          -  taking medicine for a psychiatric disorder (including depression, anxiety)

          -  taking any medicine that could interact with alcohol
      </textblock>
    </criteria>
    <gender>All</gender>
    <minimum_age>18 Years</minimum_age>
    <maximum_age>25 Years</maximum_age>
    <healthy_volunteers>No</healthy_volunteers>
  </eligibility>
  <overall_official>
    <last_name>Brian Suffoletto, MD MS</last_name>
    <role>Principal Investigator</role>
    <affiliation>University of Pittsburgh</affiliation>
  </overall_official>
  <overall_contact>
    <last_name>Brian Sufffoletto, MD MS</last_name>
    <phone>412-901-6892</phone>
  </overall_contact>
  <overall_contact_backup>
    <last_name>Ryan Kurtz</last_name>
    <phone>412-647-6999</phone>
  </overall_contact_backup>
  <location>
    <facility>
      <name>University of Pittsburgh Medical Center Emergency Department</name>
      <address>
        <city>Pittsburgh</city>
        <state>Pennsylvania</state>
        <zip>15261</zip>
        <country>United States</country>
      </address>
    </facility>
    <status>Recruiting</status>
    <contact>
      <last_name>Brian Suffoletto, MD MSc</last_name>
      <email>suffbp@upmc.edu</email>
    </contact>
  </location>
  <location_countries>
    <country>United States</country>
  </location_countries>
  <verification_date>May 2017</verification_date>
  <lastchanged_date>May 2, 2017</lastchanged_date>
  <firstreceived_date>September 23, 2016</firstreceived_date>
  <responsible_party>
    <responsible_party_type>Principal Investigator</responsible_party_type>
    <investigator_affiliation>University of Pittsburgh</investigator_affiliation>
    <investigator_full_name>Brian Suffoletto</investigator_full_name>
    <investigator_title>MD</investigator_title>
  </responsible_party>
  <condition_browse>
    <!-- CAUTION:  The following MeSH terms are assigned with an imperfect algorithm            -->
    <mesh_term>Alcohol Drinking</mesh_term>
  </condition_browse>
  <intervention_browse>
    <!-- CAUTION:  The following MeSH terms are assigned with an imperfect algorithm            -->
    <mesh_term>Ethanol</mesh_term>
  </intervention_browse>
  <patient_data>
    <sharing_ipd>Yes</sharing_ipd>
    <ipd_description>De-identified dataset provided upon request</ipd_description>
  </patient_data>
  <!-- Results have not yet been posted for this study                                          -->
</clinical_study>

