<?xml version="1.0" encoding="UTF-8"?>
<clinical_study rank="346">
  <!-- This xml conforms to an XML Schema at:
    https://clinicaltrials.gov/ct2/html/images/info/public.xsd -->
  <required_header>
    <download_date>ClinicalTrials.gov processed this data on August 15, 2017</download_date>
    <link_text>Link to the current ClinicalTrials.gov record.</link_text>
    <url>https://clinicaltrials.gov/show/NCT01115894</url>
  </required_header>
  <id_info>
    <org_study_id>AA015553-01A1S1</org_study_id>
    <nct_id>NCT01115894</nct_id>
  </id_info>
  <brief_title>Medication and Counseling for Controlled Drinking</brief_title>
  <acronym>ProjectSMART</acronym>
  <official_title>Naltrexone and CBT for Problem-Drinking MSM</official_title>
  <sponsors>
    <lead_sponsor>
      <agency>Research Foundation for Mental Hygiene, Inc.</agency>
      <agency_class>Other</agency_class>
    </lead_sponsor>
  </sponsors>
  <source>Research Foundation for Mental Hygiene, Inc.</source>
  <oversight_info>
    <has_dmc>Yes</has_dmc>
  </oversight_info>
  <brief_summary>
    <textblock>
      Problem drinking gay and bisexual men who try to quit drinking are at risk for relapse to
      heavy or problematic drinking because their social lives and social outlets are often
      strongly associated with alcohol. These men are most receptive to interventions focused on
      moderation of drinking rather than abstinence. However moderation-oriented cognitive-behavior
      therapy (CBT) and naltrexone (NTX) are both well established treatments for problem drinkers
      who wish to moderate, rather than stop, drinking. Research suggests that combining these
      treatments may enhance their efficacy.

      This study combines moderation-oriented CBT with NTX in the treatment of problem drinking gay
      and bisexual men, who do not wish to abstain from alcohol, to evaluate their efficacy alone
      and in combination. We also propose to utilize new data collection technology, Interactive
      Voice Response, to collect data on daily relations among drinking, sexual behavior and
      psychological variables thought to mediate treatment response. Our objectives are to
      evaluation the efficacy of 12 weeks of randomly assigned treatment, with 100 mg of NTX or
      placebo, combined with brief supportive therapy or modified, behavioral self-control therapy
      specifically tailored to gay/bisexual men; to evaluate conditional relationships between
      heavy drinking and likelihood of HIV risk behavior; and to evaluate daily associations among
      mood, craving, self-efficacy, motivation, and drinking. Assessments will include baseline, 3,
      6, &amp; 9 month follow-up. A substudy of the treatment trial will be conducted to collect and
      bank samples from blood for research aimed at associating naturally occurring differences in
      DNA with patient response to NTX, and with potential mediational mechanisms of action of NTX.
      Information gathered on genes or gene products may be used in conjunction with data on
      clinical psychological factors obtained as part of the clinical trial to evaluate
      relationships among genetic variants, drug effects, and mechanisms of treatment response.
      Patients will be asked to give a blood sample at Week 0 of the clinical trial for the purpose
      of carrying out genetic research.
    </textblock>
  </brief_summary>
  <overall_status>Unknown status</overall_status>
  <last_known_status>Active, not recruiting</last_known_status>
  <start_date>February 2007</start_date>
  <primary_completion_date type="Actual">December 2010</primary_completion_date>
  <phase>Phase 3</phase>
  <study_type>Interventional</study_type>
  <has_expanded_access>No</has_expanded_access>
  <study_design_info>
    <allocation>Randomized</allocation>
    <intervention_model>Factorial Assignment</intervention_model>
    <primary_purpose>Treatment</primary_purpose>
    <masking>Double Blind (Participant, Investigator, Outcomes Assessor)</masking>
  </study_design_info>
  <primary_outcome>
    <measure>Quantity of alcohol use</measure>
    <time_frame>9 months</time_frame>
  </primary_outcome>
  <primary_outcome>
    <measure>Frequency of binge drinking</measure>
    <time_frame>9 months</time_frame>
  </primary_outcome>
  <secondary_outcome>
    <measure>Frequency of HIV risk behavior</measure>
    <time_frame>9 months</time_frame>
  </secondary_outcome>
  <number_of_arms>4</number_of_arms>
  <enrollment type="Actual">200</enrollment>
  <condition>Alcohol Dependence</condition>
  <condition>Alcohol Abuse</condition>
  <arm_group>
    <arm_group_label>active medication + psychotherapy</arm_group_label>
    <arm_group_type>Experimental</arm_group_type>
  </arm_group>
  <arm_group>
    <arm_group_label>placebo + psychotherapy</arm_group_label>
    <arm_group_type>Experimental</arm_group_type>
  </arm_group>
  <arm_group>
    <arm_group_label>active medication+brief supportive counseling</arm_group_label>
    <arm_group_type>Experimental</arm_group_type>
  </arm_group>
  <arm_group>
    <arm_group_label>placebo + brief supportive counseling</arm_group_label>
    <arm_group_type>Experimental</arm_group_type>
  </arm_group>
  <intervention>
    <intervention_type>Drug</intervention_type>
    <intervention_name>Naltrexone</intervention_name>
    <description>100 mg oral dosage daily for 12 weeks</description>
    <arm_group_label>active medication + psychotherapy</arm_group_label>
    <arm_group_label>active medication+brief supportive counseling</arm_group_label>
  </intervention>
  <intervention>
    <intervention_type>Behavioral</intervention_type>
    <intervention_name>Modified Behavioral Self-Control Psychotherapy</intervention_name>
    <description>Moderation- and cognitive-behaviorally-based psychotherapy. Treatment goal of moderation of alcohol consumption. 12 weekly, 1-hour sessions.</description>
    <arm_group_label>active medication + psychotherapy</arm_group_label>
    <arm_group_label>placebo + psychotherapy</arm_group_label>
  </intervention>
  <intervention>
    <intervention_type>Behavioral</intervention_type>
    <intervention_name>Brief Behavioral Compliance Enhancement Therapy</intervention_name>
    <description>Brief supportive counseling to enhance compliance with medication and encourage goal-setting concerning alcohol consumption.</description>
    <arm_group_label>active medication+brief supportive counseling</arm_group_label>
    <arm_group_label>placebo + brief supportive counseling</arm_group_label>
  </intervention>
  <intervention>
    <intervention_type>Drug</intervention_type>
    <intervention_name>Placebo</intervention_name>
    <description>Placebo</description>
    <arm_group_label>placebo + psychotherapy</arm_group_label>
    <arm_group_label>placebo + brief supportive counseling</arm_group_label>
  </intervention>
  <eligibility>
    <criteria>
      <textblock>
        Inclusion Criteria:

          -  Currently sexually active with other men

          -  Report drinking at levels substantially in excess of established guidelines for
             non-hazardous drinking

          -  Willing to reduce drinking to non-hazardous levels

          -  English literate (8th grade level)

        Exclusion Criteria:

          -  Current physical disease or condition making participant inappropriate for a
             medication trial, including total bilirubin elevation &gt;110% AST or ALT elevations
             &gt;300%

          -  History of serious psychiatric illness (psychotic disorder, bipolar disorder, or
             psychiatric illness requiring hospitalization)

          -  Recent (past three month) initiation of psychotropic medication or psychotherapy, or
             recent change in psychotropic medication treatment

          -  Current DSM-IV diagnosis of drug (other than nicotine) dependence, or lifetime
             diagnosis of opioid dependence

          -  DSM-IV alcohol dependence diagnosis judged clinically severe, history or present
             evidence of significant alcohol withdrawal symptoms, or recurrent use of alcohol to
             alleviate withdrawal

          -  Regular use of opioids in the past month

          -  History of of hypersensitivity to NTX

          -  Considered by study physician not to be suitable for receipt of an investigational
             drug

          -  Likely to require treatment with opiate pain medication during the course of the study
      </textblock>
    </criteria>
    <gender>Male</gender>
    <minimum_age>18 Years</minimum_age>
    <maximum_age>65 Years</maximum_age>
    <healthy_volunteers>No</healthy_volunteers>
  </eligibility>
  <location>
    <facility>
      <name>Columbia Addiction Services and Psychotherapy Intervention Research</name>
      <address>
        <city>New York</city>
        <state>New York</state>
        <zip>10019</zip>
        <country>United States</country>
      </address>
    </facility>
  </location>
  <location_countries>
    <country>United States</country>
  </location_countries>
  <verification_date>December 2012</verification_date>
  <lastchanged_date>December 6, 2012</lastchanged_date>
  <firstreceived_date>April 30, 2010</firstreceived_date>
  <responsible_party>
    <responsible_party_type>Principal Investigator</responsible_party_type>
    <investigator_affiliation>Research Foundation for Mental Hygiene</investigator_affiliation>
    <investigator_full_name>Jon Morgenstern, Ph.D.</investigator_full_name>
    <investigator_title>Principle Investigator</investigator_title>
  </responsible_party>
  <keyword>problem drinking</keyword>
  <keyword>alcohol</keyword>
  <condition_browse>
    <!-- CAUTION:  The following MeSH terms are assigned with an imperfect algorithm            -->
    <mesh_term>Alcoholism</mesh_term>
  </condition_browse>
  <intervention_browse>
    <!-- CAUTION:  The following MeSH terms are assigned with an imperfect algorithm            -->
    <mesh_term>Naltrexone</mesh_term>
  </intervention_browse>
  <!-- Results have not yet been posted for this study                                          -->
</clinical_study>

