<?xml version="1.0" encoding="UTF-8"?>
<clinical_study rank="323">
  <!-- This xml conforms to an XML Schema at:
    https://clinicaltrials.gov/ct2/html/images/info/public.xsd -->
  <required_header>
    <download_date>ClinicalTrials.gov processed this data on September 15, 2017</download_date>
    <link_text>Link to the current ClinicalTrials.gov record.</link_text>
    <url>https://clinicaltrials.gov/show/NCT01760785</url>
  </required_header>
  <id_info>
    <org_study_id>08-0582</org_study_id>
    <secondary_id>PT075168</secondary_id>
    <nct_id>NCT01760785</nct_id>
  </id_info>
  <brief_title>Valproate for Mood Swings and Alcohol Use Following Head Injury</brief_title>
  <official_title>A Double Blind Trial of Divalproex Sodium for Affective Lability and Alcohol Use Following Traumatic Brain Injury</official_title>
  <sponsors>
    <lead_sponsor>
      <agency>University of Colorado, Denver</agency>
      <agency_class>Other</agency_class>
    </lead_sponsor>
    <collaborator>
      <agency>United States Department of Defense</agency>
      <agency_class>U.S. Fed</agency_class>
    </collaborator>
  </sponsors>
  <source>University of Colorado, Denver</source>
  <oversight_info>
    <has_dmc>Yes</has_dmc>
  </oversight_info>
  <brief_summary>
    <textblock>
      Successful treatment of traumatic brain injury (TBI)-induced mood lability may reduce or
      eliminate drinking behaviors in persons with alcohol abuse/dependence (AA/D) and affective
      lability following TBI. Observed clinically, the symptoms of poorly regulated affective
      expression of AA/D+TBI patients who reach alcohol abstinence do not appear to be those of an
      idiopathic mood or anxiety disorder. These symptoms do not present the severity or the same
      natural courses as do Major Depressive Disorder, Bipolar Illness, or Anxiety Disorder, for
      example. Instead, both symptoms and course appear more characteristic of the sustained affect
      lability often observed following TBI. This observation suggests that TBI survivors represent
      a patient group for whom treatment of neuropsychiatric symptoms following TBI may alleviate
      both TBI-related affect lability and also heavy ethanol use by treating the condition that is
      contextually related to excessive alcohol use.

      Based on this concept of consequently treating AA/D through the management of post-TBI
      affective lability, this study was conducted observing the efficacy of divalproex sodium on
      the severity of affective lability and AA/D in persons suffering from a moderate TBI.
      Divalproex sodium has been shown to ameliorate mood disorders, even in those with substance
      abuse problems. This drug has also shown positive results as an alternate medication to
      benzodiazapines in the treatment of alcohol withdrawal, significantly reducing the
      progression of withdrawal symptoms in patients.
    </textblock>
  </brief_summary>
  <detailed_description>
    <textblock>
      Despite the body's natural healing during the first year after a head injury, many veterans
      who have suffered even mild brain injuries find themselves easily upset or fearful as they go
      about their daily lives. While these reactions to the world around them were easily managed
      before the head injury, they now occur with little or no interruption and are exceedingly
      difficult to manage. Such reactions include a sense of always being upset or fearful that
      often makes it difficult to get along with family members, friends, coworkers, and employers.
      This may lead to broken marriages, unemployment, and even homelessness.

      Some people with head injuries try to manage their unmanageable moods by drinking alcohol
      because it can create a sense of calm. However, alcohol's actions are short in duration. Most
      find that they have to drink more and more for a similar calming effect, and they soon become
      dependent on alcohol. This makes working and being part of their families even more
      difficult.

      To treat the unmanageable mood, we tried a medicine called valproate, one that eases mood
      problems in people without head injury. We gave valproate to head injured persons with mood
      problems in a &quot;non-blinded&quot; study where both the doctor and the patient knew that the
      medicine was valproate and both were optimistic that it would work. In a small sample of
      eighteen people, 85% found mood relief and most of those either stopped drinking alcohol or
      drank much less than before. However, this might have been because both the doctor and
      patient were hopeful that the medication would make the patient feel better or because the
      medicine actually worked.

      The only way to know for sure if the medicine works is to perform a study in which people
      receive either valproate or a sugar pill while neither they nor their doctor know which one
      they are taking. This is called a double blind study, as proposed here, and will involve
      nearly three times as many head injured persons as the first study.

      If it is successful, the new study will show that valproate treatment helps head injured
      people manage their moods and allows them to return to families, friends, and work. It will
      also show that they drink alcohol less or not at all, improving their health even further.
      Then doctors will know that they can use this medicine for large numbers of people who suffer
      from head injury and help them to lead normal lives. If the outcome of the study shows that
      the medicine works well, doctors can then use this medicine to treat people with head injury
      immediately after the study results are published.
    </textblock>
  </detailed_description>
  <overall_status>Completed</overall_status>
  <start_date>September 2008</start_date>
  <completion_date type="Actual">June 2016</completion_date>
  <primary_completion_date type="Actual">August 2014</primary_completion_date>
  <phase>N/A</phase>
  <study_type>Interventional</study_type>
  <has_expanded_access>No</has_expanded_access>
  <study_design_info>
    <allocation>Randomized</allocation>
    <intervention_model>Parallel Assignment</intervention_model>
    <primary_purpose>Treatment</primary_purpose>
    <masking>Quadruple (Participant, Care Provider, Investigator, Outcomes Assessor)</masking>
  </study_design_info>
  <primary_outcome>
    <measure>Severity of Affective Lability Based on Shortened Agitated Behavior Scale</measure>
    <time_frame>Weeks 2 through 8</time_frame>
    <description>Severity of affective lability was measured using a shortened version of the Agitated Behavior Scale (ABS). The ABS is used to assess the nature and extent of present agitation. Eight items from the 14-item scale were used, which measured the presence and severity of various affective lability symptoms including: short attention span, impulsivity, uncooperative behavior, violent tendencies, restlessness, rapid or excessive talking, sudden changes in mood, and easily initiated or excessive crying and/or laughter. Each of the eight items was scored using a 1-4 Likert scale, where 1 stands for absence of symptom and 4 stands for presence to an extreme degree. The minimum possible score for this measure was 8, and the maximum possible score was 32. Due to the nature of the measure, a lower score indicated less severe affective lability, while conversely higher scores indicated more severe affective lability. The mean of scores for weeks 2 through 8 for each group were reported.</description>
  </primary_outcome>
  <secondary_outcome>
    <measure>Frequency of Alcohol Use</measure>
    <time_frame>Weeks 1-10</time_frame>
    <description>Frequencies of alcohol use/misuse will be measured weekly utilizing the Timeline Followback assessment. Participants will also be given an alcohol breath test at every clinic visit.</description>
  </secondary_outcome>
  <number_of_arms>2</number_of_arms>
  <enrollment type="Actual">50</enrollment>
  <condition>Traumatic Brain Injury (TBI)</condition>
  <condition>Alcoholism</condition>
  <arm_group>
    <arm_group_label>divalproex sodium</arm_group_label>
    <arm_group_type>Active Comparator</arm_group_type>
  </arm_group>
  <arm_group>
    <arm_group_label>sugar pill</arm_group_label>
    <arm_group_type>Placebo Comparator</arm_group_type>
  </arm_group>
  <intervention>
    <intervention_type>Drug</intervention_type>
    <intervention_name>divalproex sodium</intervention_name>
    <description>Doses will be given in 250mg increments and titrated over the first four days of study until a starting dose of 750 mg is reached. The Study Oversight Team, who is not involved in any clinical visits, will be un-blinded to study drug assignment and will have plasma concentration results and adverse event reports available to them. If a subject has no adverse events and is not at therapeutic level as indicated by the blood levels, the Study Oversight Team may inform the research pharmacy to increase the dose by 1 tablet of 250 mg to 1000 mg per day. The Study Oversight Team may also inform the research pharmacy to reduce the daily dosage back down to 750 mg per day if plasma concentrations or adverse events become intolerable. The maximum dose for the purpose of this study will be 1250 mg daily and the minimum dose will be 750 mg daily. Subjects who cannot tolerate the minimum dose will be excluded from any further study participation.</description>
    <arm_group_label>divalproex sodium</arm_group_label>
  </intervention>
  <intervention>
    <intervention_type>Drug</intervention_type>
    <intervention_name>Placebo</intervention_name>
    <description>Doses will be titrated over the first four days of study in the same manner as the active study drug. After titration, the research pharmacy may increase the dose by 1 tablet per day, in the same fashion that the active drug may be adjusted, so that the participant and clinical team remain blinded to the drug assignment. The research pharmacy may also reduce the daily dosage back down by one tablet per day for the same reason.</description>
    <arm_group_label>sugar pill</arm_group_label>
    <other_name>sugar pill</other_name>
  </intervention>
  <eligibility>
    <criteria>
      <textblock>
        Inclusion Criteria:

          -  Veteran

          -  history of closed-head traumatic brain injury (TBI) at least one year prior to
             enrollment

          -  symptoms of affective lability such as mood swings, irritability, frustration and
             anxiety

          -  currently using alcohol

        Exclusion Criteria:

          -  history of Axis I bipolar disorder or anxiety disorder prior to the TBI

          -  skull opened either surgically or traumatically

          -  history of stroke

          -  current diagnosis or past history of major psychosis as defined by Diagnostic and
             Statistical Manual of Mental Disorders (DSM-IV)

          -  active liver disease

          -  evidence of the alcohol amnesic syndrome

          -  history of seizure disorder other than those caused by ethanol withdrawal

          -  any type of dementia

          -  current suicidal/homicidal ideations

          -  symptomatic thiamine, folate or Vitamin B-12 deficiency

          -  HIV positive

          -  any medical conditions that would constitute contraindications to treatment with
             divalproex sodium
      </textblock>
    </criteria>
    <gender>All</gender>
    <minimum_age>18 Years</minimum_age>
    <maximum_age>65 Years</maximum_age>
    <healthy_volunteers>No</healthy_volunteers>
  </eligibility>
  <overall_official>
    <last_name>Thomas P Beresford, MD</last_name>
    <role>Principal Investigator</role>
    <affiliation>Denver Veteran's Affairs Medical Center</affiliation>
  </overall_official>
  <location>
    <facility>
      <name>Denver Veteran's Affairs Medical Center</name>
      <address>
        <city>Denver</city>
        <state>Colorado</state>
        <zip>80220</zip>
        <country>United States</country>
      </address>
    </facility>
  </location>
  <location_countries>
    <country>United States</country>
  </location_countries>
  <verification_date>July 2016</verification_date>
  <lastchanged_date>July 11, 2016</lastchanged_date>
  <firstreceived_date>November 8, 2012</firstreceived_date>
  <firstreceived_results_date>March 28, 2016</firstreceived_results_date>
  <responsible_party>
    <responsible_party_type>Sponsor</responsible_party_type>
  </responsible_party>
  <keyword>Veterans</keyword>
  <keyword>Traumatic Brain Injury(TBI)</keyword>
  <keyword>Alcoholism</keyword>
  <condition_browse>
    <!-- CAUTION:  The following MeSH terms are assigned with an imperfect algorithm            -->
    <mesh_term>Wounds and Injuries</mesh_term>
    <mesh_term>Brain Injuries</mesh_term>
    <mesh_term>Alcoholism</mesh_term>
  </condition_browse>
  <intervention_browse>
    <!-- CAUTION:  The following MeSH terms are assigned with an imperfect algorithm            -->
    <mesh_term>Valproic Acid</mesh_term>
  </intervention_browse>

  <clinical_results>

    <participant_flow>
      <recruitment_details>Recruitment occurred between in December 2008 and was completed in May 2014. Participants were recruited from the local VA medical center and the surrounding area. Recruitment included television advertisements, bus banners, flyers distribution, hospital signage, and word of mouth. 637 participants were initially screened via telephone.</recruitment_details>
      <pre_assignment_details>Screening was done in two phases: telephone and in-person. Telephone screening included questions about the severity of the traumatic brain injury (TBI), substance use history, mood lability, medical and psychiatric history, and availability of proxy reporter. The in-person phase included screening for exclusionary cognitive or physical impairment.</pre_assignment_details>
      <group_list>
        <group group_id="P1">
          <title>Divalproex Sodium</title>
          <description>Divalproex sodium: Doses will be given in 250mg increments and titrated over the first four days of study until a starting dose of 750 mg is reached. The Study Oversight Team, who is not involved in any clinical visits, will be un-blinded to study drug assignment and will have plasma concentration results and adverse event reports available to them. If a subject has no adverse events and is not at therapeutic level as indicated by the blood levels, the Study Oversight Team may inform the research pharmacy to increase the dose by 1 tablet of 250 mg to 1000 mg per day. The Study Oversight Team may also inform the research pharmacy to reduce the daily dosage back down to 750 mg per day if plasma concentrations or adverse events become intolerable. The maximum dose for the purpose of this study will be 1250 mg daily and the minimum dose will be 750 mg daily. Subjects who cannot tolerate the minimum dose will be excluded from any further study participation.</description>
        </group>
        <group group_id="P2">
          <title>Sugar Pill</title>
          <description>Placebo: Doses will be titrated over the first four days of study in the same manner as the active study drug. After titration, the research pharmacy may increase the dose by 1 tablet per day, in the same fashion that the active drug may be adjusted, so that the participant and clinical team remain blinded to the drug assignment. The research pharmacy may also reduce the daily dosage back down by one tablet per day for the same reason.</description>
        </group>
      </group_list>
      <period_list>
        <period>
          <title>Overall Study</title>
          <milestone_list>
            <milestone>
              <title>STARTED</title>
              <participants_list>
                <participants group_id="P1" count="23"/>
                <participants group_id="P2" count="27"/>
              </participants_list>
            </milestone>
            <milestone>
              <title>COMPLETED</title>
              <participants_list>
                <participants group_id="P1" count="23"/>
                <participants group_id="P2" count="27"/>
              </participants_list>
            </milestone>
            <milestone>
              <title>NOT COMPLETED</title>
              <participants_list>
                <participants group_id="P1" count="0"/>
                <participants group_id="P2" count="0"/>
              </participants_list>
            </milestone>
          </milestone_list>
        </period>
      </period_list>
    </participant_flow>

    <baseline>
      <group_list>
        <group group_id="B1">
          <title>Divalproex Sodium</title>
          <description>Divalproex sodium: Doses will be given in 250mg increments and titrated over the first four days of study until a starting dose of 750 mg is reached. The Study Oversight Team, who is not involved in any clinical visits, will be un-blinded to study drug assignment and will have plasma concentration results and adverse event reports available to them. If a subject has no adverse events and is not at therapeutic level as indicated by the blood levels, the Study Oversight Team may inform the research pharmacy to increase the dose by 1 tablet of 250 mg to 1000 mg per day. The Study Oversight Team may also inform the research pharmacy to reduce the daily dosage back down to 750 mg per day if plasma concentrations or adverse events become intolerable. The maximum dose for the purpose of this study will be 1250 mg daily and the minimum dose will be 750 mg daily. Subjects who cannot tolerate the minimum dose will be excluded from any further study participation.</description>
        </group>
        <group group_id="B2">
          <title>Sugar Pill</title>
          <description>Placebo: Doses will be titrated over the first four days of study in the same manner as the active study drug. After titration, the research pharmacy may increase the dose by 1 tablet per day, in the same fashion that the active drug may be adjusted, so that the participant and clinical team remain blinded to the drug assignment. The research pharmacy may also reduce the daily dosage back down by one tablet per day for the same reason.</description>
        </group>
        <group group_id="B3">
          <title>Total</title>
          <description>Total of all reporting groups</description>
        </group>
      </group_list>
      <analyzed_list>
        <analyzed>
          <units>Participants</units>
          <scope>Overall</scope>
          <count_list>
            <count group_id="B1" value="23"/>
            <count group_id="B2" value="27"/>
            <count group_id="B3" value="50"/>
          </count_list>
        </analyzed>
      </analyzed_list>
      <measure_list>
        <measure>
          <title>Age</title>
          <units>participants</units>
          <param>Number</param>
          <class_list>
            <class>
              <title>&lt;=18 years</title>
              <category_list>
                <category>
                  <measurement_list>
                    <measurement group_id="B1" value="0"/>
                    <measurement group_id="B2" value="0"/>
                    <measurement group_id="B3" value="0"/>
                  </measurement_list>
                </category>
              </category_list>
            </class>
            <class>
              <title>Between 18 and 65 years</title>
              <category_list>
                <category>
                  <measurement_list>
                    <measurement group_id="B1" value="23"/>
                    <measurement group_id="B2" value="27"/>
                    <measurement group_id="B3" value="50"/>
                  </measurement_list>
                </category>
              </category_list>
            </class>
            <class>
              <title>&gt;=65 years</title>
              <category_list>
                <category>
                  <measurement_list>
                    <measurement group_id="B1" value="0"/>
                    <measurement group_id="B2" value="0"/>
                    <measurement group_id="B3" value="0"/>
                  </measurement_list>
                </category>
              </category_list>
            </class>
          </class_list>
        </measure>
        <measure>
          <title>Age</title>
          <units>years</units>
          <param>Mean</param>
          <dispersion>Standard Deviation</dispersion>
          <class_list>
            <class>
              <category_list>
                <category>
                  <measurement_list>
                    <measurement group_id="B1" value="46.2" spread="10.99"/>
                    <measurement group_id="B2" value="45.3" spread="9.66"/>
                    <measurement group_id="B3" value="45.7" spread="10.23"/>
                  </measurement_list>
                </category>
              </category_list>
            </class>
          </class_list>
        </measure>
        <measure>
          <title>Gender</title>
          <units>participants</units>
          <param>Number</param>
          <class_list>
            <class>
              <title>Female</title>
              <category_list>
                <category>
                  <measurement_list>
                    <measurement group_id="B1" value="3"/>
                    <measurement group_id="B2" value="7"/>
                    <measurement group_id="B3" value="10"/>
                  </measurement_list>
                </category>
              </category_list>
            </class>
            <class>
              <title>Male</title>
              <category_list>
                <category>
                  <measurement_list>
                    <measurement group_id="B1" value="20"/>
                    <measurement group_id="B2" value="20"/>
                    <measurement group_id="B3" value="40"/>
                  </measurement_list>
                </category>
              </category_list>
            </class>
          </class_list>
        </measure>
      </measure_list>
    </baseline>

    <outcome_list>
      <outcome>
        <type>Primary</type>
        <title>Severity of Affective Lability Based on Shortened Agitated Behavior Scale</title>
        <description>Severity of affective lability was measured using a shortened version of the Agitated Behavior Scale (ABS). The ABS is used to assess the nature and extent of present agitation. Eight items from the 14-item scale were used, which measured the presence and severity of various affective lability symptoms including: short attention span, impulsivity, uncooperative behavior, violent tendencies, restlessness, rapid or excessive talking, sudden changes in mood, and easily initiated or excessive crying and/or laughter. Each of the eight items was scored using a 1-4 Likert scale, where 1 stands for absence of symptom and 4 stands for presence to an extreme degree. The minimum possible score for this measure was 8, and the maximum possible score was 32. Due to the nature of the measure, a lower score indicated less severe affective lability, while conversely higher scores indicated more severe affective lability. The mean of scores for weeks 2 through 8 for each group were reported.</description>
        <time_frame>Weeks 2 through 8</time_frame>
        <group_list>
          <group group_id="O1">
            <title>Divalproex Sodium</title>
            <description>Divalproex sodium: Doses will be given in 250mg increments and titrated over the first four days of study until a starting dose of 750 mg is reached. The Study Oversight Team, who is not involved in any clinical visits, will be un-blinded to study drug assignment and will have plasma concentration results and adverse event reports available to them. If a subject has no adverse events and is not at therapeutic level as indicated by the blood levels, the Study Oversight Team may inform the research pharmacy to increase the dose by 1 tablet of 250 mg to 1000 mg per day. The Study Oversight Team may also inform the research pharmacy to reduce the daily dosage back down to 750 mg per day if plasma concentrations or adverse events become intolerable. The maximum dose for the purpose of this study will be 1250 mg daily and the minimum dose will be 750 mg daily. Subjects who cannot tolerate the minimum dose will be excluded from any further study participation.</description>
          </group>
          <group group_id="O2">
            <title>Sugar Pill</title>
            <description>Placebo: Doses will be titrated over the first four days of study in the same manner as the active study drug. After titration, the research pharmacy may increase the dose by 1 tablet per day, in the same fashion that the active drug may be adjusted, so that the participant and clinical team remain blinded to the drug assignment. The research pharmacy may also reduce the daily dosage back down by one tablet per day for the same reason.</description>
          </group>
        </group_list>
        <measure>
          <title>Severity of Affective Lability Based on Shortened Agitated Behavior Scale</title>
          <description>Severity of affective lability was measured using a shortened version of the Agitated Behavior Scale (ABS). The ABS is used to assess the nature and extent of present agitation. Eight items from the 14-item scale were used, which measured the presence and severity of various affective lability symptoms including: short attention span, impulsivity, uncooperative behavior, violent tendencies, restlessness, rapid or excessive talking, sudden changes in mood, and easily initiated or excessive crying and/or laughter. Each of the eight items was scored using a 1-4 Likert scale, where 1 stands for absence of symptom and 4 stands for presence to an extreme degree. The minimum possible score for this measure was 8, and the maximum possible score was 32. Due to the nature of the measure, a lower score indicated less severe affective lability, while conversely higher scores indicated more severe affective lability. The mean of scores for weeks 2 through 8 for each group were reported.</description>
          <units>units on a scale</units>
          <param>Mean</param>
          <dispersion>Standard Error</dispersion>
          <analyzed_list>
            <analyzed>
              <units>Participants</units>
              <scope>Measure</scope>
              <count_list>
                <count group_id="O1" value="23"/>
                <count group_id="O2" value="26"/>
              </count_list>
            </analyzed>
          </analyzed_list>
          <class_list>
            <class>
              <category_list>
                <category>
                  <measurement_list>
                    <measurement group_id="O1" value="9.22" spread="0.18"/>
                    <measurement group_id="O2" value="9.39" spread="0.25"/>
                  </measurement_list>
                </category>
              </category_list>
            </class>
          </class_list>
        </measure>
      </outcome>
      <outcome>
        <type>Secondary</type>
        <title>Frequency of Alcohol Use</title>
        <description>Frequencies of alcohol use/misuse will be measured weekly utilizing the Timeline Followback assessment. Participants will also be given an alcohol breath test at every clinic visit.</description>
        <time_frame>Weeks 1-10</time_frame>
      </outcome>
    </outcome_list>

    <reported_events>
      <group_list>
        <group group_id="E1">
          <title>Divalproex Sodium</title>
          <description>Divalproex sodium: Doses will be given in 250mg increments and titrated over the first four days of study until a starting dose of 750 mg is reached. The Study Oversight Team, who is not involved in any clinical visits, will be un-blinded to study drug assignment and will have plasma concentration results and adverse event reports available to them. If a subject has no adverse events and is not at therapeutic level as indicated by the blood levels, the Study Oversight Team may inform the research pharmacy to increase the dose by 1 tablet of 250 mg to 1000 mg per day. The Study Oversight Team may also inform the research pharmacy to reduce the daily dosage back down to 750 mg per day if plasma concentrations or adverse events become intolerable. The maximum dose for the purpose of this study will be 1250 mg daily and the minimum dose will be 750 mg daily. Subjects who cannot tolerate the minimum dose will be excluded from any further study participation.</description>
        </group>
        <group group_id="E2">
          <title>Sugar Pill</title>
          <description>Placebo: Doses will be titrated over the first four days of study in the same manner as the active study drug. After titration, the research pharmacy may increase the dose by 1 tablet per day, in the same fashion that the active drug may be adjusted, so that the participant and clinical team remain blinded to the drug assignment. The research pharmacy may also reduce the daily dosage back down by one tablet per day for the same reason.</description>
        </group>
      </group_list>
      <serious_events>
        <category_list>
          <category>
            <title>Total</title>
            <event_list>
              <event>
                <sub_title>Total, serious adverse events</sub_title>
                <counts group_id="E1" subjects_affected="0" subjects_at_risk="23"/>
                <counts group_id="E2" subjects_affected="0" subjects_at_risk="27"/>
              </event>
            </event_list>
          </category>
        </category_list>
      </serious_events>
      <other_events>
        <frequency_threshold>0</frequency_threshold>
        <category_list>
          <category>
            <title>Total</title>
            <event_list>
              <event>
                <sub_title>Total, other adverse events</sub_title>
                <counts group_id="E1" subjects_affected="0" subjects_at_risk="23"/>
                <counts group_id="E2" subjects_affected="0" subjects_at_risk="27"/>
              </event>
            </event_list>
          </category>
        </category_list>
      </other_events>
    </reported_events>

    <certain_agreements>
      <pi_employee>Principal Investigators are NOT employed by the organization sponsoring the study.</pi_employee>
      <restrictive_agreement>There is NOT an agreement between Principal Investigators and the Sponsor (or its agents) that restricts the PI's rights to discuss or publish trial results after the trial is completed. </restrictive_agreement>
    </certain_agreements>
    <point_of_contact>
      <name_or_title>Dr. Thomas Beresford</name_or_title>
      <organization>Denver Research Institute</organization>
      <phone>303-399-8020 ext 3732</phone>
      <email>thomas.beresford@ucdenver.edu</email>
    </point_of_contact>
  </clinical_results>
</clinical_study>

