<?xml version="1.0" encoding="UTF-8"?>
<clinical_study rank="365">
  <!-- This xml conforms to an XML Schema at:
    https://clinicaltrials.gov/ct2/html/images/info/public.xsd -->
  <required_header>
    <download_date>ClinicalTrials.gov processed this data on September 01, 2017</download_date>
    <link_text>Link to the current ClinicalTrials.gov record.</link_text>
    <url>https://clinicaltrials.gov/show/NCT01961050</url>
  </required_header>
  <id_info>
    <org_study_id>R01AA016234_IRB 2758</org_study_id>
    <secondary_id>5R01AA016234</secondary_id>
    <nct_id>NCT01961050</nct_id>
  </id_info>
  <brief_title>Preventing FAS/ARND in Russian Children</brief_title>
  <official_title>Preventing FAS/ARND in Russian Children</official_title>
  <sponsors>
    <lead_sponsor>
      <agency>University of Oklahoma</agency>
      <agency_class>Other</agency_class>
    </lead_sponsor>
    <collaborator>
      <agency>National Institute on Alcohol Abuse and Alcoholism (NIAAA)</agency>
      <agency_class>NIH</agency_class>
    </collaborator>
    <collaborator>
      <agency>John E. Fogarty International Center (FIC)</agency>
      <agency_class>NIH</agency_class>
    </collaborator>
    <collaborator>
      <agency>St. Petersburg State Pavlov Medical University</agency>
      <agency_class>Other</agency_class>
    </collaborator>
    <collaborator>
      <agency>Nizhny Novgorod State Pedagogical University</agency>
      <agency_class>Other</agency_class>
    </collaborator>
  </sponsors>
  <source>University of Oklahoma</source>
  <oversight_info>
    <has_dmc>Yes</has_dmc>
  </oversight_info>
  <brief_summary>
    <textblock>
      The purpose of this study is to evaluate an intervention aimed at reducing risk for
      alcohol-exposed pregnancies and preventing Fetal Alcohol Spectrum Disorders in Russian
      children. The study will determine whether physicians, trained in a dual-focused brief
      motivational intervention and monitored for performance, can foster greater change in
      knowledge, health beliefs, alcohol use, and alcohol-exposed pregnancy risk in Russian women
      who are at risk than standard care.
    </textblock>
  </brief_summary>
  <detailed_description>
    <textblock>
      The study is a two-arm, 20-site, site-randomized, controlled trial testing an intervention to
      reduce risk for alcohol-exposed pregnancies in at-risk women (at-risk drinking childbearing
      age women who are heterosexually active, and not consistently using contraception). The trial
      will assess feasibility of a dual-focused (i.e. contraception use-drinking reduction) brief
      physician intervention (DFBPI) and determine whether physicians, trained in DFBPI and
      monitored for compliance, can foster greater reduction of women's risk behaviors compared to
      standard care. The intervention is specifically designed to be deliverable routinely by
      Obstetrics and Gynecology physicians(OB/GYN) to large numbers of women at women's clinics.
    </textblock>
  </detailed_description>
  <overall_status>Completed</overall_status>
  <start_date>September 2007</start_date>
  <completion_date type="Actual">July 2015</completion_date>
  <primary_completion_date type="Actual">July 2015</primary_completion_date>
  <phase>N/A</phase>
  <study_type>Interventional</study_type>
  <has_expanded_access>No</has_expanded_access>
  <study_design_info>
    <allocation>Randomized</allocation>
    <intervention_model>Parallel Assignment</intervention_model>
    <primary_purpose>Prevention</primary_purpose>
    <masking>Single (Outcomes Assessor)</masking>
  </study_design_info>
  <primary_outcome>
    <measure>Change from Baseline Alcohol-Exposed Pregnancy (AEP) risk at 3 months</measure>
    <time_frame>3 months</time_frame>
    <description>Interviews are conducted at the baseline and follow-up assessments at 3, 6, and 12 months after the baseline to assess self-reported alcohol consumption, sexual activity, and contraception use to identify AEP risk.</description>
  </primary_outcome>
  <primary_outcome>
    <measure>Change from Baseline Alcohol-Exposed Pregnancy (AEP) risk at 6 months</measure>
    <time_frame>6 months</time_frame>
    <description>Interviews are conducted at the baseline and follow-up assessments at 3, 6, and 12 months after the baseline to assess self-reported alcohol consumption, sexual activity, and contraception use to identify AEP risk.</description>
  </primary_outcome>
  <primary_outcome>
    <measure>Change from Baseline Alcohol-Exposed Pregnancy (AEP) risk at 12 months</measure>
    <time_frame>12 months</time_frame>
    <description>Interviews are conducted at the baseline and follow-up assessments at 3, 6, and 12 months after the baseline to assess self-reported alcohol consumption, sexual activity, and contraception use to identify AEP risk.</description>
  </primary_outcome>
  <secondary_outcome>
    <measure>Changes in alcohol consumption from baseline</measure>
    <time_frame>3 months, 6 months, and 12 months follow-up</time_frame>
    <description>Interviews assessed self-reported quantity/frequency of alcohol consumption and frequency of binge drinking and a detailed alcohol consumption report was received utilizing the Time Line Follow Back (TLFB) measure.</description>
  </secondary_outcome>
  <secondary_outcome>
    <measure>Changes in knowledge about Fetal Alcohol Syndrome (FAS) from baseline</measure>
    <time_frame>3 months, 6 months, and 12 months follow-up</time_frame>
    <description>A survey measure assessed knowledge about FAS</description>
  </secondary_outcome>
  <secondary_outcome>
    <measure>Changes in Health beliefs and attitudes from baseline</measure>
    <time_frame>3 months, 6 months, and 12 months follow-up</time_frame>
    <description>A survey measure assessed attitudes and health beliefs related to alcohol use during pregnancy</description>
  </secondary_outcome>
  <number_of_arms>2</number_of_arms>
  <enrollment type="Actual">767</enrollment>
  <condition>Fetal Alcohol Syndrome (FAS)</condition>
  <condition>Fetal Alcohol Spectrum Disorders</condition>
  <condition>Alcohol Abuse in Pregnancy</condition>
  <arm_group>
    <arm_group_label>Intervention</arm_group_label>
    <arm_group_type>Experimental</arm_group_type>
    <description>Dual-Focused Brief Physician Intervention (DFBPI)</description>
  </arm_group>
  <arm_group>
    <arm_group_label>Standard care</arm_group_label>
    <arm_group_type>Other</arm_group_type>
    <description>Services as usual including standard OB/GYN clinic visits; no experimental intervention is provided.</description>
  </arm_group>
  <intervention>
    <intervention_type>Behavioral</intervention_type>
    <intervention_name>Dual-Focused Brief Physician Intervention (DFBPI)</intervention_name>
    <description>The DFBPI is incorporated in OB/GYN clinic visit. The intervention consists of two brief (5 to 10 minutes) manualized counseling segments delivered face-to-face by an OB/GYN in the context of two clinic visits.</description>
    <arm_group_label>Intervention</arm_group_label>
  </intervention>
  <intervention>
    <intervention_type>Other</intervention_type>
    <intervention_name>Services as usual</intervention_name>
    <description>Active Comparator: Standard OB/GYN clinic visits that include OB/GYN services as usual.</description>
    <arm_group_label>Standard care</arm_group_label>
  </intervention>
  <eligibility>
    <criteria>
      <textblock>
        Inclusion Criteria:

          -  nonpregnant women

          -  childbearing age (between 18 and 44 years of age)

          -  fertile

          -  at risk for an alcohol-exposed pregnancy: drinking at-risk (4 or more drinks on one
             occasion or more than 7 drinks per week)in the last 3 months and report having
             unprotected intercourse at least once in the last 6 months

        Exclusion Criteria:

          -  unable comprehend interview questions
      </textblock>
    </criteria>
    <gender>Female</gender>
    <minimum_age>18 Years</minimum_age>
    <maximum_age>44 Years</maximum_age>
    <healthy_volunteers>No</healthy_volunteers>
  </eligibility>
  <overall_official>
    <last_name>Tatiana Balachova, PhD</last_name>
    <role>Principal Investigator</role>
    <affiliation>University of Oklahoma</affiliation>
  </overall_official>
  <location>
    <facility>
      <name>Women's Clinics</name>
      <address>
        <city>Nizhniy Novgorod</city>
        <zip>603950</zip>
        <country>Russian Federation</country>
      </address>
    </facility>
  </location>
  <location>
    <facility>
      <name>Women's clinics</name>
      <address>
        <city>St. Peterburg</city>
        <zip>199034</zip>
        <country>Russian Federation</country>
      </address>
    </facility>
  </location>
  <location_countries>
    <country>Russian Federation</country>
  </location_countries>
  <link>
    <url>http://www.oumedicine.com/pediatrics/department-sections/developmental-behavioral-pediatrics/center-on-child-abuse-and-neglect/research/fetal-alcohol-syndrome-research/preventing-fetal-alcohol-syndrome</url>
    <description>Information about the research project, the University of Oklahoma Health Sciences Center (OUHSC) website</description>
  </link>
  <results_reference>
    <citation>Balachova T, Bonner BL, Chaffin M, Isurina G, Shapkaitz V, Tsvetkova L, Volkova E, Grandilevskaya I, Skitnevskaya L, Knowlton N. Brief FASD prevention intervention: physicians' skills demonstrated in a clinical trial in Russia. Addict Sci Clin Pract. 2013 Jan 8;8:1. doi: 10.1186/1940-0640-8-1.</citation>
    <PMID>23294846</PMID>
  </results_reference>
  <verification_date>February 2016</verification_date>
  <lastchanged_date>February 18, 2016</lastchanged_date>
  <firstreceived_date>October 8, 2013</firstreceived_date>
  <responsible_party>
    <responsible_party_type>Sponsor</responsible_party_type>
  </responsible_party>
  <keyword>alcohol</keyword>
  <keyword>pregnancy</keyword>
  <keyword>fetal exposure</keyword>
  <keyword>prevention</keyword>
  <keyword>FAS</keyword>
  <keyword>Alcohol-Related Neurodevelopmental Disorder (ARND)</keyword>
  <condition_browse>
    <!-- CAUTION:  The following MeSH terms are assigned with an imperfect algorithm            -->
    <mesh_term>Alcoholism</mesh_term>
    <mesh_term>Fetal Alcohol Spectrum Disorders</mesh_term>
  </condition_browse>
  <!-- Results have not yet been posted for this study                                          -->
</clinical_study>

