<?xml version="1.0" encoding="UTF-8"?>
<clinical_study rank="51">
  <!-- This xml conforms to an XML Schema at:
    https://clinicaltrials.gov/ct2/html/images/info/public.xsd -->
  <required_header>
    <download_date>ClinicalTrials.gov processed this data on August 25, 2017</download_date>
    <link_text>Link to the current ClinicalTrials.gov record.</link_text>
    <url>https://clinicaltrials.gov/show/NCT00524550</url>
  </required_header>
  <id_info>
    <org_study_id>P7573</org_study_id>
    <secondary_id>Alcohol Research 21</secondary_id>
    <nct_id>NCT00524550</nct_id>
  </id_info>
  <brief_title>Postprandial Insulin Secretion and Appetite Regulation After Moderate Alcohol Consumption</brief_title>
  <official_title>Effect of Moderate Alcohol Consumption on Postprandial Insulin Secretion, Appetite Regulation, Glucose Homeostasis and Insulin Resistance.</official_title>
  <sponsors>
    <lead_sponsor>
      <agency>TNO</agency>
      <agency_class>Other</agency_class>
    </lead_sponsor>
  </sponsors>
  <source>TNO</source>
  <brief_summary>
    <textblock>
      A body of epidemiologic studies show that moderate alcohol consumption is associated with a
      protective effect against type 2 diabetes. The importance of both insulin sensitivity and
      insulin secretion in the pathogenesis of glucose intolerance and diabetes type 2 is widely
      recognized. Clinical studies show improved insulin sensitivity after a period of alcohol
      consumption compared to abstention. However, postprandial insulin secretion and beta-cell
      function after a period of moderate alcohol consumption have scarcely been addressed in
      published literature.

      When consumed as an aperitif or with a meal, alcohol is generally expected to stimulate
      appetite and food intake and thus might be a risk factor for over consumption and obesity.
      However the physiological mechanisms for this observed effect are not well understood.
      Furthermore, previous studies lacked a link between physiological parameters and subjective
      parameters of satiety.
    </textblock>
  </brief_summary>
  <detailed_description>
    <textblock>
      Objective:

      Primary objectives are to study the effects of moderate alcohol consumption on

        -  Postprandial insulin secretion and pancreatic beta-cell function

        -  Physiological and subjective parameters related to satiety and appetite

      Secondary objectives are to study the effects of moderate alcohol consumption on

        -  Miscellaneous markers of glucose homeostasis and insulin sensitivity

        -  Kinetics of alcohol-induced increase of adiponectin

      A tertiary objective is to study the effects of moderate alcohol consumption on

        -  Gene expression in subcutaneous adipose tissue in normal-weight pre menopausal women
           with normal fasting plasma glucose.

      Study design: Randomized, partially controlled, open label, cross-over study with a one week
      wash-out preceding each treatment period

      Study population: 24 apparently healthy pre menopausal Caucasian women with fasting blood
      glucose &lt;6.1 mmol/L, aged 20 - 44 years at inclusion of the study, with a BMI of 19 - 25
      kg/m2, who use oral contraceptives will participate in the study.

      Intervention: Participants will drink daily a test substance for three weeks (2 cans of
      Amstel beer per day; 66 cL ~ 26 gram alcohol) followed by a reference substance (2 cans of
      Amstel alcohol-free beer per day; 66 cL &lt; 0.5 gram of alcohol) for three weeks or vice versa.
      Both treatments are preceded by a one-week wash-out period in which no alcohol is consumed.
    </textblock>
  </detailed_description>
  <overall_status>Completed</overall_status>
  <start_date>August 2007</start_date>
  <completion_date type="Actual">November 2007</completion_date>
  <primary_completion_date type="Actual">November 2007</primary_completion_date>
  <phase>N/A</phase>
  <study_type>Interventional</study_type>
  <has_expanded_access>No</has_expanded_access>
  <study_design_info>
    <allocation>Randomized</allocation>
    <intervention_model>Crossover Assignment</intervention_model>
    <primary_purpose>Prevention</primary_purpose>
    <masking>None (Open Label)</masking>
  </study_design_info>
  <primary_outcome>
    <measure>Pancreatic beta-cell function</measure>
    <time_frame>3 weeks of treatment preceded by a 1-week wash-out</time_frame>
  </primary_outcome>
  <primary_outcome>
    <measure>Satiety</measure>
    <time_frame>3 weeks of treatment preceded by a 1-week wash-out</time_frame>
  </primary_outcome>
  <secondary_outcome>
    <measure>Kinetics of adiponectin</measure>
    <time_frame>3 weeks of treatment preceded by a 1-week wash-out</time_frame>
  </secondary_outcome>
  <number_of_arms>1</number_of_arms>
  <enrollment type="Anticipated">24</enrollment>
  <condition>Healthy</condition>
  <intervention>
    <intervention_type>Dietary Supplement</intervention_type>
    <intervention_name>moderate alcohol consumption</intervention_name>
    <description>drinking commercially available alcohol-free beer or beer (26 grams of alcohol per day), for three weeks</description>
  </intervention>
  <eligibility>
    <criteria>
      <textblock>
        Inclusion Criteria:

          -  Apparently Females between 20 - 44 years of age

          -  Using oral contraceptives for &gt;3 months (only phase 1 or 2 oral contraceptives)

          -  Normal fasting glucose levels as indicated by venous fasting plasma glucose levels &lt;
             6.1 mmol/L

          -  Alcohol consumption more or equal then 5 and less than 22 glasses/week

          -  Body Mass Index (BMI) between 19 and 25 kg/m2

        Exclusion Criteria:

          -  Having the intention to become pregnant, to be pregnant or to lactate during the study

          -  Having a history of medical or surgical events that may significantly affect the study
             outcome including metabolic or endocrine disease, gastro-intestinal disorder, or
             eating behavior disorders such as anorexia/bulimia disorders

          -  Having a family history of alcoholism

          -  Smoking

          -  Reported use of any soft or hard drugs

          -  Reported unexplained weight loss or gain of &gt; 3 kg in the month prior to the screening
      </textblock>
    </criteria>
    <gender>Female</gender>
    <minimum_age>20 Years</minimum_age>
    <maximum_age>44 Years</maximum_age>
    <healthy_volunteers>Accepts Healthy Volunteers</healthy_volunteers>
  </eligibility>
  <overall_official>
    <last_name>Henk FJ Hendriks, PhD</last_name>
    <role>Principal Investigator</role>
    <affiliation>Hendriks HFJ</affiliation>
  </overall_official>
  <location>
    <facility>
      <name>TNO Quality of Life</name>
      <address>
        <city>Zeist</city>
        <state>Utrecht</state>
        <zip>3700AJ</zip>
        <country>Netherlands</country>
      </address>
    </facility>
  </location>
  <location_countries>
    <country>Netherlands</country>
  </location_countries>
  <link>
    <url>http://www.nutritionandmetabolism.com/content/7/1/49</url>
    <description>publication</description>
  </link>
  <results_reference>
    <citation>Joosten MM, Balvers MG, Verhoeckx KC, Hendriks HF, Witkamp RF. Plasma anandamide and other N-acylethanolamines are correlated with their corresponding free fatty acid levels under both fasting and non-fasting conditions in women. Nutr Metab (Lond). 2010 Jun 14;7:49. doi: 10.1186/1743-7075-7-49.</citation>
    <PMID>20546561</PMID>
  </results_reference>
  <verification_date>May 2008</verification_date>
  <lastchanged_date>August 11, 2010</lastchanged_date>
  <firstreceived_date>August 30, 2007</firstreceived_date>
  <responsible_party>
    <name_title>henk FJ Hendriks</name_title>
    <organization>TNO Quality of life</organization>
  </responsible_party>
  <keyword>Moderate alcohol consumption</keyword>
  <keyword>insulin secretion</keyword>
  <keyword>insulin sensitivity</keyword>
  <keyword>Beta-cell function</keyword>
  <keyword>Adiponectin</keyword>
  <keyword>Appetite</keyword>
  <keyword>Satiety</keyword>
  <keyword>Alcohol-induced gene expression</keyword>
  <keyword>Endocannabinoids</keyword>
  <keyword>Glucose metabolism</keyword>
  <keyword>Lipid metabolism</keyword>
  <keyword>Ratio HMW/total adiponectin</keyword>
  <keyword>Appetite regulation</keyword>
  <keyword>Alcohol-induced adiponectin increase</keyword>
  <condition_browse>
    <!-- CAUTION:  The following MeSH terms are assigned with an imperfect algorithm            -->
    <mesh_term>Alcohol Drinking</mesh_term>
  </condition_browse>
  <intervention_browse>
    <!-- CAUTION:  The following MeSH terms are assigned with an imperfect algorithm            -->
    <mesh_term>Insulin, Globin Zinc</mesh_term>
    <mesh_term>Insulin</mesh_term>
    <mesh_term>Ethanol</mesh_term>
  </intervention_browse>
  <!-- Results have not yet been posted for this study                                          -->
</clinical_study>

