<?xml version="1.0" encoding="UTF-8"?>
<clinical_study rank="32">
  <!-- This xml conforms to an XML Schema at:
    https://clinicaltrials.gov/ct2/html/images/info/public.xsd -->
  <required_header>
    <download_date>ClinicalTrials.gov processed this data on July 25, 2017</download_date>
    <link_text>Link to the current ClinicalTrials.gov record.</link_text>
    <url>https://clinicaltrials.gov/show/NCT00595478</url>
  </required_header>
  <id_info>
    <org_study_id>85846</org_study_id>
    <secondary_id>1R01AA016917-01</secondary_id>
    <secondary_id>1R01AA016917-02</secondary_id>
    <secondary_id>1R01AA016917-03</secondary_id>
    <nct_id>NCT00595478</nct_id>
  </id_info>
  <brief_title>Family Based Contingency Management for Adolescent Alcohol Abuse</brief_title>
  <official_title>Family Based Contingency Management for Adolescent Alcohol Abuse</official_title>
  <sponsors>
    <lead_sponsor>
      <agency>Dartmouth-Hitchcock Medical Center</agency>
      <agency_class>Other</agency_class>
    </lead_sponsor>
    <collaborator>
      <agency>National Institute on Alcohol Abuse and Alcoholism (NIAAA)</agency>
      <agency_class>NIH</agency_class>
    </collaborator>
  </sponsors>
  <source>Dartmouth-Hitchcock Medical Center</source>
  <oversight_info>
    <has_dmc>Yes</has_dmc>
  </oversight_info>
  <brief_summary>
    <textblock>
      The goal is to adapt the family-based CM treatment to target primary adolescent alcohol abuse
      and dependence.

      Specific Aim 1 is to provide a preliminary demonstration of the efficacy of a family-based CM
      intervention to treat adolescent alcohol abuse and dependence. CM components include:

        1. an incentive program to enhance the adolescent's engagement in the treatment process and
           engender alcohol abstinence by providing positive reinforcement for documented
           abstinence via breathalyzers administered by parents regularly at home, self and parent
           report, and clinic-based urine drug testing; and

        2. a parent management training program to enhance and maintain the positive effects of the
           incentive program by teaching parents how to effectively use contingency management in
           the home environment to motivate their adolescent to achieve abstinence and improve
           their behavior in other domains.

      A randomized trial will determine whether the CM intervention enhances outcomes when added to
      a standard individual cognitive behavioral therapy (CBT).

      Specific Aim 2 is to determine whether and how treatment interventions modify parental and
      adolescent risk and protective factors using observational and laboratory measures (parenting
      practices, family functioning, risk taking, delay discounting, and child and parent
      psychopathology) and to determine whether these factors are associated with outcomes over
      time.

      Specific Aim 3 is to test gene x environment (treatment) interactions in adolescent substance
      abuse. Findings will extend the scientific evidence for CM and support the ability of parents
      to implement CM at home. Findings that support the CM model's efficacy will make a
      significant contribution to research on the treatment of adolescent alcohol abuse, which has
      lagged behind research on adult substance abuse and on adolescent illicit drug use.
    </textblock>
  </brief_summary>
  <detailed_description>
    <textblock>
      Approximately 1.5 million youth ages 12-17 (representing 6.1% of all youth in that age range)
      are in need of treatment for alcohol abuse, yet only 7.2% of those in need of treatment
      received it. Importantly, most youth (90.5%) who were classified as needing treatment based
      on their self report of Adolescent Alcohol Study Plan; v.2; 3/30/12Page 2 of 35 symptoms,
      perceived no need for treatment. Thus, there is a need to develop treatments that target
      populations of alcohol abusing youth who are not highly motivated to change their substance
      use. New outpatient family based and contingency management interventions for adolescent
      marijuana abuse have been developed, yet none of these interventions has specifically
      targeted adolescent alcohol use. It is important to target primary alcohol abuse and
      dependence in adolescence as approximately 20% of treatment-seeking youth report primary
      problems with alcohol. The primary aim of this proposal is to adapt our family-based
      contingency-management treatment to target adolescent alcohol abuse and dependence. This
      project will develop, manualize, and pilot a contingency management intervention that
      includes two components. First, an incentive program will enhance the adolescent's engagement
      in the treatment process and engender alcohol abstinence by providing positive reinforcement
      for documented abstinence via breathalyzers administered by parents regularly at home, self
      and parent report, and clinic based urine drug testing. Second, a parent management training
      program will enhance and maintain the positive effects of the incentive program by teaching
      parents how to effectively use contingency management in the home environment to motivate
      their adolescent to achieve abstinence and improve their behavior in other domains.
    </textblock>
  </detailed_description>
  <overall_status>Completed</overall_status>
  <start_date>August 2007</start_date>
  <completion_date type="Actual">May 2014</completion_date>
  <primary_completion_date type="Actual">May 2014</primary_completion_date>
  <phase>N/A</phase>
  <study_type>Interventional</study_type>
  <has_expanded_access>No</has_expanded_access>
  <study_design_info>
    <allocation>Randomized</allocation>
    <intervention_model>Parallel Assignment</intervention_model>
    <primary_purpose>Treatment</primary_purpose>
    <masking>Open Label</masking>
  </study_design_info>
  <primary_outcome>
    <measure>Alcohol abstinence</measure>
    <time_frame>Weekly</time_frame>
  </primary_outcome>
  <secondary_outcome>
    <measure>Days of alcohol use</measure>
    <time_frame>Monthly</time_frame>
  </secondary_outcome>
  <number_of_arms>2</number_of_arms>
  <enrollment type="Actual">120</enrollment>
  <condition>Alcohol Abuse</condition>
  <arm_group>
    <arm_group_label>1</arm_group_label>
    <arm_group_type>Experimental</arm_group_type>
    <description>Motivational Enhancement Therapy (MET)/CBT+CM/BPT</description>
  </arm_group>
  <arm_group>
    <arm_group_label>2</arm_group_label>
    <arm_group_type>Active Comparator</arm_group_type>
    <description>Motivational Enhancement Therapy (MET)/CBT</description>
  </arm_group>
  <intervention>
    <intervention_type>Behavioral</intervention_type>
    <intervention_name>Motivational Enhancement Therapy (MET)/CBT+CM</intervention_name>
    <description>Behavioral Treatment</description>
    <arm_group_label>1</arm_group_label>
  </intervention>
  <intervention>
    <intervention_type>Behavioral</intervention_type>
    <intervention_name>Motivational Enhancement Therapy (MET)/CBT</intervention_name>
    <description>Behavioral Treatment</description>
    <arm_group_label>2</arm_group_label>
  </intervention>
  <eligibility>
    <criteria>
      <textblock>
        Inclusion Criteria:

          -  12-18 years old (if 18, must attend high school and live at home)

          -  Report using alcohol during the previous 30 days

          -  Have a parent/guardian who can participate

          -  Meet DSM criteria for either Alcohol Abuse or Dependence

          -  Youth who meet DSM criteria for Alcohol Dependence may also meet criteria for
             Marijuana Abuse or Dependence and other Drug Abuse

          -  Youth who meet DSM criteria for Alcohol Abuse, may also meet criteria for Marijuana or
             other Drug Abuse

          -  Live within a 30-minute drive of the clinic

        Exclusion Criteria:

          -  Meet DSM criteria for Drug Dependence (other than Marijuana Dependence)

          -  Meet DSM criteria for Alcohol Abuse with Marijuana Dependence. Use of other drugs will
             not be excluded

          -  Participants will also be excluded if they exhibit an active psychosis

          -  Have a severe medical or psychiatric illness that will limit participation

          -  Are pregnant or breast-feeding
      </textblock>
    </criteria>
    <gender>All</gender>
    <minimum_age>12 Years</minimum_age>
    <maximum_age>18 Years</maximum_age>
    <healthy_volunteers>Accepts Healthy Volunteers</healthy_volunteers>
  </eligibility>
  <overall_official>
    <last_name>Catherine Stanger, Ph.D.</last_name>
    <role>Principal Investigator</role>
    <affiliation>Dartmouth College</affiliation>
  </overall_official>
  <location>
    <facility>
      <name>Geisel School of Medicine at Dartmouth</name>
      <address>
        <city>Lebanon</city>
        <state>New Hampshire</state>
        <zip>03766</zip>
        <country>United States</country>
      </address>
    </facility>
  </location>
  <location_countries>
    <country>United States</country>
  </location_countries>
  <verification_date>August 2014</verification_date>
  <lastchanged_date>August 18, 2014</lastchanged_date>
  <firstreceived_date>January 7, 2008</firstreceived_date>
  <responsible_party>
    <responsible_party_type>Sponsor</responsible_party_type>
  </responsible_party>
  <condition_browse>
    <!-- CAUTION:  The following MeSH terms are assigned with an imperfect algorithm            -->
    <mesh_term>Alcoholism</mesh_term>
  </condition_browse>
  <!-- Results have not yet been posted for this study                                          -->
</clinical_study>

