<?xml version="1.0" encoding="UTF-8"?>
<clinical_study rank="29">
  <!-- This xml conforms to an XML Schema at:
    https://clinicaltrials.gov/ct2/html/images/info/public.xsd -->
  <required_header>
    <download_date>ClinicalTrials.gov processed this data on August 15, 2017</download_date>
    <link_text>Link to the current ClinicalTrials.gov record.</link_text>
    <url>https://clinicaltrials.gov/show/NCT02710578</url>
  </required_header>
  <id_info>
    <org_study_id>114/2014</org_study_id>
    <nct_id>NCT02710578</nct_id>
  </id_info>
  <brief_title>Alcohol Effects on Driving-related Skills of Young Drivers</brief_title>
  <official_title>Acute and Residual Effects of Alcohol on Young Drivers' Performance of Driving Related Skills</official_title>
  <sponsors>
    <lead_sponsor>
      <agency>Centre for Addiction and Mental Health</agency>
      <agency_class>Other</agency_class>
    </lead_sponsor>
    <collaborator>
      <agency>Ontario Ministry of Transportation</agency>
      <agency_class>Other</agency_class>
    </collaborator>
  </sponsors>
  <source>Centre for Addiction and Mental Health</source>
  <oversight_info>
    <has_dmc>No</has_dmc>
  </oversight_info>
  <brief_summary>
    <textblock>
      Given the known driving behavior of Driving Under the Influence of Alcohol and some of its
      parallel to driving under the influence of cannabis, this supplemental study aims to validate
      the sensitivity of the primary and secondary outcome measures employed in a cannabis and
      driving study currently in progress.
    </textblock>
  </brief_summary>
  <detailed_description>
    <textblock>
      This study will examine the effects of an intoxicating dose of alcohol on driving-related
      skills among young drivers using driving simulator technology.

      This study is a double-blind, placebo-controlled mixed design study, including randomized
      between-subjects comparison of the effects of alcohol intoxication and both between- and
      within-subjects examination of acute and residual effects at approximately 24 and 48 hours
      following one-time alcohol administration.

      Initial contact with potential participants will be made by telephone, where study personnel
      will conduct a telephone screen for eligibility. Those telephone screened as eligible will
      attend CAMH for an eligibility assessment. Enrolled participants will complete four sessions
      on consecutive days: a practice day, an alcohol administration day, and a 24-hour and 48-hour
      post-alcohol session.
    </textblock>
  </detailed_description>
  <overall_status>Completed</overall_status>
  <start_date>March 2016</start_date>
  <completion_date type="Actual">July 18, 2017</completion_date>
  <primary_completion_date type="Actual">July 18, 2017</primary_completion_date>
  <phase>N/A</phase>
  <study_type>Interventional</study_type>
  <has_expanded_access>No</has_expanded_access>
  <study_design_info>
    <allocation>Randomized</allocation>
    <intervention_model>Parallel Assignment</intervention_model>
    <primary_purpose>Basic Science</primary_purpose>
    <masking>Participant, Investigator</masking>
  </study_design_info>
  <primary_outcome>
    <measure>Psychomotor impairment (driving)</measure>
    <time_frame>Approximate Time Frame: 30 minutes before, 30 minutes after, 24 and 48 hours after drinking</time_frame>
    <description>The driving simulator will objectively measure changes in driving behaviour after drinking alcohol.</description>
  </primary_outcome>
  <secondary_outcome>
    <measure>Subjective alcohol effects</measure>
    <time_frame>Approximate Time Frame: 30 minutes before drinking, 5, 15, 30 minutes and 1, 2, 3, 24 and 48 hours post-drinking</time_frame>
    <description>Visual analogue scale measures how participants feel before and after drinking alcohol. administration.</description>
  </secondary_outcome>
  <secondary_outcome>
    <measure>Cognitive testing</measure>
    <time_frame>Approximate Time Frame: 30 minutes before drinking, and 1, 24 and 48 hours post-drinking</time_frame>
    <description>Changes in Continuous Performance Test performance.</description>
  </secondary_outcome>
  <secondary_outcome>
    <measure>Breath alcohol content (BAC)</measure>
    <time_frame>Approximate Time Frame: 30 minutes before drinking, 5, 15, 30, minutes and 1, 2, 3, 24, and 48 hours post-drinking</time_frame>
    <description>Changes in BAC after drinking</description>
  </secondary_outcome>
  <number_of_arms>2</number_of_arms>
  <enrollment type="Actual">30</enrollment>
  <condition>Psychomotor Impairment</condition>
  <arm_group>
    <arm_group_label>Alcohol</arm_group_label>
    <arm_group_type>Active Comparator</arm_group_type>
    <description>Alcohol</description>
  </arm_group>
  <arm_group>
    <arm_group_label>Placebo</arm_group_label>
    <arm_group_type>Placebo Comparator</arm_group_type>
    <description>Tonic water</description>
  </arm_group>
  <intervention>
    <intervention_type>Drug</intervention_type>
    <intervention_name>Alcohol</intervention_name>
    <description>A single oral administration of an alcoholic beverage mixed in a 1:3 ratio of alcohol (Vodka) to tonic water to obtain a target BAC of 0.08mg%</description>
    <arm_group_label>Alcohol</arm_group_label>
    <other_name>Smirnoff Vodka</other_name>
  </intervention>
  <intervention>
    <intervention_type>Drug</intervention_type>
    <intervention_name>Placebo</intervention_name>
    <description>A single oral administration of a beverage containing tonic water of the same volume as the alcoholic beverage.</description>
    <arm_group_label>Placebo</arm_group_label>
    <other_name>Tonic water</other_name>
  </intervention>
  <eligibility>
    <criteria>
      <textblock>
        Inclusion Criteria:

          -  Males and females aged 19 to 25.

          -  Reported consumption of at least 1 heavy drinking episode (according to NIAAA criteria
             of 5 drinks for males and 4 for females within an occasion) in the 6 months prior to
             eligibility assessment.

          -  Held a valid class G or G2 Ontario driver's license (or equivalent from another
             jurisdiction) for at least 12 months.

          -  Willing to abstain from alcohol use for the duration of the study, and for 48 hours
             prior to Session 2.

          -  Provides written and informed consent.

        Exclusion Criteria:

          -  Taking medications or have any medical condition for which alcohol is contraindicated

          -  Is a regular user of medications that affect brain function (i.e., antidepressants,
             benzodiazepines, stimulants).

          -  Diagnosis of severe medical or psychiatric conditions.

          -  Meets criteria for current or lifetime Substance Use Disorders (DSM-IV) with the
             exception of nicotine.

          -  Meets criteria for Alcohol Dependence (DSM-IV)

          -  Is pregnant, is trying to become pregnant, or is currently breastfeeding.

          -  Severe allergic reaction to citrus.
      </textblock>
    </criteria>
    <gender>All</gender>
    <minimum_age>19 Years</minimum_age>
    <maximum_age>25 Years</maximum_age>
    <healthy_volunteers>Accepts Healthy Volunteers</healthy_volunteers>
  </eligibility>
  <overall_official>
    <last_name>Robert Mann, PhD</last_name>
    <role>Principal Investigator</role>
    <affiliation>Centre for Addiction and Mental Health</affiliation>
  </overall_official>
  <overall_official>
    <last_name>Bernard Le Foll, MD, PhD</last_name>
    <role>Principal Investigator</role>
    <affiliation>Centre for Addiction and Mental Health</affiliation>
  </overall_official>
  <overall_official>
    <last_name>Bruna Brands, PhD</last_name>
    <role>Principal Investigator</role>
    <affiliation>Centre for Addiction and Mental Health</affiliation>
  </overall_official>
  <location>
    <facility>
      <name>Centre for Addiction and Mental Health</name>
      <address>
        <city>Toronto</city>
        <state>Ontario</state>
        <zip>M5S 2S1</zip>
        <country>Canada</country>
      </address>
    </facility>
  </location>
  <location_countries>
    <country>Canada</country>
  </location_countries>
  <link>
    <url>http://www.camh.ca/en/research</url>
    <description>The Centre for Addiction and Mental Health (CAMH) is the leading mental health and addictions research facility in Canada, and one of the largest in the world.</description>
  </link>
  <reference>
    <citation>Lenné MG, Dietze PM, Triggs TJ, Walmsley S, Murphy B, Redman JR. The effects of cannabis and alcohol on simulated arterial driving: Influences of driving experience and task demand. Accid Anal Prev. 2010 May;42(3):859-66. doi: 10.1016/j.aap.2009.04.021.</citation>
    <PMID>20380913</PMID>
  </reference>
  <verification_date>July 2017</verification_date>
  <lastchanged_date>July 18, 2017</lastchanged_date>
  <firstreceived_date>February 2, 2016</firstreceived_date>
  <responsible_party>
    <responsible_party_type>Principal Investigator</responsible_party_type>
    <investigator_affiliation>Centre for Addiction and Mental Health</investigator_affiliation>
    <investigator_full_name>Robert Mann</investigator_full_name>
    <investigator_title>Senior Scientist</investigator_title>
  </responsible_party>
  <keyword>Alcohol impaired driving</keyword>
  <keyword>Driving simulation</keyword>
  <keyword>Residual effects of alcohol</keyword>
  <keyword>Acute psychomotor effects of alcohol</keyword>
  <keyword>Young drivers</keyword>
  <condition_browse>
    <!-- CAUTION:  The following MeSH terms are assigned with an imperfect algorithm            -->
    <mesh_term>Psychomotor Disorders</mesh_term>
  </condition_browse>
  <intervention_browse>
    <!-- CAUTION:  The following MeSH terms are assigned with an imperfect algorithm            -->
    <mesh_term>Ethanol</mesh_term>
  </intervention_browse>
  <!-- Results have not yet been posted for this study                                          -->
</clinical_study>

