<?xml version="1.0" encoding="UTF-8"?>
<clinical_study rank="337">
  <!-- This xml conforms to an XML Schema at:
    https://clinicaltrials.gov/ct2/html/images/info/public.xsd -->
  <required_header>
    <download_date>ClinicalTrials.gov processed this data on August 29, 2017</download_date>
    <link_text>Link to the current ClinicalTrials.gov record.</link_text>
    <url>https://clinicaltrials.gov/show/NCT01165541</url>
  </required_header>
  <id_info>
    <org_study_id>QM1</org_study_id>
    <nct_id>NCT01165541</nct_id>
  </id_info>
  <brief_title>A Study of Quetiapine and Mirtazapine for the Treatment of Alcohol Dependency</brief_title>
  <official_title>An Open-Label, Sequential Study of Quetiapine Fumarate Extended Release (XR) and Mirtazapine for the Treatment of Alcohol Dependency in Very Heavy Drinkers</official_title>
  <sponsors>
    <lead_sponsor>
      <agency>Dartmouth-Hitchcock Medical Center</agency>
      <agency_class>Other</agency_class>
    </lead_sponsor>
  </sponsors>
  <source>Dartmouth-Hitchcock Medical Center</source>
  <oversight_info>
    <has_dmc>Yes</has_dmc>
  </oversight_info>
  <brief_summary>
    <textblock>
      The purpose of the study is to test whether taking two medicines (quetiapine and mirtazapine)
      is better for helping people to decrease drinking than taking one medicine alone
      (quetiapine).
    </textblock>
  </brief_summary>
  <detailed_description>
    <textblock>
      Alcohol dependence is a debilitating illness affecting almost 8 million people annually and
      for which the current FDA approved medications are only modestly effective in reducing
      relapse or drinking. Because alcohol dependence is such a common, devastating disease,
      researchers continue to search for new treatments that could be more effective and better
      tolerated. The development and testing of medications that target brain systems involved in
      alcohol dependence is of acute interest to patients, clinicians and researchers.

      Studies by our group in animals have suggested that medications with a combination of a weak
      dopamine D2 receptor antagonism, a potent norepinephrine alpha 2 receptor antagonism, and
      norepinephrine reuptake inhibition decrease alcohol drinking. Quetiapine is a weak D2
      antagonist and a moderate alpha 2 receptor antagonist, and its primary metabolite,
      desalkylquetiapine, is a norepinephrine reuptake inhibitor, this medication is likely to have
      some ability to decrease alcohol drinking. But, when combined with mirtazapine, a potent
      alpha 2 antagonist, the combination should potently decrease alcohol drinking. The proposed
      study is based on this theoretical formulation, as well as on clinical studies of quetiapine
      and mirtazapine used independently.

      This is an open-label, sequential design study with one group of approximately 20 subjects
      studied under two treatment conditions; quetiapine alone and quetiapine + mirtazapine. The
      primary objective is to assess the efficacy of quetiapine fumarate extended-release (XR)
      alone vs. quetiapine fumarate XR in combination with mirtazapine in reducing the weekly
      percentage of days of heavy drinking (5 or more drinks per drinking day for men, 4 or more
      drinks per drinking day for women) in subjects meeting DSM-IV criteria for alcohol
      dependency.

      Participants will begin with quetiapine fumarate XR up to a target dose of 400 mg and will
      receive 16 weeks of treatment with quetiapine. At week 8 subjects will begin 9 weeks of
      mirtazapine added to their existing regimen of quetiapine treatment. Participants will also
      meet with a medical provider at each visit to encourage compliance with study medication and
      attending study visits, review adverse events, and set goals for reduction of drinking.
      Analyses will assess whether treatment with quetiapine in combination with mirtazapine
      reduces drinking more than treatment with quetiapine alone.
    </textblock>
  </detailed_description>
  <overall_status>Completed</overall_status>
  <start_date>September 2010</start_date>
  <completion_date type="Actual">October 2012</completion_date>
  <primary_completion_date type="Actual">October 2012</primary_completion_date>
  <phase>Phase 2</phase>
  <study_type>Interventional</study_type>
  <has_expanded_access>No</has_expanded_access>
  <study_design_info>
    <allocation>Non-Randomized</allocation>
    <intervention_model>Crossover Assignment</intervention_model>
    <primary_purpose>Treatment</primary_purpose>
    <masking>None (Open Label)</masking>
  </study_design_info>
  <primary_outcome>
    <measure>Number of Very Heavy Drinking Days Per Week</measure>
    <time_frame>14 Weeks</time_frame>
    <description>The number of &quot;very heavy&quot; drinking days (8 or more drinks per drinking day for men or 6 or more drinks per drinking day for women) per week</description>
  </primary_outcome>
  <number_of_arms>2</number_of_arms>
  <enrollment type="Actual">20</enrollment>
  <condition>Alcohol Dependence</condition>
  <arm_group>
    <arm_group_label>Quetiapine fumarate extended release (Quetiapine XR)</arm_group_label>
    <arm_group_type>Active Comparator</arm_group_type>
    <description>Quetiapine XR 50-400mg</description>
  </arm_group>
  <arm_group>
    <arm_group_label>Quetiapine XR and Mirtazapine</arm_group_label>
    <arm_group_type>Experimental</arm_group_type>
    <description>Quetiapine XR 50-400mg + Mirtazapine 7.5-45mg</description>
  </arm_group>
  <intervention>
    <intervention_type>Drug</intervention_type>
    <intervention_name>Mirtazapine</intervention_name>
    <description>mirtazapine (7.5-45mg)</description>
    <arm_group_label>Quetiapine XR and Mirtazapine</arm_group_label>
    <other_name>mirtazapine (Remeron)</other_name>
  </intervention>
  <intervention>
    <intervention_type>Drug</intervention_type>
    <intervention_name>Quetiapine fumarate extended release (Quetiapine XR)</intervention_name>
    <description>Quetiapine fumarate extended release 50-400mg/d</description>
    <arm_group_label>Quetiapine fumarate extended release (Quetiapine XR)</arm_group_label>
    <arm_group_label>Quetiapine XR and Mirtazapine</arm_group_label>
    <other_name>quetiapine XR, Seroquel XR</other_name>
  </intervention>
  <eligibility>
    <criteria>
      <textblock>
        Inclusion Criteria:

          1. Age 18-64

          2. The subject meets Diagnostic and Statistical Manual of Mental Disorders, 4th Edition
             (DSM-IV) criteria for alcohol dependence

          3. The subject is seeking treatment for alcohol dependence and desires a reduction or
             cessation of drinking

          4. The subject is able to verbalize understanding of the consent form, able to provide
             written informed consent, and able to verbalize willingness to complete study
             procedures?

          5. If the subject is female and of child bearing potential, she agrees to use an
             acceptable method of birth control.

          6. The subject is able to take oral medication, willing to adhere to the medication
             regimen, and willing to return for regular visits.

          7. The subject is able to understand written and oral instructions in English and able to
             complete the questionnaires required by the protocol.

          8. The subject has a breath alcohol concentration (BAC) equal to 0.000 on s/he signing
             the informed consent document.
      </textblock>
    </criteria>
    <gender>All</gender>
    <minimum_age>18 Years</minimum_age>
    <maximum_age>64 Years</maximum_age>
    <healthy_volunteers>No</healthy_volunteers>
  </eligibility>
  <overall_official>
    <last_name>Mary Brunette, MD</last_name>
    <role>Principal Investigator</role>
    <affiliation>Dartmouth-Hitchcock Medical Center</affiliation>
  </overall_official>
  <location>
    <facility>
      <name>Dartmouth Medical School Department of Psychiatry's Addition Research Center</name>
      <address>
        <city>Bedford</city>
        <state>New Hampshire</state>
        <zip>03110</zip>
        <country>United States</country>
      </address>
    </facility>
  </location>
  <location>
    <facility>
      <name>Dartmouth Medical School Department of Psychiatry's Addiction Research Center</name>
      <address>
        <city>Hanover</city>
        <state>New Hampshire</state>
        <zip>03755</zip>
        <country>United States</country>
      </address>
    </facility>
  </location>
  <location_countries>
    <country>United States</country>
  </location_countries>
  <verification_date>February 2014</verification_date>
  <lastchanged_date>February 13, 2014</lastchanged_date>
  <firstreceived_date>July 16, 2010</firstreceived_date>
  <firstreceived_results_date>December 19, 2013</firstreceived_results_date>
  <responsible_party>
    <responsible_party_type>Sponsor</responsible_party_type>
  </responsible_party>
  <condition_browse>
    <!-- CAUTION:  The following MeSH terms are assigned with an imperfect algorithm            -->
    <mesh_term>Alcoholism</mesh_term>
  </condition_browse>
  <intervention_browse>
    <!-- CAUTION:  The following MeSH terms are assigned with an imperfect algorithm            -->
    <mesh_term>Quetiapine Fumarate</mesh_term>
    <mesh_term>Mirtazapine</mesh_term>
    <mesh_term>Mianserin</mesh_term>
  </intervention_browse>

  <clinical_results>

    <participant_flow>
      <group_list>
        <group group_id="P1">
          <title>Entire Study Population</title>
          <description>Quetiapine fumarate extended release (Quetiapine XR): Quetiapine fumarate extended release 50-400mg/d first for 7 weeks; then Quetiapine XR plus mirtazapine: Quetiapine fumarate extended release (50-400mg) plus mirtazapine (7.5-45mg) for 7 weeks.</description>
        </group>
      </group_list>
      <period_list>
        <period>
          <title>Quetiapine XR Monotherapy</title>
          <milestone_list>
            <milestone>
              <title>STARTED</title>
              <participants_list>
                <participants group_id="P1" count="20"/>
              </participants_list>
            </milestone>
            <milestone>
              <title>COMPLETED</title>
              <participants_list>
                <participants group_id="P1" count="16"/>
              </participants_list>
            </milestone>
            <milestone>
              <title>NOT COMPLETED</title>
              <participants_list>
                <participants group_id="P1" count="4"/>
              </participants_list>
            </milestone>
          </milestone_list>
        </period>
        <period>
          <title>Quetiapine XR and Mirtazepine</title>
          <milestone_list>
            <milestone>
              <title>STARTED</title>
              <participants_list>
                <participants group_id="P1" count="16"/>
              </participants_list>
            </milestone>
            <milestone>
              <title>COMPLETED</title>
              <participants_list>
                <participants group_id="P1" count="11"/>
              </participants_list>
            </milestone>
            <milestone>
              <title>NOT COMPLETED</title>
              <participants_list>
                <participants group_id="P1" count="5"/>
              </participants_list>
            </milestone>
          </milestone_list>
        </period>
      </period_list>
    </participant_flow>

    <baseline>
      <population>Entire study population</population>
      <group_list>
        <group group_id="B1">
          <title>Entire Study Population</title>
          <description>Quetiapine fumarate extended release (Quetiapine XR): Quetiapine fumarate extended release 50-400mg/d first for 7 weeks; then Quetiapine XR and mirtazapine: Quetiapine fumarate extended release (50-400mg) and mirtazapine (7.5-45mg) for 7 weeks.</description>
        </group>
      </group_list>
      <analyzed_list>
        <analyzed>
          <units>Participants</units>
          <scope>Overall</scope>
          <count_list>
            <count group_id="B1" value="20"/>
          </count_list>
        </analyzed>
      </analyzed_list>
      <measure_list>
        <measure>
          <title>Age</title>
          <units>years</units>
          <param>Mean</param>
          <dispersion>Standard Deviation</dispersion>
          <class_list>
            <class>
              <category_list>
                <category>
                  <measurement_list>
                    <measurement group_id="B1" value="48.1" spread="10.1"/>
                  </measurement_list>
                </category>
              </category_list>
            </class>
          </class_list>
        </measure>
        <measure>
          <title>Age</title>
          <units>participants</units>
          <param>Number</param>
          <class_list>
            <class>
              <title>&lt;=18 years</title>
              <category_list>
                <category>
                  <measurement_list>
                    <measurement group_id="B1" value="0"/>
                  </measurement_list>
                </category>
              </category_list>
            </class>
            <class>
              <title>Between 18 and 65 years</title>
              <category_list>
                <category>
                  <measurement_list>
                    <measurement group_id="B1" value="20"/>
                  </measurement_list>
                </category>
              </category_list>
            </class>
            <class>
              <title>&gt;=65 years</title>
              <category_list>
                <category>
                  <measurement_list>
                    <measurement group_id="B1" value="0"/>
                  </measurement_list>
                </category>
              </category_list>
            </class>
          </class_list>
        </measure>
        <measure>
          <title>Gender</title>
          <units>participants</units>
          <param>Number</param>
          <class_list>
            <class>
              <title>Female</title>
              <category_list>
                <category>
                  <measurement_list>
                    <measurement group_id="B1" value="6"/>
                  </measurement_list>
                </category>
              </category_list>
            </class>
            <class>
              <title>Male</title>
              <category_list>
                <category>
                  <measurement_list>
                    <measurement group_id="B1" value="14"/>
                  </measurement_list>
                </category>
              </category_list>
            </class>
          </class_list>
        </measure>
        <measure>
          <title>Region of Enrollment</title>
          <units>participants</units>
          <param>Number</param>
          <class_list>
            <class>
              <title>United States</title>
              <category_list>
                <category>
                  <measurement_list>
                    <measurement group_id="B1" value="20"/>
                  </measurement_list>
                </category>
              </category_list>
            </class>
          </class_list>
        </measure>
      </measure_list>
    </baseline>

    <outcome_list>
      <outcome>
        <type>Primary</type>
        <title>Number of Very Heavy Drinking Days Per Week</title>
        <description>The number of “very heavy” drinking days (8 or more drinks per drinking day for men or 6 or more drinks per drinking day for women) per week</description>
        <time_frame>14 Weeks</time_frame>
        <population>The Analysis Population only consists of participants that completed both phases of the study.</population>
        <group_list>
          <group group_id="O1">
            <title>Quetiapine Fumarate Extended Release (Quetiapine XR)</title>
            <description>Quetiapine XR 50-400mg
Quetiapine fumarate extended release (Quetiapine XR): Quetiapine fumarate extended release 50-400mg/d</description>
          </group>
          <group group_id="O2">
            <title>Quetiapine XR Plus Mirtazapine</title>
            <description>Quetiapine XR 50-400mg + Mirtazapine 7.5-45mg
Quetiapine XR plus mirtazapine: Quetiapine fumarate extended release (50-400mg) plus mirtazapine (7.5-45mg)</description>
          </group>
        </group_list>
        <measure>
          <title>Number of Very Heavy Drinking Days Per Week</title>
          <description>The number of “very heavy” drinking days (8 or more drinks per drinking day for men or 6 or more drinks per drinking day for women) per week</description>
          <population>The Analysis Population only consists of participants that completed both phases of the study.</population>
          <units>days</units>
          <param>Mean</param>
          <dispersion>Standard Deviation</dispersion>
          <analyzed_list>
            <analyzed>
              <units>Participants</units>
              <scope>Measure</scope>
              <count_list>
                <count group_id="O1" value="11"/>
                <count group_id="O2" value="11"/>
              </count_list>
            </analyzed>
          </analyzed_list>
          <class_list>
            <class>
              <category_list>
                <category>
                  <measurement_list>
                    <measurement group_id="O1" value="2.1" spread="2.8"/>
                    <measurement group_id="O2" value="1.3" spread="2.4"/>
                  </measurement_list>
                </category>
              </category_list>
            </class>
          </class_list>
        </measure>
      </outcome>
    </outcome_list>

    <reported_events>
      <time_frame>Adverse events were collected throughout both periods of the study and included a 30 day follow-up call made after study participation ended to assess for additional events..</time_frame>
      <desc>This study included two phases (quetiapine XR monotherapy and quetipapine XR andmirtazapine). An adverse event was attributed to a given phase if it began during that phase.</desc>
      <group_list>
        <group group_id="E1">
          <title>Quetiapine Fumarate Extended Release (Quetiapine XR)</title>
          <description>Quetiapine XR 50-400mg
Quetiapine fumarate extended release (Quetiapine XR): Quetiapine fumarate extended release 50-400mg/d</description>
        </group>
        <group group_id="E2">
          <title>Quetiapine XR andMirtazapine</title>
          <description>Quetiapine XR 50-400mg + Mirtazapine 7.5-45mg
Quetiapine XR and mirtazapine: Quetiapine fumarate extended release (50-400mg) and mirtazapine (7.5-45mg)</description>
        </group>
      </group_list>
      <serious_events>
        <category_list>
          <category>
            <title>Total</title>
            <event_list>
              <event>
                <sub_title>Total, serious adverse events</sub_title>
                <counts group_id="E1" subjects_affected="0" subjects_at_risk="20"/>
                <counts group_id="E2" subjects_affected="0" subjects_at_risk="16"/>
              </event>
            </event_list>
          </category>
        </category_list>
      </serious_events>
      <other_events>
        <frequency_threshold>5</frequency_threshold>
        <default_assessment>Non-systematic Assessment</default_assessment>
        <category_list>
          <category>
            <title>Total</title>
            <event_list>
              <event>
                <sub_title>Total, other adverse events</sub_title>
                <counts group_id="E1" subjects_affected="20" subjects_at_risk="20"/>
                <counts group_id="E2" subjects_affected="14" subjects_at_risk="16"/>
              </event>
            </event_list>
          </category>
          <category>
            <title>Cardiac disorders</title>
            <event_list>
              <event>
                <sub_title>Prolonged QTC</sub_title>
                <counts group_id="E1" events="0" subjects_affected="0" subjects_at_risk="20"/>
                <counts group_id="E2" events="1" subjects_affected="1" subjects_at_risk="16"/>
              </event>
            </event_list>
          </category>
          <category>
            <title>Eye disorders</title>
            <event_list>
              <event>
                <sub_title>Blurred Vision</sub_title>
                <counts group_id="E1" events="1" subjects_affected="1" subjects_at_risk="20"/>
                <counts group_id="E2" events="0" subjects_affected="0" subjects_at_risk="16"/>
              </event>
            </event_list>
          </category>
          <category>
            <title>Gastrointestinal disorders</title>
            <event_list>
              <event>
                <sub_title>Dry Mouth</sub_title>
                <counts group_id="E1" events="7" subjects_affected="7" subjects_at_risk="20"/>
                <counts group_id="E2" events="2" subjects_affected="2" subjects_at_risk="16"/>
              </event>
              <event>
                <sub_title>Gastrointestinal Problems</sub_title>
                <counts group_id="E1" events="12" subjects_affected="9" subjects_at_risk="20"/>
                <counts group_id="E2" events="7" subjects_affected="4" subjects_at_risk="16"/>
              </event>
            </event_list>
          </category>
          <category>
            <title>General disorders</title>
            <event_list>
              <event>
                <sub_title>Fatigue</sub_title>
                <counts group_id="E1" events="6" subjects_affected="5" subjects_at_risk="20"/>
                <counts group_id="E2" events="4" subjects_affected="3" subjects_at_risk="16"/>
              </event>
              <event>
                <sub_title>Foggy Thinking</sub_title>
                <counts group_id="E1" events="4" subjects_affected="3" subjects_at_risk="20"/>
                <counts group_id="E2" events="4" subjects_affected="3" subjects_at_risk="16"/>
              </event>
              <event>
                <sub_title>Sweats</sub_title>
                <counts group_id="E1" events="1" subjects_affected="1" subjects_at_risk="20"/>
                <counts group_id="E2" events="2" subjects_affected="2" subjects_at_risk="16"/>
              </event>
              <event>
                <sub_title>Fever</sub_title>
                <counts group_id="E1" events="1" subjects_affected="1" subjects_at_risk="20"/>
                <counts group_id="E2" events="0" subjects_affected="0" subjects_at_risk="16"/>
              </event>
              <event>
                <sub_title>Swelling</sub_title>
                <counts group_id="E1" events="2" subjects_affected="1" subjects_at_risk="20"/>
                <counts group_id="E2" events="0" subjects_affected="0" subjects_at_risk="16"/>
              </event>
            </event_list>
          </category>
          <category>
            <title>Injury, poisoning and procedural complications</title>
            <event_list>
              <event>
                <sub_title>Injury</sub_title>
                <counts group_id="E1" events="5" subjects_affected="2" subjects_at_risk="20"/>
                <counts group_id="E2" events="1" subjects_affected="1" subjects_at_risk="16"/>
              </event>
            </event_list>
          </category>
          <category>
            <title>Investigations</title>
            <event_list>
              <event>
                <sub_title>Increase Triglycerides</sub_title>
                <counts group_id="E1" events="0" subjects_affected="0" subjects_at_risk="20"/>
                <counts group_id="E2" events="2" subjects_affected="2" subjects_at_risk="16"/>
              </event>
            </event_list>
          </category>
          <category>
            <title>Metabolism and nutrition disorders</title>
            <event_list>
              <event>
                <sub_title>Weight Gain</sub_title>
                <counts group_id="E1" events="1" subjects_affected="1" subjects_at_risk="20"/>
                <counts group_id="E2" events="2" subjects_affected="2" subjects_at_risk="16"/>
              </event>
              <event>
                <sub_title>Appetite Increased</sub_title>
                <counts group_id="E1" events="1" subjects_affected="1" subjects_at_risk="20"/>
                <counts group_id="E2" events="0" subjects_affected="0" subjects_at_risk="16"/>
              </event>
            </event_list>
          </category>
          <category>
            <title>Musculoskeletal and connective tissue disorders</title>
            <event_list>
              <event>
                <sub_title>Muscoloskeletal Disorder</sub_title>
                <counts group_id="E1" events="4" subjects_affected="3" subjects_at_risk="20"/>
                <counts group_id="E2" events="10" subjects_affected="7" subjects_at_risk="16"/>
              </event>
            </event_list>
          </category>
          <category>
            <title>Nervous system disorders</title>
            <event_list>
              <event>
                <sub_title>Dizzy</sub_title>
                <counts group_id="E1" events="6" subjects_affected="6" subjects_at_risk="20"/>
                <counts group_id="E2" events="1" subjects_affected="1" subjects_at_risk="16"/>
              </event>
              <event>
                <sub_title>Headache</sub_title>
                <counts group_id="E1" events="4" subjects_affected="4" subjects_at_risk="20"/>
                <counts group_id="E2" events="4" subjects_affected="3" subjects_at_risk="16"/>
              </event>
              <event>
                <sub_title>Insomnia</sub_title>
                <counts group_id="E1" events="4" subjects_affected="3" subjects_at_risk="20"/>
                <counts group_id="E2" events="3" subjects_affected="2" subjects_at_risk="16"/>
              </event>
              <event>
                <sub_title>Neurologic Disorder</sub_title>
                <counts group_id="E1" events="5" subjects_affected="4" subjects_at_risk="20"/>
                <counts group_id="E2" events="3" subjects_affected="3" subjects_at_risk="16"/>
              </event>
              <event>
                <sub_title>Somnolence</sub_title>
                <counts group_id="E1" events="9" subjects_affected="8" subjects_at_risk="20"/>
                <counts group_id="E2" events="6" subjects_affected="6" subjects_at_risk="16"/>
              </event>
            </event_list>
          </category>
          <category>
            <title>Psychiatric disorders</title>
            <event_list>
              <event>
                <sub_title>Unusual Dream Activity</sub_title>
                <counts group_id="E1" events="3" subjects_affected="3" subjects_at_risk="20"/>
                <counts group_id="E2" events="1" subjects_affected="1" subjects_at_risk="16"/>
              </event>
              <event>
                <sub_title>Irritated</sub_title>
                <counts group_id="E1" events="2" subjects_affected="2" subjects_at_risk="20"/>
                <counts group_id="E2" events="1" subjects_affected="1" subjects_at_risk="16"/>
              </event>
              <event>
                <sub_title>Miscellaneous Sleep Disorder</sub_title>
                <counts group_id="E1" events="2" subjects_affected="2" subjects_at_risk="20"/>
                <counts group_id="E2" events="1" subjects_affected="1" subjects_at_risk="16"/>
              </event>
              <event>
                <sub_title>Psychiatric Symptoms</sub_title>
                <counts group_id="E1" events="4" subjects_affected="2" subjects_at_risk="20"/>
                <counts group_id="E2" events="2" subjects_affected="2" subjects_at_risk="16"/>
              </event>
              <event>
                <sub_title>Libido Descreased</sub_title>
                <counts group_id="E1" events="1" subjects_affected="1" subjects_at_risk="20"/>
                <counts group_id="E2" events="0" subjects_affected="0" subjects_at_risk="16"/>
              </event>
            </event_list>
          </category>
          <category>
            <title>Respiratory, thoracic and mediastinal disorders</title>
            <event_list>
              <event>
                <sub_title>Nose Bleeds</sub_title>
                <counts group_id="E1" events="3" subjects_affected="2" subjects_at_risk="20"/>
                <counts group_id="E2" events="0" subjects_affected="0" subjects_at_risk="16"/>
              </event>
              <event>
                <sub_title>Upper Respiratory Symptoms</sub_title>
                <counts group_id="E1" events="6" subjects_affected="3" subjects_at_risk="20"/>
                <counts group_id="E2" events="0" subjects_affected="0" subjects_at_risk="16"/>
              </event>
              <event>
                <sub_title>Decreased Smoking</sub_title>
                <counts group_id="E1" events="1" subjects_affected="1" subjects_at_risk="20"/>
                <counts group_id="E2" events="0" subjects_affected="0" subjects_at_risk="16"/>
              </event>
            </event_list>
          </category>
          <category>
            <title>Skin and subcutaneous tissue disorders</title>
            <event_list>
              <event>
                <sub_title>Dermatological Condition</sub_title>
                <counts group_id="E1" events="2" subjects_affected="2" subjects_at_risk="20"/>
                <counts group_id="E2" events="1" subjects_affected="1" subjects_at_risk="16"/>
              </event>
            </event_list>
          </category>
        </category_list>
      </other_events>
    </reported_events>

    <certain_agreements>
      <pi_employee>All Principal Investigators ARE employed by the organization sponsoring the study.</pi_employee>
      <restrictive_agreement>There is NOT an agreement between Principal Investigators and the Sponsor (or its agents) that restricts the PI's rights to discuss or publish trial results after the trial is completed. </restrictive_agreement>
    </certain_agreements>
    <point_of_contact>
      <name_or_title>Mary Brunette, MD</name_or_title>
      <organization>Geisel School of Medicine At Dartmouth</organization>
      <phone>603-271-7642</phone>
      <email>mary.brunette@dartmouth.edu</email>
    </point_of_contact>
  </clinical_results>
</clinical_study>

