<?xml version="1.0" encoding="UTF-8"?>
<clinical_study rank="461">
  <!-- This xml conforms to an XML Schema at:
    https://clinicaltrials.gov/ct2/html/images/info/public.xsd -->
  <required_header>
    <download_date>ClinicalTrials.gov processed this data on August 25, 2017</download_date>
    <link_text>Link to the current ClinicalTrials.gov record.</link_text>
    <url>https://clinicaltrials.gov/show/NCT00580645</url>
  </required_header>
  <id_info>
    <org_study_id>HIC0702002391</org_study_id>
    <secondary_id>R01AA015596-01</secondary_id>
    <nct_id>NCT00580645</nct_id>
  </id_info>
  <brief_title>Do Treatments for Smoking Cessation Affect Alcohol Drinking? Study 2: Do Varenicline (Chantix) and Bupropion (Zyban) Change Alcohol Drinking?</brief_title>
  <official_title>Do Treatments for Smoking Cessation Affect Alcohol Drinking? Study 2: Do Varenicline (Chantix) and Bupropion (Zyban) Change Alcohol Drinking?</official_title>
  <sponsors>
    <lead_sponsor>
      <agency>Yale University</agency>
      <agency_class>Other</agency_class>
    </lead_sponsor>
    <collaborator>
      <agency>National Institute on Alcohol Abuse and Alcoholism (NIAAA)</agency>
      <agency_class>NIH</agency_class>
    </collaborator>
  </sponsors>
  <source>Yale University</source>
  <oversight_info>
    <has_dmc>Yes</has_dmc>
  </oversight_info>
  <brief_summary>
    <textblock>
      The purpose of this study is to examine the effect of smoking cessation medications on
      alcohol drinking.

      Following 7 days of medication pre-treatment to achieve steady state levels, participants
      complete a laboratory session assessing alcohol self-administration behavior and a cue
      reactivity session assessing their reactivity to alcohol-related cues. Subjects are
      maintained on study medication for 4 weeks after the laboratory session.

      The study is subdivided into three studies based on subject population.

      Study 1A enrolls heavy drinking smokers (tested under nicotine deprivation). Study 1B enrolls
      heavy drinking smokers (not tested under nicotine deprivation), non-daily smokers, and
      nonsmokers. Study 1C enrolls smokers (not tested under nicotine deprivation) and nonsmokers
      who meet criteria for alcohol use disorders.

      In Study 1A, volunteers are administered either varenicline (Chantix), bupropion (Zyban), or
      placebo. In Studies 1B and 1C, volunteers are administered either varenicline (Chantix) or
      placebo.
    </textblock>
  </brief_summary>
  <overall_status>Active, not recruiting</overall_status>
  <start_date>April 2007</start_date>
  <completion_date type="Anticipated">December 2017</completion_date>
  <primary_completion_date type="Anticipated">December 2017</primary_completion_date>
  <phase>Phase 2</phase>
  <study_type>Interventional</study_type>
  <has_expanded_access>No</has_expanded_access>
  <study_design_info>
    <allocation>Randomized</allocation>
    <intervention_model>Factorial Assignment</intervention_model>
    <primary_purpose>Treatment</primary_purpose>
    <masking>Triple (Participant, Investigator, Outcomes Assessor)</masking>
  </study_design_info>
  <primary_outcome>
    <measure>number of drinks consumed</measure>
    <time_frame>throughout the laboratory session</time_frame>
  </primary_outcome>
  <secondary_outcome>
    <measure>tobacco and alcohol craving</measure>
    <time_frame>during laboratory session</time_frame>
  </secondary_outcome>
  <secondary_outcome>
    <measure>tobacco and alcohol craving</measure>
    <time_frame>during the cue reactivity session</time_frame>
  </secondary_outcome>
  <number_of_arms>3</number_of_arms>
  <enrollment type="Anticipated">308</enrollment>
  <condition>Alcohol Drinking</condition>
  <arm_group>
    <arm_group_label>varenicline</arm_group_label>
    <arm_group_type>Experimental</arm_group_type>
    <description>Studies 1A and 1B: varenicline 2mg/day
Study 1C: varenicline 1mg/day or 2mg/day</description>
  </arm_group>
  <arm_group>
    <arm_group_label>Bupropion</arm_group_label>
    <arm_group_type>Experimental</arm_group_type>
    <description>Study 1A only: Bupropion 300mg/day</description>
  </arm_group>
  <arm_group>
    <arm_group_label>Placebo</arm_group_label>
    <arm_group_type>Placebo Comparator</arm_group_type>
    <description>Placebo Controlled</description>
  </arm_group>
  <intervention>
    <intervention_type>Drug</intervention_type>
    <intervention_name>varenicline</intervention_name>
    <description>Studies 1A and 1B: 2mg/day, with 1-week lead-in medication period The starting dose is 0.5 mg/day for days 1-2, followed by 0.5mg twice daily for days 3-5 and then 1mg twice daily for days 4-7. 1mg administered twice daily during laboratory session (day 8) and for 4 weeks after laboratory session.
Study 1C: 2mg/day (see above) or 1mg/day with 1-week medication lead-in period. The starting dose is 0.5 mg/day for days 1-5, followed by 0.5mg twice daily for days 6-7. 0.5mg twice daily administered during laboratory session (day 8) and for 4 weeks after laboratory session.</description>
    <arm_group_label>varenicline</arm_group_label>
    <other_name>Chantix</other_name>
  </intervention>
  <intervention>
    <intervention_type>Drug</intervention_type>
    <intervention_name>bupropion</intervention_name>
    <description>Study 1A only: 300mg/day, with 1-week lead-in medication period The starting dose is 150mg/day for days 1-3, 300mg/day for days 4-7. 300mg administered during laboratory session (day 8) and for 4 weeks after laboratory session.</description>
    <arm_group_label>Bupropion</arm_group_label>
    <other_name>Zyban</other_name>
  </intervention>
  <intervention>
    <intervention_type>Drug</intervention_type>
    <intervention_name>placebo</intervention_name>
    <description>placebo</description>
    <arm_group_label>Placebo</arm_group_label>
  </intervention>
  <eligibility>
    <criteria>
      <textblock>
        Inclusion Criteria:

          -  21 years old or older

          -  Able to read and write in English

          -  Smokers, non-daily smokers, and non-smokers

          -  Heavy Drinkers and/or meet criteria for alcohol use disorders

        Exclusion Criteria:

          -  Any significant current medical or psychiatric conditions that would contraindicate
             the consumption of alcohol

          -  Significant hepatocellular injury

          -  Positive test result at intake appointments on urine drug screens conducted for
             opiates, cocaine, or benzodiazepines

          -  Women who are pregnant or nursing

          -  Suicidal, homicidal, or evidence of severe mental illness

          -  Prescription of any psychotropic drug in the 30 days prior to study enrollment

          -  Blood donation within the past 8 weeks

          -  Individuals who are seeking treatment for drinking or smoking or who have attempted to
             quit drinking or smoking within the past 3 months

          -  Specific exclusions for administration of bupropion not specified above including:
             having taken monoamine inhibitors in the past six weeks; history of anorexia or
             bulimia; previous hypersensitivity to bupropion; history of alcohol or drug dependence
             in the past year; history of seizure disorder of any etiology

          -  Known allergy to varenicline or taking H2blockers

          -  Participation within the past 8 weeks in other studies that involve additive blood
             sampling and/or interventional measures that would be considered excessive in
             combination with the current study

          -  Subjects likely to exhibit clinically significant alcohol withdrawal during the study
      </textblock>
    </criteria>
    <gender>All</gender>
    <minimum_age>21 Years</minimum_age>
    <maximum_age>N/A</maximum_age>
    <healthy_volunteers>No</healthy_volunteers>
  </eligibility>
  <overall_official>
    <last_name>Sherry A McKee, PhD</last_name>
    <role>Principal Investigator</role>
    <affiliation>Yale University</affiliation>
  </overall_official>
  <location>
    <facility>
      <name>Yale Center for Clinical Investigation and Yale Behavioral Pharmacology Laboratory</name>
      <address>
        <city>New Haven</city>
        <state>Connecticut</state>
        <zip>06519</zip>
        <country>United States</country>
      </address>
    </facility>
  </location>
  <location_countries>
    <country>United States</country>
  </location_countries>
  <verification_date>November 2016</verification_date>
  <lastchanged_date>November 22, 2016</lastchanged_date>
  <firstreceived_date>December 25, 2007</firstreceived_date>
  <responsible_party>
    <responsible_party_type>Principal Investigator</responsible_party_type>
    <investigator_affiliation>Yale University</investigator_affiliation>
    <investigator_full_name>Sherry McKee</investigator_full_name>
    <investigator_title>Associate Professor of Psychiatry</investigator_title>
  </responsible_party>
  <keyword>alcohol</keyword>
  <keyword>smoking cessation</keyword>
  <keyword>varenicline</keyword>
  <keyword>bupropion</keyword>
  <keyword>smoking cessation medications</keyword>
  <condition_browse>
    <!-- CAUTION:  The following MeSH terms are assigned with an imperfect algorithm            -->
    <mesh_term>Alcohol Drinking</mesh_term>
  </condition_browse>
  <intervention_browse>
    <!-- CAUTION:  The following MeSH terms are assigned with an imperfect algorithm            -->
    <mesh_term>Ethanol</mesh_term>
    <mesh_term>Varenicline</mesh_term>
    <mesh_term>Bupropion</mesh_term>
  </intervention_browse>
  <!-- Results have not yet been posted for this study                                          -->
</clinical_study>

