<?xml version="1.0" encoding="UTF-8"?>
<clinical_study rank="155">
  <!-- This xml conforms to an XML Schema at:
    https://clinicaltrials.gov/ct2/html/images/info/public.xsd -->
  <required_header>
    <download_date>ClinicalTrials.gov processed this data on September 15, 2017</download_date>
    <link_text>Link to the current ClinicalTrials.gov record.</link_text>
    <url>https://clinicaltrials.gov/show/NCT01032772</url>
  </required_header>
  <id_info>
    <org_study_id>5U84DD000438</org_study_id>
    <nct_id>NCT01032772</nct_id>
  </id_info>
  <brief_title>ChoicesPlus: Reducing Alcohol- and Tobacco-Exposed Pregnancy</brief_title>
  <acronym>ChoicesPlus</acronym>
  <official_title>ChoicesPlus: Preconception Approach to Reducing Alcohol- and Tobacco-Exposed Pregnancy</official_title>
  <sponsors>
    <lead_sponsor>
      <agency>University of Texas at Austin</agency>
      <agency_class>Other</agency_class>
    </lead_sponsor>
    <collaborator>
      <agency>Centers for Disease Control and Prevention</agency>
      <agency_class>U.S. Fed</agency_class>
    </collaborator>
  </sponsors>
  <source>University of Texas at Austin</source>
  <oversight_info>
    <has_dmc>Yes</has_dmc>
  </oversight_info>
  <brief_summary>
    <textblock>
      Choices Plus, a randomized controlled study, will determine the efficacy of the Project
      CHOICES intervention plus a referral to an evidence-based smoking cessation program in
      reducing the risk of alcohol- and tobacco-exposed pregnancies.
    </textblock>
  </brief_summary>
  <detailed_description>
    <textblock>
      This randomized controlled study will examine the effect of the ChoicesPlus intervention
      compared to Treatment as Usual (TAU) in: reducing alcohol use below established risk levels;
      increasing consistent use of effective contraception; increasing engagement in smoking
      cessation treatment and increasing smoking cessation. In addition, our examination of the
      incremental costs of the ChoicesPlus intervention (e.g., staff time, materials,
      administrative services, total medical charges pre- and post-intervention) will provide a
      basis for future cost/benefit analyses that will inform policymakers and healthcare
      organizations of the potential benefits of implementing ChoicesPlus. Results from this study
      will inform and advance future efforts in the service of promoting healthy prenatal behavior
      and reducing the prevalence of alcohol and tobacco-exposed pregnancies.
    </textblock>
  </detailed_description>
  <overall_status>Completed</overall_status>
  <start_date>January 2010</start_date>
  <completion_date type="Actual">September 2013</completion_date>
  <primary_completion_date type="Actual">September 2013</primary_completion_date>
  <phase>N/A</phase>
  <study_type>Interventional</study_type>
  <has_expanded_access>No</has_expanded_access>
  <study_design_info>
    <allocation>Randomized</allocation>
    <intervention_model>Parallel Assignment</intervention_model>
    <primary_purpose>Prevention</primary_purpose>
    <masking>Double (Participant, Outcomes Assessor)</masking>
  </study_design_info>
  <primary_outcome>
    <measure>Risk of alcohol-exposed pregnancy</measure>
    <time_frame>9 months</time_frame>
    <description>Timeline Followback</description>
  </primary_outcome>
  <secondary_outcome>
    <measure>Marin Acculturation Scale, AUDIT, Time-Line Follow Back, University of Rhode Island Change Assessment Scale, Decisional Balance, Process of Change, Temptation, Confidence, Smoking Staging Algorithm, and Brief Symptom Inventory-18</measure>
    <time_frame>9 months</time_frame>
  </secondary_outcome>
  <number_of_arms>2</number_of_arms>
  <enrollment type="Actual">261</enrollment>
  <condition>Alcohol Use</condition>
  <condition>Smoking</condition>
  <condition>Contraception</condition>
  <arm_group>
    <arm_group_label>CHOICES Plus Intervention</arm_group_label>
    <arm_group_type>Experimental</arm_group_type>
    <description>A two session intervention utilizing a motivational interviewing approach to encourage changes in alcohol use, contraceptive use, and smoking. The interventions will (a) provide norms-based-but personalized-feedback, (b) encourage attendance at a contraceptive counseling visit, (c) encourage participation in the smoking cessation program, (c) increase motivation to change each of the target behaviors, (d) decrease temptation to engage in risk behaviors, (e) increase confidence to avoid risk behaviors, and (f) develop a personalized, tailored change plan.</description>
  </arm_group>
  <arm_group>
    <arm_group_label>Information</arm_group_label>
    <arm_group_type>Active Comparator</arm_group_type>
    <description>Women in the information condition receive advice and educational material from the research assistant about women's health and related referrals.</description>
  </arm_group>
  <intervention>
    <intervention_type>Behavioral</intervention_type>
    <intervention_name>Choices Plus</intervention_name>
    <description>Participants in this condition will receive two brief, motivational-interviewing-based counseling sessions.</description>
    <arm_group_label>CHOICES Plus Intervention</arm_group_label>
  </intervention>
  <intervention>
    <intervention_type>Behavioral</intervention_type>
    <intervention_name>Information</intervention_name>
    <description>Participants are provided with informational materials about healthy lifestyle and local resources.</description>
    <arm_group_label>Information</arm_group_label>
    <other_name>Treatment As Usual</other_name>
  </intervention>
  <eligibility>
    <criteria>
      <textblock>
        Inclusion Criteria:

          -  Have no condition causing infertility

          -  Are not pregnant or planning to become pregnant in the next 9 months

          -  Have had vaginal intercourse during the previous 3 months with a fertile man without
             using effective contraception

          -  Are drinking at risk levels; and 5) are available for the follow-up period.

        Exclusion Criteria:

          -  Infertile

          -  Pregnant

          -  Insufficient locator information

          -  Language other than English or Spanish
      </textblock>
    </criteria>
    <gender>Female</gender>
    <minimum_age>18 Years</minimum_age>
    <maximum_age>44 Years</maximum_age>
    <healthy_volunteers>Accepts Healthy Volunteers</healthy_volunteers>
  </eligibility>
  <overall_official>
    <last_name>Mary M Velasquez, Ph.D.</last_name>
    <role>Principal Investigator</role>
    <affiliation>University of Texas at Austin</affiliation>
  </overall_official>
  <overall_official>
    <last_name>Kirk von Sternberg, Ph.D.</last_name>
    <role>Principal Investigator</role>
    <affiliation>University of Texas at Austin</affiliation>
  </overall_official>
  <location>
    <facility>
      <name>Settegast Health Center</name>
      <address>
        <city>Houston</city>
        <state>Texas</state>
        <zip>77028</zip>
        <country>United States</country>
      </address>
    </facility>
  </location>
  <location>
    <facility>
      <name>Strawberry Health Center</name>
      <address>
        <city>Pasadena</city>
        <state>Texas</state>
        <zip>77506</zip>
        <country>United States</country>
      </address>
    </facility>
  </location>
  <location_countries>
    <country>United States</country>
  </location_countries>
  <verification_date>November 2015</verification_date>
  <lastchanged_date>November 23, 2015</lastchanged_date>
  <firstreceived_date>December 12, 2009</firstreceived_date>
  <responsible_party>
    <responsible_party_type>Sponsor</responsible_party_type>
  </responsible_party>
  <keyword>alcohol-exposed pregnancy</keyword>
  <keyword>tobacco-exposed pregnancy</keyword>
  <keyword>alcohol</keyword>
  <keyword>contraception</keyword>
  <keyword>smoking</keyword>
  <keyword>pregnancy</keyword>
  <intervention_browse>
    <!-- CAUTION:  The following MeSH terms are assigned with an imperfect algorithm            -->
    <mesh_term>Ethanol</mesh_term>
  </intervention_browse>
  <!-- Results have not yet been posted for this study                                          -->
</clinical_study>

