<?xml version="1.0" encoding="UTF-8"?>
<clinical_study rank="270">
  <!-- This xml conforms to an XML Schema at:
    https://clinicaltrials.gov/ct2/html/images/info/public.xsd -->
  <required_header>
    <download_date>ClinicalTrials.gov processed this data on August 25, 2017</download_date>
    <link_text>Link to the current ClinicalTrials.gov record.</link_text>
    <url>https://clinicaltrials.gov/show/NCT01176591</url>
  </required_header>
  <id_info>
    <org_study_id>811184</org_study_id>
    <nct_id>NCT01176591</nct_id>
  </id_info>
  <brief_title>HBPL Study of the Impact of the NK1 Antagonist Aprepitant</brief_title>
  <official_title>Human Behavioral Pharmacology Laboratory (HBPL) Study of the Impact of the NK1 Antagonist Aprepitant (Emend®) on Stress-Induced Cocaine and Alcohol Craving</official_title>
  <sponsors>
    <lead_sponsor>
      <agency>University of Pennsylvania</agency>
      <agency_class>Other</agency_class>
    </lead_sponsor>
    <collaborator>
      <agency>National Institute on Drug Abuse (NIDA)</agency>
      <agency_class>NIH</agency_class>
    </collaborator>
  </sponsors>
  <source>University of Pennsylvania</source>
  <oversight_info>
    <has_dmc>Yes</has_dmc>
  </oversight_info>
  <brief_summary>
    <textblock>
      The proposed research will focus on investigating the determinants and consequences of CAD
      via measurement of physiological, behavioral and subjective effects of physiologic and
      psychologic stress cues in CAD volunteers in the laboratory, and through examination of the
      effects of the effects of Aprepitant, an NK1 antagonist, on the above effects. This study
      will examine the effects of the above stress cues on cocaine and alcohol craving under acute
      Aprepitant dosing, and under placebo conditions. The study is a within-subjects crossover
      design using 24 subjects.
    </textblock>
  </brief_summary>
  <overall_status>Terminated</overall_status>
  <start_date>September 2010</start_date>
  <completion_date type="Actual">December 2013</completion_date>
  <primary_completion_date type="Actual">September 2013</primary_completion_date>
  <phase>Phase 2</phase>
  <study_type>Interventional</study_type>
  <has_expanded_access>No</has_expanded_access>
  <study_design_info>
    <allocation>Randomized</allocation>
    <intervention_model>Crossover Assignment</intervention_model>
    <primary_purpose>Treatment</primary_purpose>
    <masking>Triple (Participant, Care Provider, Investigator)</masking>
  </study_design_info>
  <primary_outcome>
    <measure>The impact acute dosing with aprepitant has on stress-induced craving for alcohol and cocaine in cocaine and alcohol-dependent individuals.</measure>
    <time_frame>2 weeks</time_frame>
    <description>These effects will be measured using self reported data.</description>
  </primary_outcome>
  <number_of_arms>4</number_of_arms>
  <enrollment type="Actual">12</enrollment>
  <condition>Cocaine</condition>
  <condition>Alcohol Dependence</condition>
  <arm_group>
    <arm_group_label>Physiological Stressor + Aprepitant</arm_group_label>
    <arm_group_type>Active Comparator</arm_group_type>
  </arm_group>
  <arm_group>
    <arm_group_label>Psychological Stressor + Aprepitant</arm_group_label>
    <arm_group_type>Active Comparator</arm_group_type>
  </arm_group>
  <arm_group>
    <arm_group_label>Physiological Stressor + Placebo</arm_group_label>
    <arm_group_type>Placebo Comparator</arm_group_type>
  </arm_group>
  <arm_group>
    <arm_group_label>Psychological Stressor + Placebo</arm_group_label>
    <arm_group_type>Placebo Comparator</arm_group_type>
  </arm_group>
  <intervention>
    <intervention_type>Drug</intervention_type>
    <intervention_name>Aprepitant</intervention_name>
    <description>80 mg per session, oral administration.</description>
    <arm_group_label>Physiological Stressor + Aprepitant</arm_group_label>
    <arm_group_label>Psychological Stressor + Aprepitant</arm_group_label>
  </intervention>
  <intervention>
    <intervention_type>Drug</intervention_type>
    <intervention_name>Placebo</intervention_name>
    <description>Placebo, one per session, oral administration</description>
    <arm_group_label>Physiological Stressor + Placebo</arm_group_label>
    <arm_group_label>Psychological Stressor + Placebo</arm_group_label>
  </intervention>
  <eligibility>
    <criteria>
      <textblock>
        Inclusion Criteria

          1. Male or female and 18 years of age to 60

          2. The subject has used cocaine and alcohol at least once per month for at least the past
             year, and has used cocaine and alcohol within 30 days prior to signing consent.

          3. Live within a commutable distance of the Treatment Research Center (TRC) at the
             Penn/VA Center for Studies of Addiction, University of Pennsylvania. We define this to
             be a distance within the service area of Septa, within an hour drive, or a distance
             that both the patient and Principal Investigator (PI) find acceptable.

          4. Understands and signs the informed consent.

        Exclusion Criteria:

          1. Meets DSM IV criteria for current dependence on any substance other than nicotine,
             cocaine ,alcohol or marijuana

          2. Subjects who test positive on the urine drug screen for any illicit drugs other than
             cocaine and marijuana during screening will be allowed a single retest. Those
             individuals who test positive for amphetamine during screening, given that they
             provide a copy of a prescription, will only be included if they can safely discontinue
             amphetamine use for the duration of the study. Subjects will need to provide a urine
             free of all illicit drugs other than cocaine and marijuana at study onset to be
             randomized. Subjects who test positive for any drugs other than marijuana prior to a
             study session will be allowed a single retest and a chance to reschedule their
             session. If the subject tests positive for any drug other than marijuana at the
             retest, their participation in the study will be terminated.

          3. Subjects who meet current or lifetime DSM-IV criteria for bipolar affective disorder,
             schizophrenia, or any psychotic disorder

          4. Current severe psychiatric symptoms- (e.g., psychosis, dementia, suicidal or homicidal
             ideation, mania or depression requiring anti-depressant therapy) as diagnosed using
             the SCID, the Hamilton Anxiety Rating Scale (Ham A), and Hamilton Ration Scale for
             Depression (HAM-D).

          5. Individuals scoring &gt; 10 on the Hamilton Rating Scale for Depression (HAM-D).

          6. Use of any investigational medication within the past 30 days.

          7. Concomitant treatment with psychotropic medications or prescription opioids.

          8. Concomitant use of any one of the following drugs or classes of drugs:

             Reserpine Verapamil theophylline, trimethoprim, cimetidine, haloperidol,
             benzodiazepines, or antiepileptic drugs (AEDs).

          9. Patients with a known hypersensitivity to aprepitant.

         10. Patients with severe concurrent illnesses such as bronchospastic disease,
             hyperthyroidism, diabetes mellitus.

         11. Patients with known AIDS or other serious illnesses that may require hospitalization
             during the study.

         12. Female subjects who are pregnant or lactating, or female subjects of child-bearing
             potential who are not using acceptable methods of birth control; acceptable methods of
             birth control include:

             Barrier method (diaphragm or condom) with spermicide Intrauterine progesterone
             contraceptive system Levonorgesterel implant Medroxyprogesterone acetate contraceptive
             injection, or Oral contraceptives.

         13. Patients with impaired renal function, as indicated by corrected creatinine clearance
             below 60 ml/min as determined by the modified Cockcroft equation (CDC, 1986).

         14. An unacceptable liver panel (liver function tests; LFTs) that may be indicative of
             hepatic dysfunction.

         15. Clinical laboratory tests (e.g., CBC, blood chemistries, urinalysis) outside normal
             limits, as determined by the study PI.

         16. History of significant heart disease or dysfunction (e.g., an arrhythmia which
             required medication, Wolff Parkinson -White Syndrome, angina pectoris, documented
             history of myocardial infarction, heart failure).

         17. Electrocardiography (EKG) indicative of 1st degree heart block, sinus tachycardia,
             left-axis deviation, non-specific ST or T-wave changes.

         18. History of chest pain associated with cocaine use that prompted a visit to a
             physician.

         19. Any medical or psychological condition that could jeopardize the subject's safe
             participation in the trial as determined by the PI.
      </textblock>
    </criteria>
    <gender>All</gender>
    <minimum_age>18 Years</minimum_age>
    <maximum_age>60 Years</maximum_age>
    <healthy_volunteers>No</healthy_volunteers>
  </eligibility>
  <location>
    <facility>
      <name>University of Pennsylvania, Treatment Research Center</name>
      <address>
        <city>Philadelphia</city>
        <state>Pennsylvania</state>
        <zip>19104</zip>
        <country>United States</country>
      </address>
    </facility>
  </location>
  <location_countries>
    <country>United States</country>
  </location_countries>
  <verification_date>April 2014</verification_date>
  <lastchanged_date>April 2, 2014</lastchanged_date>
  <firstreceived_date>August 4, 2010</firstreceived_date>
  <responsible_party>
    <responsible_party_type>Principal Investigator</responsible_party_type>
    <investigator_affiliation>University of Pennsylvania</investigator_affiliation>
    <investigator_full_name>Jennifer Plebani</investigator_full_name>
    <investigator_title>Principal Investigator</investigator_title>
  </responsible_party>
  <keyword>Cocaine and alcohol dependence (CAD)</keyword>
  <condition_browse>
    <!-- CAUTION:  The following MeSH terms are assigned with an imperfect algorithm            -->
    <mesh_term>Alcoholism</mesh_term>
  </condition_browse>
  <intervention_browse>
    <!-- CAUTION:  The following MeSH terms are assigned with an imperfect algorithm            -->
    <mesh_term>Cocaine</mesh_term>
    <mesh_term>Aprepitant</mesh_term>
    <mesh_term>Fosaprepitant</mesh_term>
  </intervention_browse>
  <!-- Results have not yet been posted for this study                                          -->
</clinical_study>

