<?xml version="1.0" encoding="UTF-8"?>
<clinical_study rank="440">
  <!-- This xml conforms to an XML Schema at:
    https://clinicaltrials.gov/ct2/html/images/info/public.xsd -->
  <required_header>
    <download_date>ClinicalTrials.gov processed this data on August 29, 2017</download_date>
    <link_text>Link to the current ClinicalTrials.gov record.</link_text>
    <url>https://clinicaltrials.gov/show/NCT01858818</url>
  </required_header>
  <id_info>
    <org_study_id>ZI 1119/4-1</org_study_id>
    <nct_id>NCT01858818</nct_id>
  </id_info>
  <brief_title>Project 4: Acute Effects of Alcohol on Learning and Habitization in Healthy Young Adults</brief_title>
  <acronym>LeAD_P4</acronym>
  <official_title>Project 4: Acute Effects of Alcohol on Learning and Habitization in Healthy Young Adults</official_title>
  <sponsors>
    <lead_sponsor>
      <agency>Technische Universität Dresden</agency>
      <agency_class>Other</agency_class>
    </lead_sponsor>
  </sponsors>
  <source>Technische Universität Dresden</source>
  <oversight_info>
    <has_dmc>No</has_dmc>
  </oversight_info>
  <brief_summary>
    <textblock>
      This project aims to investigate how dysfunctional learning and habitization are affected by
      acute alcohol exposure, and whether individual differences in such alcohol effects can
      predict later development of Alcohol Use Disorders (AUDs). Eighty 18-year-old healthy male
      subjects are tested on two days in a within-subjects design with blinded administration of
      alcohol vs. placebo and different behavioral and learning tasks. The investigators
      investigate how alcohol influences the performance during these tasks, whether alcohol
      effects differ between high- and low-risk subjects, and whether task performance under
      alcohol predicts future AUDs.
    </textblock>
  </brief_summary>
  <detailed_description>
    <textblock>
      This project is part of a large multi-center study in Dresden and Berlin on Learning and
      Alcohol Dependence (LeAD). Project 4 aims to investigate how dysfunctional learning and
      habitization are affected by acute alcohol exposure, and whether individual differences in
      such alcohol effects can predict later development of AUDs. The project investigates eighty
      18-year-old healthy male subjects, a subsample of LeAD project 1 that were already tested in
      Dresden using fMRI(Clinical Trials.govID: NCT01744834). Participants are tested on two days
      in a within-subjects design with blinded administration of alcohol or placebo. On 2 days
      participants are performing three behavioral and learning tasks measuring: 1. conditioning of
      money vs. drink stimuli 2. habitization vs. instrumental learning and 3. approach and
      avoidance behavior towards money and drink stimuli. The investigators investigate how alcohol
      influences the performance during these tasks, whether alcohol effects differ between high-
      and low-risk subjects, and whether task performance under alcohol predicts future AUDs.
      Participants will be followed up after three years. The project investigates whether single
      doses of alcohol affect the conditioning of monetary reward or alcoholic stimuli, impair
      instrumental learning, and enhance stimulus-response associations. The investigators want to
      test whether individual performance parameters are related to other risk factors for AUDs,
      e.g. family history of alcoholism or impulsivity.
    </textblock>
  </detailed_description>
  <overall_status>Completed</overall_status>
  <start_date>June 2013</start_date>
  <completion_date type="Actual">October 2014</completion_date>
  <primary_completion_date type="Actual">October 2014</primary_completion_date>
  <phase>N/A</phase>
  <study_type>Observational</study_type>
  <has_expanded_access>No</has_expanded_access>
  <study_design_info>
    <observational_model>Cohort</observational_model>
    <time_perspective>Prospective</time_perspective>
  </study_design_info>
  <primary_outcome>
    <measure>individual learning parameters</measure>
    <time_frame>2 days at age 18</time_frame>
    <description>estimated by computational modeling of behavioral performance in learning/conditioning tasks the investigators test effects of individual parameters on actual risk factors of AUDs and future AUDs</description>
  </primary_outcome>
  <secondary_outcome>
    <measure>individual approach/avoidance reaction time differences</measure>
    <time_frame>2 days at age 18</time_frame>
    <description>individual reaction time (RT) differences between approach and avoidance of alcoholic, non-alcoholic, and monetary stimuli under alcohol vs. placebo are measured the investigators test effects of individual RT differences on actual risk factors of AUDs and future AUDs</description>
  </secondary_outcome>
  <other_outcome>
    <measure>lexical decision task performance</measure>
    <time_frame>2 days at age 18</time_frame>
    <description>when deciding whether a word is a real word or not, accuracy should go down and reaction times up when people are alcoholized vs. sober the variable is used as a measure for general impairment of decision making and RT under alcohol</description>
  </other_outcome>
  <number_of_groups>1</number_of_groups>
  <enrollment type="Actual">75</enrollment>
  <condition>Alcoholism</condition>
  <arm_group>
    <arm_group_label>healthy 18 year old males</arm_group_label>
  </arm_group>
  <eligibility>
    <study_pop>
      <textblock>
        random sampling of representative sample of 18 year old men in the area of Dresden
      </textblock>
    </study_pop>
    <sampling_method>Probability Sample</sampling_method>
    <criteria>
      <textblock>
        Inclusion Criteria:

          -  men at age 18

          -  signed informed consent

          -  social drinking in the three months before participation participation, defined by at
             least two drinking days in any four weeks-interval

          -  ability to provide AUD information about biological parents and grandparents

        Exclusion Criteria:

          -  lifetime history of Diagnostic Statistical Manual-IV bipolar or psychotic disorder

          -  current diagnosis of one of the following disorders: major depressive disorder,
             generalized anxiety disorder, PTSD, borderline personality disorder, or
             obsessive-compulsive disorder

          -  prior treatment for any axis-I or axis-II disorder except for specific disorders of
             childhood and adolescence (i.e., oppositional defiant disorder, conduct disorder,
             ADHD)

          -  history of substance dependence other than nicotine dependence

          -  current substance use other than nicotine and alcohol as evinced by positive urine
             screen

          -  history of severe head trauma or other severe central neurological disorder (e.g.
             multiple sclerosis)

          -  alcohol intake in the last 24 hours before test days

          -  use of medications or drugs known to interact with the central nervous system within
             the last 10 days or at least four half-lives post last intake
      </textblock>
    </criteria>
    <gender>Male</gender>
    <minimum_age>18 Years</minimum_age>
    <maximum_age>18 Years</maximum_age>
    <healthy_volunteers>Accepts Healthy Volunteers</healthy_volunteers>
  </eligibility>
  <overall_official>
    <last_name>Ulrich Zimmermann, PD Dr.</last_name>
    <role>Principal Investigator</role>
    <affiliation>University Hospital Carl Gustav Carus at TU Dresden</affiliation>
  </overall_official>
  <overall_official>
    <last_name>Michael Smolka, Prof. Dr.</last_name>
    <role>Principal Investigator</role>
    <affiliation>Section of Systems Neuroscience at TU Dresden</affiliation>
  </overall_official>
  <overall_official>
    <last_name>Hans-Ulrich Wittchen, Prof. Dr.</last_name>
    <role>Study Chair</role>
    <affiliation>TU Dresden</affiliation>
  </overall_official>
  <overall_official>
    <last_name>Andreas Heinz, Prof. Dr.</last_name>
    <role>Study Chair</role>
    <affiliation>Charite University, Berlin, Germany</affiliation>
  </overall_official>
  <location>
    <facility>
      <name>University Hospital Carl Gustav Carus</name>
      <address>
        <city>Dresden</city>
        <state>Saxony</state>
        <zip>01307</zip>
        <country>Germany</country>
      </address>
    </facility>
  </location>
  <location_countries>
    <country>Germany</country>
  </location_countries>
  <verification_date>February 2015</verification_date>
  <lastchanged_date>February 11, 2015</lastchanged_date>
  <firstreceived_date>May 17, 2013</firstreceived_date>
  <responsible_party>
    <responsible_party_type>Sponsor</responsible_party_type>
  </responsible_party>
  <keyword>CAIS Computer Assisted Infusion System</keyword>
  <keyword>real life drinking behavior</keyword>
  <keyword>family history of alcoholism</keyword>
  <keyword>conditioning</keyword>
  <keyword>instrumental learning</keyword>
  <keyword>habitization</keyword>
  <condition_browse>
    <!-- CAUTION:  The following MeSH terms are assigned with an imperfect algorithm            -->
    <mesh_term>Alcoholism</mesh_term>
  </condition_browse>
  <!-- Results have not yet been posted for this study                                          -->
</clinical_study>

