<?xml version="1.0" encoding="UTF-8"?>
<clinical_study rank="5">
  <!-- This xml conforms to an XML Schema at:
    https://clinicaltrials.gov/ct2/html/images/info/public.xsd -->
  <required_header>
    <download_date>ClinicalTrials.gov processed this data on August 08, 2017</download_date>
    <link_text>Link to the current ClinicalTrials.gov record.</link_text>
    <url>https://clinicaltrials.gov/show/NCT00695500</url>
  </required_header>
  <id_info>
    <org_study_id>080137</org_study_id>
    <secondary_id>08-AA-0137</secondary_id>
    <nct_id>NCT00695500</nct_id>
  </id_info>
  <brief_title>Varenicline to Reduce Alcohol Consumption in Heavy Drinkers</brief_title>
  <official_title>A Randomized, Double-blind, Placebo Controlled Trial (RCT) of Varenicline to Reduce Alcohol Consumption in Heavy Drinkers</official_title>
  <sponsors>
    <lead_sponsor>
      <agency>Vijay Ramchandani, Ph.D.</agency>
      <agency_class>NIH</agency_class>
    </lead_sponsor>
    <collaborator>
      <agency>National Institute on Alcohol Abuse and Alcoholism (NIAAA)</agency>
      <agency_class>NIH</agency_class>
    </collaborator>
  </sponsors>
  <source>National Institutes of Health Clinical Center (CC)</source>
  <oversight_info>
    <has_dmc>No</has_dmc>
  </oversight_info>
  <brief_summary>
    <textblock>
      This study will determine whether varenicline, a drug that acts on the brain's nicotine
      receptors and is used to help smokers stop smoking, will have an impact on alcohol
      self-administration.

      People between 24 and 60 years of age who regularly consume alcoholic drinks (more than 15
      drinks per week for women, and more than 20 drinks per week for men) may be eligible for this
      study. The study requires five outpatient visits and one overnight hospital admission at the
      NIH Clinical Center.

      Participants undergo the following procedures:

      Visit 1 (outpatient: 4-5 hours)

        -  Standard assessments, including vital signs measurements, breathalyzer test, blood and
           urine tests (including pregnancy test for females), questionnaires about mood, symptoms,
           alcohol use and smoking, if applicable

        -  Questionnaires about medical and psychological status

        -  Health assessment and assessment of alcohol drinking behavior

      Visit 2 (outpatient: 8 hours)

        -  Standard assessments (see above)

        -  Computer-Assisted Self-infusion of Ethanol (CASE) session: Subjects will receive a
           priming intravenous infusion of alcohol. After 25 min, they will be allowed to give
           themselves additional exposures of alcohol over a period of 2 hours by pressing a button
           on a computer that controls the infusion pump.

      Visit 3 (outpatient: 2 hours)

      -Standard assessments

      Visit 4 (outpatient: 8 hours)

        -  Standard assessments

        -  Brain functional magnetic resonance imaging scan (MRI). This test uses a magnetic field
           and radio waves to produce images of the brain. The patient lies on a table that can
           slide in and out of the scanner, wearing earplugs to muffle loud sounds that occur
           during the scanning process. Initial pictures are taken of the brain's structure and
           additional scans measure brain activity while the subject performs simple tasks.

        -  Alcohol Infusion. Subjects receive an intravenous infusion of alcohol while in the MRI
           scanner to measure the brain s response to alcohol.

      Visit 5 (overnight)

        -  Standard assessments

        -  Repeat CASE session

        -  Interview about the subject's experiences participating in the protocol, including any
           symptoms and urges to drink

      Visit 6 (outpatient)

        -  Standard assessments (without blood tests)

        -  Interview about participation in the study

      Telephone follow-up

      After 3 weeks, subjects are called to check on their symptoms and gather information on their
      drinking and, if applicable, smoking.
    </textblock>
  </brief_summary>
  <detailed_description>
    <textblock>
      Objective:

      Considerable clinical and experimental evidence in humans and animal models links nicotine
      use with heavy alcohol consumption. Varenicline, an alpha4beta2 (nicotinic) acetylcholine
      receptor (nAchR) partial agonist, is an oral medication approved by the FDA (2006) for
      smoking cessation. Recently, it has been shown to reduce alcohol consumption in a rodent
      model of alcohol dependence. In the present short-term experimental study, it will be
      assessed primarily for its ability to reduce alcohol self-administration in heavy drinkers.
      Secondarily, its effects on alcohol urges (cravings), as well as smoking parameters will be
      measured. In addition, effects of varenicline on incentive motivation for alcohol and the
      underlying brain reward system activation, as well as on activation of brain reward systems
      in response to intravenously administered alcohol will be measured.

      Study Population:

      Fifty healthy, adults (smokers and non-smokers), age 21 to 60 years, will be studied.
      Individuals must drink alcohol regularly at a heavy level, on average greater than 20 drinks
      per week for men, and greater than 15 drinks per week for women, and not be seeking help for
      alcohol-related problems.

      Design:

      Following protocol screening and medical evaluation, qualified subjects will undergo an
      initial ( pre-study drug ) intravenous alcohol self-administration session (hereafter, called
      computer-assisted self-infusion of ethanol, or CASE). Following this, subjects will be
      randomized to varenicline or placebo. Subjects will be clinically evaluated on three
      occasions while on study drug: once after one week of study medication; again, prior to the
      fMRI; and again, at the end of treatment, when they undergo the second ( on-study drug ) CASE
      session. Between days 13 and 21, all subjects will be scheduled to undergo functional
      magnetic resonance imaging (fMRI) of the brain while performing a task designed to evaluate
      the incentive salience for alcohol cues as well as the pharmacological effects of alcohol.
      Thereafter, all subjects will receive two courses of counseling for heavy drinking, using
      motivational enhancement techniques, aimed at enhancing their readiness for behavioral change
      and seeking treatment, if needed.

      Outcome Measures:

      The primary outcome will be the peak breath alcohol exposure achieved during the on-study
      drug CASE session. Secondary outcomes during the study drug phase will include measures of
      alcohol consumption, and urges to drink, as well as alcohol cravings and effects during the
      on-study drug CASE session. Additionally, fMRI BOLD responses in the ventral striatum, an
      area involved in brain reward circuitry and shown to be activated by acute IV alcohol
      administration as well as anticipation of working for reward will be measured. In smokers,
      cigarette use and quite rates as well as urges to smoke and nicotine withdrawal will also be
      measured. Safety and tolerability will be followed during the course of taking study drug
      with symptom checklists, profiles of mood and anxiety and by clinical interview. Serum
      varenicline concentrations will also be measured to assess compliance and control for
      potential pharmacokinetic variation.
    </textblock>
  </detailed_description>
  <overall_status>Completed</overall_status>
  <start_date>June 2008</start_date>
  <completion_date type="Actual">June 2015</completion_date>
  <primary_completion_date type="Actual">July 2014</primary_completion_date>
  <phase>Phase 1/Phase 2</phase>
  <study_type>Interventional</study_type>
  <has_expanded_access>No</has_expanded_access>
  <study_design_info>
    <allocation>Randomized</allocation>
    <intervention_model>Parallel Assignment</intervention_model>
    <primary_purpose>Treatment</primary_purpose>
    <masking>Double Blind (Participant, Investigator)</masking>
  </study_design_info>
  <primary_outcome>
    <measure>Alcohol Consumption</measure>
    <time_frame>2.5 hr session following 3 weeks of treatment</time_frame>
    <description>Peak Breath Alcohol Concentration during IV alcohol self-administration</description>
  </primary_outcome>
  <secondary_outcome>
    <measure>Alcohol Urges</measure>
    <time_frame>2.5 hr session following 3 weeks of treatment</time_frame>
    <description>Peak Alcohol Urge Questionnaire Score during IV alcohol self-administration. Scale: Alcohol Urge Questionnaire. Contains 8 items, each item scored on a likert scale from 1 to 7.
Range: Total scores range between 8 and 64. Higher scores indicate higher urges for alcohol.</description>
  </secondary_outcome>
  <other_outcome>
    <measure>BOLD Response to Alcohol Cue</measure>
    <time_frame>fMRI session following 2 weeks of treatment</time_frame>
    <description>Percent BOLD signal change during Alcohol Food Incentive Delay Task (Alcohol - Neutral)</description>
  </other_outcome>
  <number_of_arms>2</number_of_arms>
  <enrollment type="Actual">50</enrollment>
  <condition>Alcohol Drinking</condition>
  <arm_group>
    <arm_group_label>Varenicline</arm_group_label>
    <arm_group_type>Experimental</arm_group_type>
    <description>Varenicline tablets, 2 mg per day for 3 weeks</description>
  </arm_group>
  <arm_group>
    <arm_group_label>Placebo</arm_group_label>
    <arm_group_type>Placebo Comparator</arm_group_type>
    <description>Placebo tablets, 0 mg per day for 3 weeks</description>
  </arm_group>
  <intervention>
    <intervention_type>Drug</intervention_type>
    <intervention_name>Varenicline</intervention_name>
    <description>Varenicline tablets, 2 mg per day for 3 weeks</description>
    <arm_group_label>Varenicline</arm_group_label>
  </intervention>
  <intervention>
    <intervention_type>Drug</intervention_type>
    <intervention_name>Placebo</intervention_name>
    <description>Placebo tablets, 0 mg per day for 3 weeks</description>
    <arm_group_label>Placebo</arm_group_label>
  </intervention>
  <eligibility>
    <criteria>
      <textblock>
        -  INCLUSION CRITERIA:

          -  Age 21 to 60 years of age.

          -  In good health.

          -  Drink a weekly average of 15 and 20 standard alcoholic drinks (12 gm
             ethanol/beverage), respectively, for women and men.

          -  Have a working phone number.

        EXCLUSION CRITERIA:

          -  Currently seeking help for an alcohol problem.

          -  Subjects with clinically significant alcohol withdrawal.

          -  More than thirty days of abstinence from alcohol in the ninety days prior to
             enrollment.

          -  A positive breath alcohol concentration (BrAC) at the first visit

          -  A history of major alcohol-related complications at any time, such as pancreatitis.

          -  Any serious cardiovascular condition or high risk factors, evidenced by any of the
             following:

               -  Current or past diagnosis of coronary artery disease (such as ischemia, angina,
                  congestive heart failure, myocardial infarction) or peripheral arterial disease;

               -  Current or past diagnosis of diabetes, or casual glucose level &gt; 200 mg/dl;

               -  Elevated blood pressure (above 160/100) at screening,

               -  Elevated lipid levels: LDL &gt; 160 mg/dL, HDL &lt; 40 mg/dL for males or &lt; 45 mg/dL
                  for females;

               -  Clinically significant ECG abnormalities or unstable arrhythmias.

               -  Contraindication(s) to take the study medication as listed in the package insert.

          -  Contraindication(s) to take the study medication as listed in the package insert.

          -  Psychiatric problems requiring clinical attention: a current or past diagnosis of
             major depression, panic disorder, eating disorders, post traumatic stress disorder,
             schizophrenia, bipolar disorder, or obsessive compulsive disorder. Individuals who
             report lifetime (past or current) history of suicidal ideation, suicide attempts or
             self injury.

          -  Recent (within the last two months) or regular use of illicit or non-prescribed
             psycho-active substances such as opiates, benzodiazepines, cocaine, PCP,
             methamphetamines/other psychostimulants or marijuana.

          -  Psycho-social instability (e.g. no fixed address, no reliable secondary person to
             contact in case of an emergency).

          -  Women who are lactating, are trying to become pregnant or who are not willing to
             practice safe and effective birth control.

          -  Moderate-to-severe renal impairment defined as estimated or measured creatinine
             clearance less than 30 mL/min.

          -  Use of bupropion or nicotine replacement therapy within 90 days of the protocol,
             inhibitors/substrates for renal cationic transporters, or medications contraindicated
             with ethanol.

          -  Exclusion criteria for MRI scanning, including metal in body (such as implants,
             pacemaker, prostheses, shrapnel, irremovable piercing), left-handedness, and
             claustrophobia.

          -  A history of violence or aggression, assessed as part of the clinical interview at
             screening visit.
      </textblock>
    </criteria>
    <gender>All</gender>
    <minimum_age>21 Years</minimum_age>
    <maximum_age>60 Years</maximum_age>
    <healthy_volunteers>No</healthy_volunteers>
  </eligibility>
  <overall_official>
    <last_name>Vijay A Ramchandani, Ph.D.</last_name>
    <role>Principal Investigator</role>
    <affiliation>National Institute on Alcohol Abuse and Alcoholism (NIAAA)</affiliation>
  </overall_official>
  <location>
    <facility>
      <name>National Institutes of Health Clinical Center, 9000 Rockville Pike</name>
      <address>
        <city>Bethesda</city>
        <state>Maryland</state>
        <zip>20892</zip>
        <country>United States</country>
      </address>
    </facility>
  </location>
  <location_countries>
    <country>United States</country>
  </location_countries>
  <reference>
    <citation>Lachin JM, Matts JP, Wei LJ. Randomization in clinical trials: conclusions and recommendations. Control Clin Trials. 1988 Dec;9(4):365-74.</citation>
    <PMID>3203526</PMID>
  </reference>
  <reference>
    <citation>Wei LJ, Lachin JM. Properties of the urn randomization in clinical trials. Control Clin Trials. 1988 Dec;9(4):345-64. Erratum in: Controlled Clin Trials 1989 Mar;10(1):following 126.</citation>
    <PMID>3203525</PMID>
  </reference>
  <reference>
    <citation>Falk DE, Yi HY, Hiller-Sturmhöfel S. An epidemiologic analysis of co-occurring alcohol and tobacco use and disorders: findings from the National Epidemiologic Survey on Alcohol and Related Conditions. Alcohol Res Health. 2006;29(3):162-71.</citation>
    <PMID>17373404</PMID>
  </reference>
  <verification_date>July 2016</verification_date>
  <lastchanged_date>July 5, 2016</lastchanged_date>
  <firstreceived_date>June 11, 2008</firstreceived_date>
  <firstreceived_results_date>April 5, 2016</firstreceived_results_date>
  <responsible_party>
    <responsible_party_type>Sponsor-Investigator</responsible_party_type>
    <investigator_affiliation>National Institute on Alcohol Abuse and Alcoholism (NIAAA)</investigator_affiliation>
    <investigator_full_name>Vijay Ramchandani, Ph.D.</investigator_full_name>
    <investigator_title>Clinical Investigator and Chief, Section on Human Psychopharmacology</investigator_title>
  </responsible_party>
  <keyword>Varenicline</keyword>
  <keyword>Alcohol</keyword>
  <keyword>Alcohol Use</keyword>
  <condition_browse>
    <!-- CAUTION:  The following MeSH terms are assigned with an imperfect algorithm            -->
    <mesh_term>Alcohol Drinking</mesh_term>
    <mesh_term>Alcoholic Intoxication</mesh_term>
  </condition_browse>
  <intervention_browse>
    <!-- CAUTION:  The following MeSH terms are assigned with an imperfect algorithm            -->
    <mesh_term>Ethanol</mesh_term>
    <mesh_term>Varenicline</mesh_term>
  </intervention_browse>
  <patient_data>
    <sharing_ipd>No</sharing_ipd>
  </patient_data>

  <clinical_results>

    <participant_flow>
      <pre_assignment_details>Four participants were enrolled (consented) but withdrew prior to group assignment.</pre_assignment_details>
      <group_list>
        <group group_id="P1">
          <title>Varenicline</title>
          <description>Varenicline tablets, 2 mg per day for 3 weeks</description>
        </group>
        <group group_id="P2">
          <title>Placebo</title>
          <description>Placebo tablets, 0 mg per day for 3 weeks</description>
        </group>
      </group_list>
      <period_list>
        <period>
          <title>Overall Study</title>
          <milestone_list>
            <milestone>
              <title>STARTED</title>
              <participants_list>
                <participants group_id="P1" count="24"/>
                <participants group_id="P2" count="22"/>
              </participants_list>
            </milestone>
            <milestone>
              <title>COMPLETED</title>
              <participants_list>
                <participants group_id="P1" count="21"/>
                <participants group_id="P2" count="17"/>
              </participants_list>
            </milestone>
            <milestone>
              <title>NOT COMPLETED</title>
              <participants_list>
                <participants group_id="P1" count="3"/>
                <participants group_id="P2" count="5"/>
              </participants_list>
            </milestone>
          </milestone_list>
        </period>
      </period_list>
    </participant_flow>

    <baseline>
      <group_list>
        <group group_id="B1">
          <title>Varenicline</title>
          <description>Varenicline tablets, 2 mg per day for 3 weeks</description>
        </group>
        <group group_id="B2">
          <title>Placebo</title>
          <description>Placebo tablets, 0 mg per day for 3 weeks</description>
        </group>
        <group group_id="B3">
          <title>Total</title>
          <description>Total of all reporting groups</description>
        </group>
      </group_list>
      <analyzed_list>
        <analyzed>
          <units>Participants</units>
          <scope>Overall</scope>
          <count_list>
            <count group_id="B1" value="24"/>
            <count group_id="B2" value="22"/>
            <count group_id="B3" value="46"/>
          </count_list>
        </analyzed>
      </analyzed_list>
      <measure_list>
        <measure>
          <title>Age</title>
          <units>Participants</units>
          <param>Number</param>
          <class_list>
            <class>
              <title>&lt;=18 years</title>
              <category_list>
                <category>
                  <measurement_list>
                    <measurement group_id="B1" value="2"/>
                    <measurement group_id="B2" value="1"/>
                    <measurement group_id="B3" value="3"/>
                  </measurement_list>
                </category>
              </category_list>
            </class>
            <class>
              <title>Between 18 and 65 years</title>
              <category_list>
                <category>
                  <measurement_list>
                    <measurement group_id="B1" value="22"/>
                    <measurement group_id="B2" value="21"/>
                    <measurement group_id="B3" value="43"/>
                  </measurement_list>
                </category>
              </category_list>
            </class>
            <class>
              <title>&gt;=65 years</title>
              <category_list>
                <category>
                  <measurement_list>
                    <measurement group_id="B1" value="0"/>
                    <measurement group_id="B2" value="0"/>
                    <measurement group_id="B3" value="0"/>
                  </measurement_list>
                </category>
              </category_list>
            </class>
          </class_list>
        </measure>
        <measure>
          <title>Gender</title>
          <units>Participants</units>
          <param>Number</param>
          <class_list>
            <class>
              <title>Female</title>
              <category_list>
                <category>
                  <measurement_list>
                    <measurement group_id="B1" value="5"/>
                    <measurement group_id="B2" value="4"/>
                    <measurement group_id="B3" value="9"/>
                  </measurement_list>
                </category>
              </category_list>
            </class>
            <class>
              <title>Male</title>
              <category_list>
                <category>
                  <measurement_list>
                    <measurement group_id="B1" value="19"/>
                    <measurement group_id="B2" value="18"/>
                    <measurement group_id="B3" value="37"/>
                  </measurement_list>
                </category>
              </category_list>
            </class>
          </class_list>
        </measure>
        <measure>
          <title>Ethnicity (NIH/OMB)</title>
          <units>Participants</units>
          <param>Number</param>
          <class_list>
            <class>
              <title>Hispanic or Latino</title>
              <category_list>
                <category>
                  <measurement_list>
                    <measurement group_id="B1" value="1"/>
                    <measurement group_id="B2" value="1"/>
                    <measurement group_id="B3" value="2"/>
                  </measurement_list>
                </category>
              </category_list>
            </class>
            <class>
              <title>Not Hispanic or Latino</title>
              <category_list>
                <category>
                  <measurement_list>
                    <measurement group_id="B1" value="23"/>
                    <measurement group_id="B2" value="21"/>
                    <measurement group_id="B3" value="44"/>
                  </measurement_list>
                </category>
              </category_list>
            </class>
            <class>
              <title>Unknown or Not Reported</title>
              <category_list>
                <category>
                  <measurement_list>
                    <measurement group_id="B1" value="0"/>
                    <measurement group_id="B2" value="0"/>
                    <measurement group_id="B3" value="0"/>
                  </measurement_list>
                </category>
              </category_list>
            </class>
          </class_list>
        </measure>
        <measure>
          <title>Race (NIH/OMB)</title>
          <units>Participants</units>
          <param>Number</param>
          <class_list>
            <class>
              <title>American Indian or Alaska Native</title>
              <category_list>
                <category>
                  <measurement_list>
                    <measurement group_id="B1" value="0"/>
                    <measurement group_id="B2" value="0"/>
                    <measurement group_id="B3" value="0"/>
                  </measurement_list>
                </category>
              </category_list>
            </class>
            <class>
              <title>Asian</title>
              <category_list>
                <category>
                  <measurement_list>
                    <measurement group_id="B1" value="1"/>
                    <measurement group_id="B2" value="0"/>
                    <measurement group_id="B3" value="1"/>
                  </measurement_list>
                </category>
              </category_list>
            </class>
            <class>
              <title>Native Hawaiian or Other Pacific Islander</title>
              <category_list>
                <category>
                  <measurement_list>
                    <measurement group_id="B1" value="0"/>
                    <measurement group_id="B2" value="0"/>
                    <measurement group_id="B3" value="0"/>
                  </measurement_list>
                </category>
              </category_list>
            </class>
            <class>
              <title>Black or African American</title>
              <category_list>
                <category>
                  <measurement_list>
                    <measurement group_id="B1" value="9"/>
                    <measurement group_id="B2" value="11"/>
                    <measurement group_id="B3" value="20"/>
                  </measurement_list>
                </category>
              </category_list>
            </class>
            <class>
              <title>White</title>
              <category_list>
                <category>
                  <measurement_list>
                    <measurement group_id="B1" value="14"/>
                    <measurement group_id="B2" value="9"/>
                    <measurement group_id="B3" value="23"/>
                  </measurement_list>
                </category>
              </category_list>
            </class>
            <class>
              <title>More than one race</title>
              <category_list>
                <category>
                  <measurement_list>
                    <measurement group_id="B1" value="0"/>
                    <measurement group_id="B2" value="2"/>
                    <measurement group_id="B3" value="2"/>
                  </measurement_list>
                </category>
              </category_list>
            </class>
            <class>
              <title>Unknown or Not Reported</title>
              <category_list>
                <category>
                  <measurement_list>
                    <measurement group_id="B1" value="0"/>
                    <measurement group_id="B2" value="0"/>
                    <measurement group_id="B3" value="0"/>
                  </measurement_list>
                </category>
              </category_list>
            </class>
          </class_list>
        </measure>
      </measure_list>
    </baseline>

    <outcome_list>
      <outcome>
        <type>Primary</type>
        <title>Alcohol Consumption</title>
        <description>Peak Breath Alcohol Concentration during IV alcohol self-administration</description>
        <time_frame>2.5 hr session following 3 weeks of treatment</time_frame>
        <population>sample that completed the assessment</population>
        <group_list>
          <group group_id="O1">
            <title>Varenicline</title>
            <description>Varenicline tablets, 2 mg per day for 3 weeks</description>
          </group>
          <group group_id="O2">
            <title>Placebo</title>
            <description>Placebo tablets, 0 mg per day for 3 weeks</description>
          </group>
        </group_list>
        <measure>
          <title>Alcohol Consumption</title>
          <description>Peak Breath Alcohol Concentration during IV alcohol self-administration</description>
          <population>sample that completed the assessment</population>
          <units>mg/%</units>
          <param>Mean</param>
          <dispersion>Standard Error</dispersion>
          <analyzed_list>
            <analyzed>
              <units>Participants</units>
              <scope>Measure</scope>
              <count_list>
                <count group_id="O1" value="16"/>
                <count group_id="O2" value="12"/>
              </count_list>
            </analyzed>
          </analyzed_list>
          <class_list>
            <class>
              <category_list>
                <category>
                  <measurement_list>
                    <measurement group_id="O1" value="92.0" spread="11.6"/>
                    <measurement group_id="O2" value="77.3" spread="13.5"/>
                  </measurement_list>
                </category>
              </category_list>
            </class>
          </class_list>
        </measure>
      </outcome>
      <outcome>
        <type>Secondary</type>
        <title>Alcohol Urges</title>
        <description>Peak Alcohol Urge Questionnaire Score during IV alcohol self-administration. Scale: Alcohol Urge Questionnaire. Contains 8 items, each item scored on a likert scale from 1 to 7.
Range: Total scores range between 8 and 64. Higher scores indicate higher urges for alcohol.</description>
        <time_frame>2.5 hr session following 3 weeks of treatment</time_frame>
        <population>sample that completed the assessment</population>
        <group_list>
          <group group_id="O1">
            <title>Varenicline</title>
            <description>Varenicline tablets, 2 mg per day for 3 weeks</description>
          </group>
          <group group_id="O2">
            <title>Placebo</title>
            <description>Placebo tablets, 0 mg per day for 3 weeks</description>
          </group>
        </group_list>
        <measure>
          <title>Alcohol Urges</title>
          <description>Peak Alcohol Urge Questionnaire Score during IV alcohol self-administration. Scale: Alcohol Urge Questionnaire. Contains 8 items, each item scored on a likert scale from 1 to 7.
Range: Total scores range between 8 and 64. Higher scores indicate higher urges for alcohol.</description>
          <population>sample that completed the assessment</population>
          <units>Units on a scale</units>
          <param>Mean</param>
          <dispersion>Standard Error</dispersion>
          <analyzed_list>
            <analyzed>
              <units>Participants</units>
              <scope>Measure</scope>
              <count_list>
                <count group_id="O1" value="16"/>
                <count group_id="O2" value="12"/>
              </count_list>
            </analyzed>
          </analyzed_list>
          <class_list>
            <class>
              <category_list>
                <category>
                  <measurement_list>
                    <measurement group_id="O1" value="23.65" spread="2.74"/>
                    <measurement group_id="O2" value="26.82" spread="3.70"/>
                  </measurement_list>
                </category>
              </category_list>
            </class>
          </class_list>
        </measure>
      </outcome>
      <outcome>
        <type>Other Pre-specified</type>
        <title>BOLD Response to Alcohol Cue</title>
        <description>Percent BOLD signal change during Alcohol Food Incentive Delay Task (Alcohol - Neutral)</description>
        <time_frame>fMRI session following 2 weeks of treatment</time_frame>
        <population>sample that completed the assessment</population>
        <group_list>
          <group group_id="O1">
            <title>Varenicline</title>
            <description>Varenicline tablets, 2 mg per day for 3 weeks</description>
          </group>
          <group group_id="O2">
            <title>Placebo</title>
            <description>Placebo tablets, 0 mg per day for 3 weeks</description>
          </group>
        </group_list>
        <measure>
          <title>BOLD Response to Alcohol Cue</title>
          <description>Percent BOLD signal change during Alcohol Food Incentive Delay Task (Alcohol - Neutral)</description>
          <population>sample that completed the assessment</population>
          <units>Percent Signal Change</units>
          <param>Mean</param>
          <dispersion>Standard Error</dispersion>
          <analyzed_list>
            <analyzed>
              <units>Participants</units>
              <scope>Measure</scope>
              <count_list>
                <count group_id="O1" value="16"/>
                <count group_id="O2" value="12"/>
              </count_list>
            </analyzed>
          </analyzed_list>
          <class_list>
            <class>
              <category_list>
                <category>
                  <measurement_list>
                    <measurement group_id="O1" value="-0.021" spread="0.051"/>
                    <measurement group_id="O2" value="0.194" spread="0.080"/>
                  </measurement_list>
                </category>
              </category_list>
            </class>
          </class_list>
        </measure>
      </outcome>
    </outcome_list>

    <reported_events>
      <time_frame>6 weeks</time_frame>
      <group_list>
        <group group_id="E1">
          <title>Varenicline</title>
          <description>Varenicline tablets, 2 mg per day for 3 weeks</description>
        </group>
        <group group_id="E2">
          <title>Placebo</title>
          <description>Placebo tablets, 0 mg per day for 3 weeks</description>
        </group>
      </group_list>
      <serious_events>
        <category_list>
          <category>
            <title>Total</title>
            <event_list>
              <event>
                <sub_title>Total, serious adverse events</sub_title>
                <counts group_id="E1" subjects_affected="0" subjects_at_risk="24"/>
                <counts group_id="E2" subjects_affected="0" subjects_at_risk="22"/>
              </event>
            </event_list>
          </category>
        </category_list>
      </serious_events>
      <other_events>
        <frequency_threshold>4</frequency_threshold>
        <default_assessment>Systematic Assessment</default_assessment>
        <category_list>
          <category>
            <title>Total</title>
            <event_list>
              <event>
                <sub_title>Total, other adverse events</sub_title>
                <counts group_id="E1" subjects_affected="21" subjects_at_risk="24"/>
                <counts group_id="E2" subjects_affected="18" subjects_at_risk="22"/>
              </event>
            </event_list>
          </category>
          <category>
            <title>Cardiac disorders</title>
            <event_list>
              <event>
                <sub_title>Chest pain - cardiac</sub_title>
                <counts group_id="E1" subjects_affected="4" subjects_at_risk="24"/>
                <counts group_id="E2" subjects_affected="1" subjects_at_risk="22"/>
              </event>
              <event>
                <sub_title>Palpitations</sub_title>
                <counts group_id="E1" subjects_affected="2" subjects_at_risk="24"/>
                <counts group_id="E2" subjects_affected="4" subjects_at_risk="22"/>
              </event>
            </event_list>
          </category>
          <category>
            <title>Gastrointestinal disorders</title>
            <event_list>
              <event>
                <sub_title>Constipation</sub_title>
                <counts group_id="E1" subjects_affected="7" subjects_at_risk="24"/>
                <counts group_id="E2" subjects_affected="6" subjects_at_risk="22"/>
              </event>
              <event>
                <sub_title>Diarrhea</sub_title>
                <counts group_id="E1" subjects_affected="6" subjects_at_risk="24"/>
                <counts group_id="E2" subjects_affected="3" subjects_at_risk="22"/>
              </event>
              <event>
                <sub_title>Flatulence</sub_title>
                <counts group_id="E1" subjects_affected="10" subjects_at_risk="24"/>
                <counts group_id="E2" subjects_affected="5" subjects_at_risk="22"/>
              </event>
              <event>
                <sub_title>Nausea</sub_title>
                <counts group_id="E1" subjects_affected="14" subjects_at_risk="24"/>
                <counts group_id="E2" subjects_affected="6" subjects_at_risk="22"/>
              </event>
              <event>
                <sub_title>Stomach pain</sub_title>
                <counts group_id="E1" subjects_affected="6" subjects_at_risk="24"/>
                <counts group_id="E2" subjects_affected="4" subjects_at_risk="22"/>
              </event>
            </event_list>
          </category>
          <category>
            <title>General disorders</title>
            <event_list>
              <event>
                <sub_title>Irritability</sub_title>
                <counts group_id="E1" subjects_affected="6" subjects_at_risk="24"/>
                <counts group_id="E2" subjects_affected="4" subjects_at_risk="22"/>
              </event>
            </event_list>
          </category>
          <category>
            <title>Metabolism and nutrition disorders</title>
            <event_list>
              <event>
                <sub_title>Anorexia</sub_title>
                <counts group_id="E1" subjects_affected="6" subjects_at_risk="24"/>
                <counts group_id="E2" subjects_affected="0" subjects_at_risk="22"/>
              </event>
            </event_list>
          </category>
          <category>
            <title>Musculoskeletal and connective tissue disorders</title>
            <event_list>
              <event>
                <sub_title>Back pain</sub_title>
                <counts group_id="E1" subjects_affected="11" subjects_at_risk="24"/>
                <counts group_id="E2" subjects_affected="7" subjects_at_risk="22"/>
              </event>
              <event>
                <sub_title>Pain in extremity</sub_title>
                <counts group_id="E1" subjects_affected="5" subjects_at_risk="24"/>
                <counts group_id="E2" subjects_affected="6" subjects_at_risk="22"/>
              </event>
            </event_list>
          </category>
          <category>
            <title>Nervous system disorders</title>
            <event_list>
              <event>
                <sub_title>Headache</sub_title>
                <counts group_id="E1" subjects_affected="11" subjects_at_risk="24"/>
                <counts group_id="E2" subjects_affected="8" subjects_at_risk="22"/>
              </event>
              <event>
                <sub_title>Lethargy</sub_title>
                <counts group_id="E1" subjects_affected="13" subjects_at_risk="24"/>
                <counts group_id="E2" subjects_affected="11" subjects_at_risk="22"/>
              </event>
              <event>
                <sub_title>Memory impairment</sub_title>
                <counts group_id="E1" subjects_affected="11" subjects_at_risk="24"/>
                <counts group_id="E2" subjects_affected="9" subjects_at_risk="22"/>
              </event>
              <event>
                <sub_title>Somnolence</sub_title>
                <counts group_id="E1" subjects_affected="7" subjects_at_risk="24"/>
                <counts group_id="E2" subjects_affected="6" subjects_at_risk="22"/>
              </event>
            </event_list>
          </category>
          <category>
            <title>Psychiatric disorders</title>
            <event_list>
              <event>
                <sub_title>Agitation</sub_title>
                <counts group_id="E1" subjects_affected="1" subjects_at_risk="24"/>
                <counts group_id="E2" subjects_affected="3" subjects_at_risk="22"/>
              </event>
              <event>
                <sub_title>Anxiety</sub_title>
                <counts group_id="E1" subjects_affected="8" subjects_at_risk="24"/>
                <counts group_id="E2" subjects_affected="7" subjects_at_risk="22"/>
              </event>
              <event>
                <sub_title>Psychiatric disorders - Other, specify</sub_title>
                <counts group_id="E1" subjects_affected="17" subjects_at_risk="24"/>
                <counts group_id="E2" subjects_affected="12" subjects_at_risk="22"/>
              </event>
            </event_list>
          </category>
          <category>
            <title>Reproductive system and breast disorders</title>
            <event_list>
              <event>
                <sub_title>Uterine pain</sub_title>
                <counts group_id="E1" subjects_affected="3" subjects_at_risk="24"/>
                <counts group_id="E2" subjects_affected="1" subjects_at_risk="22"/>
              </event>
            </event_list>
          </category>
          <category>
            <title>Respiratory, thoracic and mediastinal disorders</title>
            <event_list>
              <event>
                <sub_title>Cough</sub_title>
                <counts group_id="E1" subjects_affected="11" subjects_at_risk="24"/>
                <counts group_id="E2" subjects_affected="8" subjects_at_risk="22"/>
              </event>
              <event>
                <sub_title>Dyspnea</sub_title>
                <counts group_id="E1" subjects_affected="2" subjects_at_risk="24"/>
                <counts group_id="E2" subjects_affected="2" subjects_at_risk="22"/>
              </event>
            </event_list>
          </category>
          <category>
            <title>Skin and subcutaneous tissue disorders</title>
            <event_list>
              <event>
                <sub_title>Pruritus</sub_title>
                <counts group_id="E1" subjects_affected="4" subjects_at_risk="24"/>
                <counts group_id="E2" subjects_affected="2" subjects_at_risk="22"/>
              </event>
            </event_list>
          </category>
        </category_list>
      </other_events>
    </reported_events>

    <certain_agreements>
      <pi_employee>All Principal Investigators ARE employed by the organization sponsoring the study.</pi_employee>
      <restrictive_agreement>There is NOT an agreement between Principal Investigators and the Sponsor (or its agents) that restricts the PI's rights to discuss or publish trial results after the trial is completed. </restrictive_agreement>
    </certain_agreements>
    <limitations_and_caveats>The IV alcohol self-administration method may have shown ceiling effects limiting the interpretation of results.</limitations_and_caveats>
    <point_of_contact>
      <name_or_title>Ramchandani, Vijay</name_or_title>
      <organization>National Institute on Alcohol Abuse and Alcoholism</organization>
      <phone>+1 301 402 8527</phone>
      <email>vijayr@mail.nih.gov</email>
    </point_of_contact>
  </clinical_results>
</clinical_study>

