<?xml version="1.0" encoding="UTF-8"?>
<clinical_study rank="472">
  <!-- This xml conforms to an XML Schema at:
    https://clinicaltrials.gov/ct2/html/images/info/public.xsd -->
  <required_header>
    <download_date>ClinicalTrials.gov processed this data on September 15, 2017</download_date>
    <link_text>Link to the current ClinicalTrials.gov record.</link_text>
    <url>https://clinicaltrials.gov/show/NCT02983864</url>
  </required_header>
  <id_info>
    <org_study_id>16-F-33</org_study_id>
    <nct_id>NCT02983864</nct_id>
  </id_info>
  <brief_title>Group Alcohol Interventions for College Men</brief_title>
  <official_title>Examining an Integrated Bystander and Alcohol Program for Sexual Assault Perpetration: A Preliminary Randomized Controlled Trial</official_title>
  <sponsors>
    <lead_sponsor>
      <agency>Ohio University</agency>
      <agency_class>Other</agency_class>
    </lead_sponsor>
    <collaborator>
      <agency>U.S. Department of Justice</agency>
      <agency_class>U.S. Fed</agency_class>
    </collaborator>
  </sponsors>
  <source>Ohio University</source>
  <oversight_info>
    <has_dmc>No</has_dmc>
  </oversight_info>
  <brief_summary>
    <textblock>
      The objective of the proposed project is to conduct a randomized controlled trial (RCT)
      comparing sexual assault perpetration and related outcomes (i.e., bystander behavior; rape
      myth acceptance) for men who receive a group alcohol intervention only to men who receive a
      group integrated alcohol and sexual assault intervention.
    </textblock>
  </brief_summary>
  <overall_status>Enrolling by invitation</overall_status>
  <start_date>January 2017</start_date>
  <completion_date type="Anticipated">January 2020</completion_date>
  <primary_completion_date type="Anticipated">January 2019</primary_completion_date>
  <phase>Phase 2</phase>
  <study_type>Interventional</study_type>
  <has_expanded_access>No</has_expanded_access>
  <study_design_info>
    <allocation>Randomized</allocation>
    <intervention_model>Parallel Assignment</intervention_model>
    <primary_purpose>Treatment</primary_purpose>
    <masking>None (Open Label)</masking>
  </study_design_info>
  <primary_outcome>
    <measure>Sexual Experiences Survey</measure>
    <time_frame>6 months post-intervention</time_frame>
    <description>A self-report measure that examines potential sexual assault behaviors</description>
  </primary_outcome>
  <secondary_outcome>
    <measure>Bystander Behavior Scale</measure>
    <time_frame>6 months post-intervention</time_frame>
    <description>A self-report measure that examines opportunities and engagement in prosocial bystander behavior.</description>
  </secondary_outcome>
  <secondary_outcome>
    <measure>Illinois Rape Myth Acceptance Scale</measure>
    <time_frame>6 months post-intervention</time_frame>
    <description>A self-report measure that examines rape supportive beliefs</description>
  </secondary_outcome>
  <secondary_outcome>
    <measure>Sexual Social Norms Inventory</measure>
    <time_frame>6 months post-intervention</time_frame>
    <description>A self-report measure that examines sexual normative beliefs</description>
  </secondary_outcome>
  <secondary_outcome>
    <measure>Alcohol use Disorders Identification Test</measure>
    <time_frame>6 months post-intervention</time_frame>
    <description>A self-report measure that examines alcohol use</description>
  </secondary_outcome>
  <secondary_outcome>
    <measure>Comprehensive Effects of Alcohol</measure>
    <time_frame>6 months post-intervention</time_frame>
    <description>A self-report measure that examines expectancies of alcohol use</description>
  </secondary_outcome>
  <number_of_arms>2</number_of_arms>
  <enrollment type="Anticipated">100</enrollment>
  <condition>Alcohol Drinking</condition>
  <condition>Sexual Behavior</condition>
  <arm_group>
    <arm_group_label>Alcohol and Relaxation</arm_group_label>
    <arm_group_type>Active Comparator</arm_group_type>
    <description>This arm will receive a brief (2-hour) alcohol intervention based on motivational interviewing termed BASICS and a brief (1.5 hour) relaxation intervention</description>
  </arm_group>
  <arm_group>
    <arm_group_label>Alcohol and Relationships</arm_group_label>
    <arm_group_type>Active Comparator</arm_group_type>
    <description>This arm will receive a brief (4-hour), two session, integrated alcohol and relationship intervention based on motivational interviewing designed to increase healthy alcohol use and sexual behavior. The interventions are based on an integrated BASICS and integrated Bystander protocols</description>
  </arm_group>
  <intervention>
    <intervention_type>Behavioral</intervention_type>
    <intervention_name>BASICS</intervention_name>
    <description>A one session intervention focused on reducing drinking with motivational interviewing</description>
    <arm_group_label>Alcohol and Relaxation</arm_group_label>
  </intervention>
  <intervention>
    <intervention_type>Behavioral</intervention_type>
    <intervention_name>Integrated BASICS</intervention_name>
    <description>A one session intervention focused on reducing drinking and sexual behavior while drinking</description>
    <arm_group_label>Alcohol and Relationships</arm_group_label>
  </intervention>
  <intervention>
    <intervention_type>Behavioral</intervention_type>
    <intervention_name>Relaxation</intervention_name>
    <description>A one session intervention focused on increasing relaxation skills</description>
    <arm_group_label>Alcohol and Relaxation</arm_group_label>
  </intervention>
  <intervention>
    <intervention_type>Behavioral</intervention_type>
    <intervention_name>Integrated Bystander</intervention_name>
    <description>A one session intervention focused on reducing sexual assault with a focus on the role of alcohol</description>
    <arm_group_label>Alcohol and Relationships</arm_group_label>
  </intervention>
  <eligibility>
    <criteria>
      <textblock>
        Inclusion Criteria:

          -  Must be 18 or older; must be an Ohio University student; must be male; must be
             sanctioned to receive an alcohol intervention by Ohio University

        Exclusion Criteria:

          -  Under the age of 18
      </textblock>
    </criteria>
    <gender>Male</gender>
    <minimum_age>18 Years</minimum_age>
    <maximum_age>N/A</maximum_age>
    <healthy_volunteers>No</healthy_volunteers>
  </eligibility>
  <overall_official>
    <last_name>Ryan Shorey, PhD</last_name>
    <role>Principal Investigator</role>
    <affiliation>Ohio University</affiliation>
  </overall_official>
  <verification_date>December 2016</verification_date>
  <lastchanged_date>December 2, 2016</lastchanged_date>
  <firstreceived_date>December 1, 2016</firstreceived_date>
  <responsible_party>
    <responsible_party_type>Sponsor</responsible_party_type>
  </responsible_party>
  <condition_browse>
    <!-- CAUTION:  The following MeSH terms are assigned with an imperfect algorithm            -->
    <mesh_term>Alcohol Drinking</mesh_term>
  </condition_browse>
  <intervention_browse>
    <!-- CAUTION:  The following MeSH terms are assigned with an imperfect algorithm            -->
    <mesh_term>Ethanol</mesh_term>
  </intervention_browse>
  <patient_data>
    <sharing_ipd>No</sharing_ipd>
  </patient_data>
  <!-- Results have not yet been posted for this study                                          -->
</clinical_study>

