<?xml version="1.0" encoding="UTF-8"?>
<clinical_study rank="459">
  <!-- This xml conforms to an XML Schema at:
    https://clinicaltrials.gov/ct2/html/images/info/public.xsd -->
  <required_header>
    <download_date>ClinicalTrials.gov processed this data on August 25, 2017</download_date>
    <link_text>Link to the current ClinicalTrials.gov record.</link_text>
    <url>https://clinicaltrials.gov/show/NCT02084173</url>
  </required_header>
  <id_info>
    <org_study_id>RESCueH-Elderly</org_study_id>
    <nct_id>NCT02084173</nct_id>
  </id_info>
  <brief_title>Treatment of Alcohol Problems in the Elderly</brief_title>
  <official_title>Motivational Enhancement Therapy and Community Reinforcement Approach For Treating Alcohol Problems in the Elderly</official_title>
  <sponsors>
    <lead_sponsor>
      <agency>Kjeld Andersen</agency>
      <agency_class>Other</agency_class>
    </lead_sponsor>
    <collaborator>
      <agency>University of New Mexico</agency>
      <agency_class>Other</agency_class>
    </collaborator>
    <collaborator>
      <agency>Addiction Research Unit, Technische Universität, Dresden, Germany</agency>
      <agency_class>Other</agency_class>
    </collaborator>
    <collaborator>
      <agency>IFT Institut für Therapieforschung, München, Germany</agency>
      <agency_class>Other</agency_class>
    </collaborator>
  </sponsors>
  <source>University of Southern Denmark</source>
  <oversight_info>
    <has_dmc>No</has_dmc>
  </oversight_info>
  <brief_summary>
    <textblock>
      With the aging of western societies in the coming years combined with increasing alcohol
      consumption among elderly, the number of elderly with alcohol problems is expected to rise
      considerably.

      Elderly patients are often lonely; suffer from feelings of loss, fear to be a burden on their
      children and on society, and feel powerless. On the surface their alcohol related problems
      seem less severe that those of the middle-aged patients while in reality co-morbidity and
      social issues complicate alcohol dependency.

      Currently, no specific treatment tailored for alcohol use disorder among elderly is
      available. Consequently they receive either no treatment, are given brief advising from the
      general practitioner or are referred to treatment at specialized treatment institutions with
      no specific treatment for elderly.

      The investigators propose a study aimed at developing and testing an outpatient behavior
      therapy program for alcohol use disorders for seniors (60 years and older), which - if
      effective - can be easily implemented in routine care. Three centers from Denmark, Germany
      and USA (New Mexico) will participate. All three centers have a long and extensive experience
      with alcohol treatment and alcohol research. Patients fulfilling the DSM 5 criteria for
      alcohol use disorder are eligible for the study.

      After informed consent participants will be randomly assigned to either Motivational
      Enhancement Therapy (MET), four sessions/one session per week or MET followed by Community
      Re-enforcement Approach (CRA), eight sessions/one session per week - thus 12 weeks of
      treatment in total. 50% will receive MET and 50% MET+CRA. Primary outcome is percentage of
      patients with abstinence or controlled use (alcohol intake of equivalent blood alcohol
      content equal to or less than 0.5‰.). A total of 1000 patients will be enrolled. Participants
      will be assessed with a battery of international validated instruments measuring drinking
      pattern as well as key elements of treatment.

      Participants are assessed before initiation of treatment, at the end of MET treatment (four
      weeks), at the end of MET+CRA treatment (12 weeks), at 6 months, and at 12 months.
    </textblock>
  </brief_summary>
  <overall_status>Active, not recruiting</overall_status>
  <start_date>January 2014</start_date>
  <completion_date type="Anticipated">October 2017</completion_date>
  <primary_completion_date type="Anticipated">February 2017</primary_completion_date>
  <phase>N/A</phase>
  <study_type>Interventional</study_type>
  <has_expanded_access>No</has_expanded_access>
  <study_design_info>
    <allocation>Randomized</allocation>
    <intervention_model>Parallel Assignment</intervention_model>
    <primary_purpose>Treatment</primary_purpose>
    <masking>Single (Investigator)</masking>
  </study_design_info>
  <primary_outcome>
    <measure>Alcohol consumption 26 weeks after baseline</measure>
    <time_frame>26 weeks after baseline</time_frame>
    <description>Percentage of patients with abstinence or controlled use (daily alcohol intake equivalent to a BAC equal to or less than 0.5‰) in the last 30 days at 26 weeks after start of treatment. Measured by Form90</description>
  </primary_outcome>
  <secondary_outcome>
    <measure>Abstinence or controlled use of alcohol</measure>
    <time_frame>4 weeks after baseline</time_frame>
    <description>Percentage of patients with abstinence or controlled use (maximum daily alcohol intake of an equivalent of BAC 0.5‰)
1. In the last 7 days before planned termination of treatment (MET)</description>
  </secondary_outcome>
  <secondary_outcome>
    <measure>Abstinence or controlled use of alcohol</measure>
    <time_frame>12 weeks after baseline</time_frame>
    <description>Percentage of patients with abstinence or controlled use (maximum daily alcohol intake of an equivalent of BAC 0.5‰)
In the last 7 days before planned termination of MET + CRA
Participants in MET only, will also be measured</description>
  </secondary_outcome>
  <secondary_outcome>
    <measure>Abstinence or controlled use of alcohol</measure>
    <time_frame>52 weeks after baseline</time_frame>
    <description>Percentage of patients with abstinence or controlled use (maximum daily alcohol intake of an equivalent of BAC 0.5‰)
Since 26 weeks follow-up
In the last 30 days at 52 weeks follow-up</description>
  </secondary_outcome>
  <other_outcome>
    <measure>Changes in Quality of life</measure>
    <time_frame>52 weeks after baseline</time_frame>
    <description>Quality of life measured by WHO QOL BREF and Personal Happiness Form</description>
  </other_outcome>
  <number_of_arms>2</number_of_arms>
  <enrollment type="Actual">704</enrollment>
  <condition>Alcohol Use Disorders</condition>
  <arm_group>
    <arm_group_label>MET</arm_group_label>
    <arm_group_type>Other</arm_group_type>
    <description>Motivational Enhancement Therapy (MET)</description>
  </arm_group>
  <arm_group>
    <arm_group_label>MET + CRA</arm_group_label>
    <arm_group_type>Other</arm_group_type>
    <description>Motivational Enhancement Therapy (MET) with subsequent add-on The Community Reinforcement Approach (CRA)</description>
  </arm_group>
  <intervention>
    <intervention_type>Behavioral</intervention_type>
    <intervention_name>MET + CRA</intervention_name>
    <arm_group_label>MET</arm_group_label>
    <arm_group_label>MET + CRA</arm_group_label>
    <other_name>Motivational Enhancement Therapy (MET)</other_name>
    <other_name>with subsequent add-on The Community Reinforcement Approach (CRA)</other_name>
  </intervention>
  <eligibility>
    <criteria>
      <textblock>
        Inclusion Criteria:

          -  Seniors (+60 years) with alcohol use disorders according to DSM 5

          -  Passing an &quot;inclusion quiz&quot; based on 10 questions pertaining to the implications of
             participating in the study, e.g. knowledge about that it is voluntary to participate,
             a person declining to participate will receive the standard treatment offered by the
             treatment clinic, an acceptance of participating can always be withdrawn. The quiz
             will be conducted after informed consent, and be in a multiple-choice format.

        Exclusion Criteria:

          -  We strive for ecological validity and will only exclude patients who are unable to
             participate in the therapy or are suffering from severe conditions judged to risking
             the validity of the study:

               1. 7 or less correct answers in the &quot;inclusion quiz&quot; - indicating cognitive problems
                  or not fully understanding the implications of participating in the study.

               2. Psychotic disorder with positive and/or negative symptoms

               3. Severe depression at time of inclusion

               4. Bipolar disorder

               5. Suicidal thoughts/behaviour at time of inclusion

               6. Use of illicit opioids and/or illicit stimulants (all other forms of medication
                  is allowed, including opioids on prescription - they will be recorded and may be
                  included as covariates in the analyses)

               7. Participating or have participated in other alcohol treatment programs within the
                  last 30 days of inclusion. Pure detoxifications are not an exclusion criteria

               8. Clients with legally authorized representatives
      </textblock>
    </criteria>
    <gender>All</gender>
    <minimum_age>60 Years</minimum_age>
    <maximum_age>N/A</maximum_age>
    <healthy_volunteers>Accepts Healthy Volunteers</healthy_volunteers>
  </eligibility>
  <overall_official>
    <last_name>Kjeld Andersen, MD PhD</last_name>
    <role>Principal Investigator</role>
    <affiliation>University of Southern Denmark</affiliation>
  </overall_official>
  <location>
    <facility>
      <name>Unit if Clinical Alcohol Research</name>
      <address>
        <city>Odense</city>
        <zip>5000</zip>
        <country>Denmark</country>
      </address>
    </facility>
  </location>
  <location_countries>
    <country>Denmark</country>
  </location_countries>
  <link>
    <url>http://www.sdu.dk/en/om_sdu/institutter_centre/ucar</url>
    <description>Homepage of the RESCueH unit</description>
  </link>
  <verification_date>October 2016</verification_date>
  <lastchanged_date>October 24, 2016</lastchanged_date>
  <firstreceived_date>March 7, 2014</firstreceived_date>
  <responsible_party>
    <responsible_party_type>Sponsor-Investigator</responsible_party_type>
    <investigator_affiliation>University of Southern Denmark</investigator_affiliation>
    <investigator_full_name>Kjeld Andersen</investigator_full_name>
    <investigator_title>Professor</investigator_title>
  </responsible_party>
  <keyword>alcohol</keyword>
  <keyword>60+ years</keyword>
  <keyword>treatment</keyword>
  <keyword>met</keyword>
  <keyword>cra</keyword>
  <keyword>multi site</keyword>
  <keyword>multi country</keyword>
  <keyword>questionnaire</keyword>
  <keyword>random</keyword>
  <intervention_browse>
    <!-- CAUTION:  The following MeSH terms are assigned with an imperfect algorithm            -->
    <mesh_term>Ethanol</mesh_term>
  </intervention_browse>
  <!-- Results have not yet been posted for this study                                          -->
</clinical_study>

