<?xml version="1.0" encoding="UTF-8"?>
<clinical_study rank="7">
  <!-- This xml conforms to an XML Schema at:
    https://clinicaltrials.gov/ct2/html/images/info/public.xsd -->
  <required_header>
    <download_date>ClinicalTrials.gov processed this data on August 04, 2017</download_date>
    <link_text>Link to the current ClinicalTrials.gov record.</link_text>
    <url>https://clinicaltrials.gov/show/NCT02274688</url>
  </required_header>
  <id_info>
    <org_study_id>46615-EJ</org_study_id>
    <secondary_id>IH-1304-6319</secondary_id>
    <nct_id>NCT02274688</nct_id>
  </id_info>
  <brief_title>A Comparative Effectiveness Trial of Optimal Patient-Centered Care</brief_title>
  <acronym>TSOS 5</acronym>
  <official_title>A Comparative Effectiveness Trial of Optimal Patient-Centered Care for US Trauma Care Systems</official_title>
  <sponsors>
    <lead_sponsor>
      <agency>University of Washington</agency>
      <agency_class>Other</agency_class>
    </lead_sponsor>
    <collaborator>
      <agency>Patient-Centered Outcomes Research Institute</agency>
      <agency_class>Other</agency_class>
    </collaborator>
  </sponsors>
  <source>University of Washington</source>
  <oversight_info>
    <has_dmc>Yes</has_dmc>
  </oversight_info>
  <brief_summary>
    <textblock>
      The nation's trauma care system, which includes trauma center hospitals &amp; emergency
      departments, is where over 30 million Americans receive care after traumatic injuries each
      year. Injury victims are diverse patients who suffer from complications of the initial injury
      as well as from multiple complex medical &amp; mental health conditions. Currently, high-quality
      patient-centered care is not the standard of care throughout US trauma care systems. Injured
      trauma survivors treated in trauma care systems frequently receive fragmented care that is
      not coordinated across hospital, emergency department, outpatient, &amp; community settings.
      Post-injury care is frequently not individualized to integrate the patient's most pressing
      post-traumatic concerns &amp; preferences into medical decision making. The investigators, as a
      group of front-line trauma center providers, patients, researchers &amp; policy makers, have been
      working together for over a decade to integrate patient-centered care into US trauma care
      systems. The investigators began this work by asking groups of injured patients the key
      patient-centered question: &quot;Of everything that has happened to you since your injury, what
      concerns you the most?&quot; The investigators developed scientifically sound assessment tools
      that allowed us to follow patient concerns after injury hospitalization. In May of 2011, the
      investigators convened an American College of Surgeons' policy summit that addressed mental
      health &amp; patient-centered care integration across US trauma care systems. As part of this
      policy summit, patient members of our team presented their experiences of traumatic injury &amp;
      recovery. While giving injured patients a &quot;voice&quot; at the summit, these narratives did not
      move surgical policy makers to develop mandates or guidelines for patient-centered care. In
      contrast, presentations that included information from randomized comparative effectiveness
      trials &amp; standardized outcome assessments convinced surgical policy makers to develop US
      trauma care system policy mandates &amp; best practice guidelines for post-traumatic stress
      disorder &amp; alcohol use problems. Our team now realizes that in order to optimally integrate
      patient-centered care into US trauma care systems, the investigators must use the best
      scientific methods that capture the highest-quality data. This PCORI proposal aims to
      demonstrate that a patient-centered care management treatment that addresses patient's
      post-injury concerns &amp; integrates patient concerns &amp; preferences into medical decision
      making, while also coordinating care, can improve outcomes of great importance to patients &amp;
      their caregivers, front-line providers &amp; policy makers. This proposal directly addresses two
      PCORI patient-centered research questions: &quot;After a traumatic injury, what can I do to
      improve the outcomes that are most important to me?&quot; &amp; &quot;How can front-line providers working
      in trauma care systems help me make the best decisions about my post-injury health &amp; health
      care?&quot;
    </textblock>
  </brief_summary>
  <overall_status>Completed</overall_status>
  <start_date>March 2014</start_date>
  <completion_date type="Actual">December 31, 2016</completion_date>
  <primary_completion_date type="Actual">December 2016</primary_completion_date>
  <phase>N/A</phase>
  <study_type>Interventional</study_type>
  <has_expanded_access>No</has_expanded_access>
  <study_design_info>
    <allocation>Randomized</allocation>
    <intervention_model>Parallel Assignment</intervention_model>
    <intervention_model_description>Patient-centered care transition intervention</intervention_model_description>
    <primary_purpose>Health Services Research</primary_purpose>
    <masking>Outcomes Assessor</masking>
  </study_design_info>
  <primary_outcome>
    <measure>Change in Post Traumatic Concerns Over the Course of the Six Months After Injury</measure>
    <time_frame>The investigators assessed at baseline, 1-, 3-, and 6-month.</time_frame>
    <description>The primary outcome is the endorsement of ≥1 severe posttraumatic concerns.</description>
  </primary_outcome>
  <primary_outcome>
    <measure>Change in Post Traumatic Stress Disorder (PTSD) Symptoms Over the Course of the Six Months After Injury</measure>
    <time_frame>The investigators assessed at baseline, 1-, 3-, and 6-month.</time_frame>
    <description>The investigators used the PTSD Checklist - Civilian (PCL-C) as a continuous measure. The scoring of the scale ranges from a minumum of 17 to a maximum of 85, with higher scores indicating a worse outcome. No subscales were used.</description>
  </primary_outcome>
  <primary_outcome>
    <measure>Change in Depression Symptoms Over the Course of the Six Months After Injury</measure>
    <time_frame>The investigators assessed at baseline, 1-, 3-, and 6-month.</time_frame>
    <description>The investigators used the Patient Health Questionnaire (PHQ-9) as a continuous measure, with scores ranging from 1 to 27. Higher scores represent a worse outcome. No subscales were used.</description>
  </primary_outcome>
  <secondary_outcome>
    <measure>Alcohol Use Problems</measure>
    <time_frame>The investigators assessed at baseline, 1-, 3-, and 6-month.</time_frame>
    <description>The investigators used the Alcohol Use Disorders Identification Test (AUDIT) as a continuous measure. The 10-item scale score ranges from 0-40, with higher values indicating a worse outcome. No sub scales were used.</description>
  </secondary_outcome>
  <secondary_outcome>
    <measure>Functional Status</measure>
    <time_frame>The investigators assessed at baseline, 1-, 3-, and 6-month.</time_frame>
    <description>The investigators used the Medical Outcomes Study Short Form healthy survey (MOS SF-12/36) physical components summary to assess physical function. The minimum and maximum scores are 0-100 with higher scores representing a better outcome. No other subscales will be used.</description>
  </secondary_outcome>
  <secondary_outcome>
    <measure>Number of Participants With Suicidal Ideation</measure>
    <time_frame>The investigators assessed at baseline, 1-, 3-, and 6-month.</time_frame>
    <description>The investigators used PHQ-9 item 9 to assess suicidal ideation. For the analysis, a score of &gt; 0 on item 9 of PHQ-9 was considered a positive endorsement and a worse outcome.</description>
  </secondary_outcome>
  <secondary_outcome>
    <measure>Number of Patients Carrying a Weapon</measure>
    <time_frame>The investigators assessed at baseline, 1-, 3-, and 6-month.</time_frame>
    <description>The investigation used a single yes/no item to assess whether the patient was carrying a weapon.</description>
  </secondary_outcome>
  <secondary_outcome>
    <measure>Number of Participants With One or More Emergency Department Visits Over Time</measure>
    <time_frame>The investigators assessed emergency department service use over the course of the study.</time_frame>
    <description>The investigators used population level data on emergency department health service use for the intent-to-treat sample</description>
  </secondary_outcome>
  <secondary_outcome>
    <measure>Drug Use Problems</measure>
    <time_frame>The investigators assessed at baseline, 1-, 3-, and 6-month.</time_frame>
    <description>The investigators used the Drug Abuse Screening Test (DAST-10) as a continuous outcome measure. DAST-10 scale scores range from 0 to 10, with higher scores representing a worse outcome. No subscales were used.</description>
  </secondary_outcome>
  <number_of_arms>2</number_of_arms>
  <enrollment type="Actual">171</enrollment>
  <condition>Post Traumatic Concerns</condition>
  <condition>Post Traumatic Stress Disorder</condition>
  <condition>Depression and Suicide Ideation</condition>
  <condition>Alcohol and Drug Use</condition>
  <arm_group>
    <arm_group_label>Enhanced Usual Care - Nurse Notification of Patient Concerns</arm_group_label>
    <arm_group_type>No Intervention</arm_group_type>
    <description>Randomized and will be blindly assessed.</description>
  </arm_group>
  <arm_group>
    <arm_group_label>Patient-centered care transition</arm_group_label>
    <arm_group_type>Experimental</arm_group_type>
    <description>Case management, information technology/mHealth innovations, stepped-up psychopharmacology and psychotherapy elements.
Randomized and will be blindly assessed.</description>
  </arm_group>
  <intervention>
    <intervention_type>Behavioral</intervention_type>
    <intervention_name>Stepped Care Management</intervention_name>
    <description>Case management, information technology/mHealth innovations, stepped-up psychopharmacology and psychotherapy elements.</description>
    <arm_group_label>Patient-centered care transition</arm_group_label>
    <other_name>Intervention</other_name>
  </intervention>
  <eligibility>
    <criteria>
      <textblock>
        Inclusion Criteria:

          -  Seen in acute care emergency department or trauma center setting for injury

          -  At least three post traumatic concerns

          -  AND One of the following PTSD Checklist Score (PCL-C) greater than or equal to 35
             Patient Health Questionnaire 9 - greater than or equal to 10 Any endorsement of
             suicidal ideation on the PhQ-9 Item 9

        Exclusion Criteria:

          -  Non-English speaking

          -  Under 14 years of age

          -  Incarcerated

          -  Psychotic behavior

          -  Suffered head, spinal cord, or other severe injuries that prevent participation in the
             inpatient ward interview.
      </textblock>
    </criteria>
    <gender>All</gender>
    <minimum_age>14 Years</minimum_age>
    <maximum_age>N/A</maximum_age>
    <healthy_volunteers>No</healthy_volunteers>
  </eligibility>
  <overall_official>
    <last_name>Douglas Zatzick, MD</last_name>
    <role>Principal Investigator</role>
    <affiliation>University of Washington</affiliation>
  </overall_official>
  <location>
    <facility>
      <name>Harborview Medical Center</name>
      <address>
        <city>Seattle</city>
        <state>Washington</state>
        <zip>98104</zip>
        <country>United States</country>
      </address>
    </facility>
  </location>
  <location_countries>
    <country>United States</country>
  </location_countries>
  <verification_date>April 2017</verification_date>
  <lastchanged_date>April 21, 2017</lastchanged_date>
  <firstreceived_date>December 17, 2013</firstreceived_date>
  <firstreceived_results_date>February 17, 2017</firstreceived_results_date>
  <responsible_party>
    <responsible_party_type>Principal Investigator</responsible_party_type>
    <investigator_affiliation>University of Washington</investigator_affiliation>
    <investigator_full_name>Douglas Zatzick</investigator_full_name>
    <investigator_title>Professor</investigator_title>
  </responsible_party>
  <condition_browse>
    <!-- CAUTION:  The following MeSH terms are assigned with an imperfect algorithm            -->
    <mesh_term>Stress Disorders, Traumatic</mesh_term>
    <mesh_term>Stress Disorders, Post-Traumatic</mesh_term>
    <mesh_term>Suicide</mesh_term>
  </condition_browse>

  <clinical_results>

    <participant_flow>
      <group_list>
        <group group_id="P1">
          <title>Enhanced Usual Care - Nurse Notification of Patient Concerns</title>
          <description>Randomized, nurse notified of high levels of psychological distress.
Will be blindly assessed.</description>
        </group>
        <group group_id="P2">
          <title>Patient-centered Care Transition</title>
          <description>Randomized, case management, information technology/mHealth innovations, stepped-up psychopharmacology and psychotherapy elements.
Will be blindly assessed.</description>
        </group>
      </group_list>
      <period_list>
        <period>
          <title>Overall Study</title>
          <milestone_list>
            <milestone>
              <title>STARTED</title>
              <participants_list>
                <participants group_id="P1" count="86"/>
                <participants group_id="P2" count="85"/>
              </participants_list>
            </milestone>
            <milestone>
              <title>COMPLETED</title>
              <participants_list>
                <participants group_id="P1" count="72"/>
                <participants group_id="P2" count="72"/>
              </participants_list>
            </milestone>
            <milestone>
              <title>NOT COMPLETED</title>
              <participants_list>
                <participants group_id="P1" count="14"/>
                <participants group_id="P2" count="13"/>
              </participants_list>
            </milestone>
          </milestone_list>
        </period>
      </period_list>
    </participant_flow>

    <baseline>
      <group_list>
        <group group_id="B1">
          <title>Enhanced Usual Care - Nurse Notification of Patient Concerns</title>
          <description>Randomized, nurse notified of high levels of psychological distress.
Will be blindly assessed.</description>
        </group>
        <group group_id="B2">
          <title>Patient-centered Care Transition</title>
          <description>Randomized, case management, information technology/mHealth innovations, stepped-up psychopharmacology and psychotherapy elements.
Will be blindly assessed.</description>
        </group>
        <group group_id="B3">
          <title>Total</title>
          <description>Total of all reporting groups</description>
        </group>
      </group_list>
      <analyzed_list>
        <analyzed>
          <units>Participants</units>
          <scope>Overall</scope>
          <count_list>
            <count group_id="B1" value="86"/>
            <count group_id="B2" value="85"/>
            <count group_id="B3" value="171"/>
          </count_list>
        </analyzed>
      </analyzed_list>
      <measure_list>
        <measure>
          <title>Age</title>
          <units>Participants</units>
          <param>Count of Participants</param>
          <class_list>
            <class>
              <category_list>
                <category>
                  <title>&lt;=18 years</title>
                  <measurement_list>
                    <measurement group_id="B1" value="2"/>
                    <measurement group_id="B2" value="1"/>
                    <measurement group_id="B3" value="3"/>
                  </measurement_list>
                </category>
                <category>
                  <title>Between 18 and 65 years</title>
                  <measurement_list>
                    <measurement group_id="B1" value="74"/>
                    <measurement group_id="B2" value="77"/>
                    <measurement group_id="B3" value="151"/>
                  </measurement_list>
                </category>
                <category>
                  <title>&gt;=65 years</title>
                  <measurement_list>
                    <measurement group_id="B1" value="10"/>
                    <measurement group_id="B2" value="7"/>
                    <measurement group_id="B3" value="17"/>
                  </measurement_list>
                </category>
              </category_list>
            </class>
          </class_list>
        </measure>
        <measure>
          <title>Age</title>
          <units>years</units>
          <param>Mean</param>
          <dispersion>Standard Deviation</dispersion>
          <class_list>
            <class>
              <category_list>
                <category>
                  <measurement_list>
                    <measurement group_id="B1" value="43.6" spread="16"/>
                    <measurement group_id="B2" value="41.2" spread="16.1"/>
                    <measurement group_id="B3" value="42.4" spread="16.0"/>
                  </measurement_list>
                </category>
              </category_list>
            </class>
          </class_list>
        </measure>
        <measure>
          <title>Sex: Female, Male</title>
          <units>Participants</units>
          <param>Count of Participants</param>
          <class_list>
            <class>
              <category_list>
                <category>
                  <title>Female</title>
                  <measurement_list>
                    <measurement group_id="B1" value="47"/>
                    <measurement group_id="B2" value="50"/>
                    <measurement group_id="B3" value="97"/>
                  </measurement_list>
                </category>
                <category>
                  <title>Male</title>
                  <measurement_list>
                    <measurement group_id="B1" value="39"/>
                    <measurement group_id="B2" value="35"/>
                    <measurement group_id="B3" value="74"/>
                  </measurement_list>
                </category>
              </category_list>
            </class>
          </class_list>
        </measure>
        <measure>
          <title>Ethnicity (NIH/OMB)</title>
          <units>Participants</units>
          <param>Count of Participants</param>
          <class_list>
            <class>
              <category_list>
                <category>
                  <title>Hispanic or Latino</title>
                  <measurement_list>
                    <measurement group_id="B1" value="6"/>
                    <measurement group_id="B2" value="9"/>
                    <measurement group_id="B3" value="15"/>
                  </measurement_list>
                </category>
                <category>
                  <title>Not Hispanic or Latino</title>
                  <measurement_list>
                    <measurement group_id="B1" value="80"/>
                    <measurement group_id="B2" value="76"/>
                    <measurement group_id="B3" value="156"/>
                  </measurement_list>
                </category>
                <category>
                  <title>Unknown or Not Reported</title>
                  <measurement_list>
                    <measurement group_id="B1" value="0"/>
                    <measurement group_id="B2" value="0"/>
                    <measurement group_id="B3" value="0"/>
                  </measurement_list>
                </category>
              </category_list>
            </class>
          </class_list>
        </measure>
        <measure>
          <title>Race (NIH/OMB)</title>
          <units>Participants</units>
          <param>Count of Participants</param>
          <class_list>
            <class>
              <category_list>
                <category>
                  <title>American Indian or Alaska Native</title>
                  <measurement_list>
                    <measurement group_id="B1" value="10"/>
                    <measurement group_id="B2" value="5"/>
                    <measurement group_id="B3" value="15"/>
                  </measurement_list>
                </category>
                <category>
                  <title>Asian</title>
                  <measurement_list>
                    <measurement group_id="B1" value="2"/>
                    <measurement group_id="B2" value="7"/>
                    <measurement group_id="B3" value="9"/>
                  </measurement_list>
                </category>
                <category>
                  <title>Native Hawaiian or Other Pacific Islander</title>
                  <measurement_list>
                    <measurement group_id="B1" value="1"/>
                    <measurement group_id="B2" value="4"/>
                    <measurement group_id="B3" value="5"/>
                  </measurement_list>
                </category>
                <category>
                  <title>Black or African American</title>
                  <measurement_list>
                    <measurement group_id="B1" value="13"/>
                    <measurement group_id="B2" value="8"/>
                    <measurement group_id="B3" value="21"/>
                  </measurement_list>
                </category>
                <category>
                  <title>White</title>
                  <measurement_list>
                    <measurement group_id="B1" value="51"/>
                    <measurement group_id="B2" value="47"/>
                    <measurement group_id="B3" value="98"/>
                  </measurement_list>
                </category>
                <category>
                  <title>More than one race</title>
                  <measurement_list>
                    <measurement group_id="B1" value="5"/>
                    <measurement group_id="B2" value="10"/>
                    <measurement group_id="B3" value="15"/>
                  </measurement_list>
                </category>
                <category>
                  <title>Unknown or Not Reported</title>
                  <measurement_list>
                    <measurement group_id="B1" value="4"/>
                    <measurement group_id="B2" value="4"/>
                    <measurement group_id="B3" value="8"/>
                  </measurement_list>
                </category>
              </category_list>
            </class>
          </class_list>
        </measure>
        <measure>
          <title>Region of Enrollment</title>
          <units>participants</units>
          <param>Number</param>
          <class_list>
            <class>
              <title>United States</title>
              <category_list>
                <category>
                  <measurement_list>
                    <measurement group_id="B1" value="86"/>
                    <measurement group_id="B2" value="85"/>
                    <measurement group_id="B3" value="171"/>
                  </measurement_list>
                </category>
              </category_list>
            </class>
          </class_list>
        </measure>
      </measure_list>
    </baseline>

    <outcome_list>
      <outcome>
        <type>Primary</type>
        <title>Change in Post Traumatic Concerns Over the Course of the Six Months After Injury</title>
        <description>The primary outcome is the endorsement of ≥1 severe posttraumatic concerns.</description>
        <time_frame>The investigators assessed at baseline, 1-, 3-, and 6-month.</time_frame>
        <group_list>
          <group group_id="O1">
            <title>Enhanced Usual Care - Nurse Notification of Patient Concerns</title>
            <description>Randomized, nurse notified of high levels of psychological distress.
Will be blindly assessed.</description>
          </group>
          <group group_id="O2">
            <title>Patient-centered Care Transition</title>
            <description>Randomized, case management, information technology/mHealth innovations, stepped-up psychopharmacology and psychotherapy elements.
Will be blindly assessed.</description>
          </group>
        </group_list>
        <measure>
          <title>Change in Post Traumatic Concerns Over the Course of the Six Months After Injury</title>
          <description>The primary outcome is the endorsement of ≥1 severe posttraumatic concerns.</description>
          <units>Participants</units>
          <param>Count of Participants</param>
          <analyzed_list>
            <analyzed>
              <units>Participants</units>
              <scope>Measure</scope>
              <count_list>
                <count group_id="O1" value="86"/>
                <count group_id="O2" value="85"/>
              </count_list>
            </analyzed>
          </analyzed_list>
          <class_list>
            <class>
              <title>Baseline</title>
              <category_list>
                <category>
                  <measurement_list>
                    <measurement group_id="O1" value="80"/>
                    <measurement group_id="O2" value="83"/>
                  </measurement_list>
                </category>
              </category_list>
            </class>
            <class>
              <title>1-month</title>
              <category_list>
                <category>
                  <measurement_list>
                    <measurement group_id="O1" value="55"/>
                    <measurement group_id="O2" value="59"/>
                  </measurement_list>
                </category>
              </category_list>
            </class>
            <class>
              <title>3-month</title>
              <category_list>
                <category>
                  <measurement_list>
                    <measurement group_id="O1" value="45"/>
                    <measurement group_id="O2" value="48"/>
                  </measurement_list>
                </category>
              </category_list>
            </class>
            <class>
              <title>6-month</title>
              <category_list>
                <category>
                  <measurement_list>
                    <measurement group_id="O1" value="42"/>
                    <measurement group_id="O2" value="33"/>
                  </measurement_list>
                </category>
              </category_list>
            </class>
          </class_list>
        </measure>
        <analysis_list>
          <analysis>
            <group_id_list>
              <group_id>O1</group_id>
              <group_id>O2</group_id>
            </group_id_list>
            <groups_desc>Mixed Model Regression; Data from all 171 patients at all time points used in this intent-to-treat analytic approach.
We hypothesize intervention patients will demonstrate diminished outcome severity over time when compared to nurse notification patients, as evidenced by a significant group by time interaction effect.</groups_desc>
            <non_inferiority_type>Superiority</non_inferiority_type>
            <p_value>=0.01</p_value>
            <method>Wald Chi-Square=11.29, df=3, P=0.01</method>
          </analysis>
        </analysis_list>
      </outcome>
      <outcome>
        <type>Primary</type>
        <title>Change in Post Traumatic Stress Disorder (PTSD) Symptoms Over the Course of the Six Months After Injury</title>
        <description>The investigators used the PTSD Checklist - Civilian (PCL-C) as a continuous measure. The scoring of the scale ranges from a minumum of 17 to a maximum of 85, with higher scores indicating a worse outcome. No subscales were used.</description>
        <time_frame>The investigators assessed at baseline, 1-, 3-, and 6-month.</time_frame>
        <group_list>
          <group group_id="O1">
            <title>Enhanced Usual Care - Nurse Notification of Patient Concerns</title>
            <description>Randomized, nurse notified of high levels of psychological distress.
Will be blindly assessed.</description>
          </group>
          <group group_id="O2">
            <title>Patient-centered Care Transition</title>
            <description>Randomized, case management, information technology/mHealth innovations, stepped-up psychopharmacology and psychotherapy elements.
Will be blindly assessed.</description>
          </group>
        </group_list>
        <measure>
          <title>Change in Post Traumatic Stress Disorder (PTSD) Symptoms Over the Course of the Six Months After Injury</title>
          <description>The investigators used the PTSD Checklist - Civilian (PCL-C) as a continuous measure. The scoring of the scale ranges from a minumum of 17 to a maximum of 85, with higher scores indicating a worse outcome. No subscales were used.</description>
          <units>units on a scale</units>
          <param>Mean</param>
          <dispersion>Standard Deviation</dispersion>
          <analyzed_list>
            <analyzed>
              <units>Participants</units>
              <scope>Measure</scope>
              <count_list>
                <count group_id="O1" value="86"/>
                <count group_id="O2" value="85"/>
              </count_list>
            </analyzed>
          </analyzed_list>
          <class_list>
            <class>
              <title>Baseline</title>
              <category_list>
                <category>
                  <measurement_list>
                    <measurement group_id="O1" value="42.9" spread="11.2"/>
                    <measurement group_id="O2" value="42.5" spread="11.3"/>
                  </measurement_list>
                </category>
              </category_list>
            </class>
            <class>
              <title>1-month</title>
              <category_list>
                <category>
                  <measurement_list>
                    <measurement group_id="O1" value="41.7" spread="14.3"/>
                    <measurement group_id="O2" value="43.7" spread="14.9"/>
                  </measurement_list>
                </category>
              </category_list>
            </class>
            <class>
              <title>3-month</title>
              <category_list>
                <category>
                  <measurement_list>
                    <measurement group_id="O1" value="40.7" spread="14.7"/>
                    <measurement group_id="O2" value="38.7" spread="13.7"/>
                  </measurement_list>
                </category>
              </category_list>
            </class>
            <class>
              <title>6-month</title>
              <category_list>
                <category>
                  <measurement_list>
                    <measurement group_id="O1" value="39.3" spread="14.7"/>
                    <measurement group_id="O2" value="38.6" spread="16.0"/>
                  </measurement_list>
                </category>
              </category_list>
            </class>
          </class_list>
        </measure>
        <analysis_list>
          <analysis>
            <group_id_list>
              <group_id>O1</group_id>
              <group_id>O2</group_id>
            </group_id_list>
            <groups_desc>Mixed Model Regression; Data from all 171 patients at all time points used in this intent-to-treat analytic approach.
We hypothesize intervention patients will demonstrate diminished outcome severity over time when compared to nurse notification patients, as evidenced by a significant group by time interaction effect.</groups_desc>
            <non_inferiority_type>Superiority</non_inferiority_type>
            <p_value>=0.23</p_value>
            <method>Wald Chi-Square=3.01, df=3, p=0.23</method>
          </analysis>
        </analysis_list>
      </outcome>
      <outcome>
        <type>Primary</type>
        <title>Change in Depression Symptoms Over the Course of the Six Months After Injury</title>
        <description>The investigators used the Patient Health Questionnaire (PHQ-9) as a continuous measure, with scores ranging from 1 to 27. Higher scores represent a worse outcome. No subscales were used.</description>
        <time_frame>The investigators assessed at baseline, 1-, 3-, and 6-month.</time_frame>
        <group_list>
          <group group_id="O1">
            <title>Enhanced Usual Care - Nurse Notification of Patient Concerns</title>
            <description>Randomized, nurse notified of high levels of psychological distress.
Will be blindly assessed.</description>
          </group>
          <group group_id="O2">
            <title>Patient-centered Care Transition</title>
            <description>Case management, information technology/mHealth innovations, stepped-up psychopharmacology and psychotherapy elements.
Stepped Care Management: Case management, information technology/mHealth innovations, stepped-up psychopharmacology and psychotherapy elements.</description>
          </group>
        </group_list>
        <measure>
          <title>Change in Depression Symptoms Over the Course of the Six Months After Injury</title>
          <description>The investigators used the Patient Health Questionnaire (PHQ-9) as a continuous measure, with scores ranging from 1 to 27. Higher scores represent a worse outcome. No subscales were used.</description>
          <units>units on a scale</units>
          <param>Mean</param>
          <dispersion>Standard Deviation</dispersion>
          <analyzed_list>
            <analyzed>
              <units>Participants</units>
              <scope>Measure</scope>
              <count_list>
                <count group_id="O1" value="86"/>
                <count group_id="O2" value="85"/>
              </count_list>
            </analyzed>
          </analyzed_list>
          <class_list>
            <class>
              <title>Baseline</title>
              <category_list>
                <category>
                  <measurement_list>
                    <measurement group_id="O1" value="14.8" spread="4.2"/>
                    <measurement group_id="O2" value="14.3" spread="4.5"/>
                  </measurement_list>
                </category>
              </category_list>
            </class>
            <class>
              <title>1-month</title>
              <category_list>
                <category>
                  <measurement_list>
                    <measurement group_id="O1" value="12.1" spread="6.2"/>
                    <measurement group_id="O2" value="13.2" spread="6.5"/>
                  </measurement_list>
                </category>
              </category_list>
            </class>
            <class>
              <title>3-month</title>
              <category_list>
                <category>
                  <measurement_list>
                    <measurement group_id="O1" value="11.7" spread="7.2"/>
                    <measurement group_id="O2" value="10.8" spread="6.9"/>
                  </measurement_list>
                </category>
              </category_list>
            </class>
            <class>
              <title>6-month</title>
              <category_list>
                <category>
                  <measurement_list>
                    <measurement group_id="O1" value="10.7" spread="6.4"/>
                    <measurement group_id="O2" value="9.3" spread="6.8"/>
                  </measurement_list>
                </category>
              </category_list>
            </class>
          </class_list>
        </measure>
        <analysis_list>
          <analysis>
            <group_id_list>
              <group_id>O1</group_id>
              <group_id>O2</group_id>
            </group_id_list>
            <groups_desc>Mixed Model Regression; Data from all 171 patients at all time points used in this intent-to-treat analytic approach.
We hypothesize intervention patients will demonstrate diminished outcome severity over time when compared to nurse notification patients, as evidenced by a significant group by time interaction effect.</groups_desc>
            <non_inferiority_type>Superiority</non_inferiority_type>
            <p_value>=0.23</p_value>
            <method>Wald Chi-Square=4.25, df=3, p=0.23</method>
          </analysis>
        </analysis_list>
      </outcome>
      <outcome>
        <type>Secondary</type>
        <title>Alcohol Use Problems</title>
        <description>The investigators used the Alcohol Use Disorders Identification Test (AUDIT) as a continuous measure. The 10-item scale score ranges from 0-40, with higher values indicating a worse outcome. No sub scales were used.</description>
        <time_frame>The investigators assessed at baseline, 1-, 3-, and 6-month.</time_frame>
        <group_list>
          <group group_id="O1">
            <title>Enhanced Usual Care - Nurse Notification of Patient Concerns</title>
            <description>Randomized, nurse notified of high levels of psychological distress.
Will be blindly assessed.</description>
          </group>
          <group group_id="O2">
            <title>Patient-centered Care Transition</title>
            <description>Randomized, case management, information technology/mHealth innovations, stepped-up psychopharmacology and psychotherapy elements.
Will be blindly assessed.</description>
          </group>
        </group_list>
        <measure>
          <title>Alcohol Use Problems</title>
          <description>The investigators used the Alcohol Use Disorders Identification Test (AUDIT) as a continuous measure. The 10-item scale score ranges from 0-40, with higher values indicating a worse outcome. No sub scales were used.</description>
          <units>units on a scale</units>
          <param>Mean</param>
          <dispersion>Standard Deviation</dispersion>
          <analyzed_list>
            <analyzed>
              <units>Participants</units>
              <scope>Measure</scope>
              <count_list>
                <count group_id="O1" value="86"/>
                <count group_id="O2" value="85"/>
              </count_list>
            </analyzed>
          </analyzed_list>
          <class_list>
            <class>
              <title>Baseline</title>
              <category_list>
                <category>
                  <measurement_list>
                    <measurement group_id="O1" value="3.7" spread="3.2"/>
                    <measurement group_id="O2" value="3.4" spread="3.2"/>
                  </measurement_list>
                </category>
              </category_list>
            </class>
            <class>
              <title>1-month</title>
              <category_list>
                <category>
                  <measurement_list>
                    <measurement group_id="O1" value="1.1" spread="2.6"/>
                    <measurement group_id="O2" value="0.5" spread="1.6"/>
                  </measurement_list>
                </category>
              </category_list>
            </class>
            <class>
              <title>3-month</title>
              <category_list>
                <category>
                  <measurement_list>
                    <measurement group_id="O1" value="1.7" spread="2.8"/>
                    <measurement group_id="O2" value="1.1" spread="1.9"/>
                  </measurement_list>
                </category>
              </category_list>
            </class>
            <class>
              <title>6-month</title>
              <category_list>
                <category>
                  <measurement_list>
                    <measurement group_id="O1" value="2.3" spread="2.9"/>
                    <measurement group_id="O2" value="1.6" spread="2.5"/>
                  </measurement_list>
                </category>
              </category_list>
            </class>
          </class_list>
        </measure>
        <analysis_list>
          <analysis>
            <group_id_list>
              <group_id>O1</group_id>
              <group_id>O2</group_id>
            </group_id_list>
            <groups_desc>Mixed Model Regression; Data from all 171 patients at all time points used in this intent-to-treat analytic approach.
We hypothesize intervention patients will demonstrate diminished outcome severity over time when compared to nurse notification patients, as evidenced by a significant group by time interaction effect.</groups_desc>
            <non_inferiority_type>Superiority</non_inferiority_type>
            <p_value>=0.55</p_value>
            <method>Wald Chi-Square=2.12, df=3, p=0.55</method>
          </analysis>
        </analysis_list>
      </outcome>
      <outcome>
        <type>Secondary</type>
        <title>Functional Status</title>
        <description>The investigators used the Medical Outcomes Study Short Form healthy survey (MOS SF-12/36) physical components summary to assess physical function. The minimum and maximum scores are 0-100 with higher scores representing a better outcome. No other subscales will be used.</description>
        <time_frame>The investigators assessed at baseline, 1-, 3-, and 6-month.</time_frame>
        <group_list>
          <group group_id="O1">
            <title>Enhanced Usual Care - Nurse Notification of Patient Concerns</title>
            <description>Randomized, nurse notified of high levels of psychological distress.
Will be blindly assessed.</description>
          </group>
          <group group_id="O2">
            <title>Patient-centered Care Transition</title>
            <description>Randomized, case management, information technology/mHealth innovations, stepped-up psychopharmacology and psychotherapy elements.
Will be blindly assessed.</description>
          </group>
        </group_list>
        <measure>
          <title>Functional Status</title>
          <description>The investigators used the Medical Outcomes Study Short Form healthy survey (MOS SF-12/36) physical components summary to assess physical function. The minimum and maximum scores are 0-100 with higher scores representing a better outcome. No other subscales will be used.</description>
          <units>units on a scale</units>
          <param>Mean</param>
          <dispersion>Standard Deviation</dispersion>
          <analyzed_list>
            <analyzed>
              <units>Participants</units>
              <scope>Measure</scope>
              <count_list>
                <count group_id="O1" value="86"/>
                <count group_id="O2" value="85"/>
              </count_list>
            </analyzed>
          </analyzed_list>
          <class_list>
            <class>
              <title>Baseline</title>
              <category_list>
                <category>
                  <measurement_list>
                    <measurement group_id="O1" value="48.4" spread="9.1"/>
                    <measurement group_id="O2" value="48.5" spread="9.2"/>
                  </measurement_list>
                </category>
              </category_list>
            </class>
            <class>
              <title>1-month</title>
              <category_list>
                <category>
                  <measurement_list>
                    <measurement group_id="O1" value="38.3" spread="10.4"/>
                    <measurement group_id="O2" value="37.1" spread="10.9"/>
                  </measurement_list>
                </category>
              </category_list>
            </class>
            <class>
              <title>3-month</title>
              <category_list>
                <category>
                  <measurement_list>
                    <measurement group_id="O1" value="39.3" spread="9.9"/>
                    <measurement group_id="O2" value="39.8" spread="8.0"/>
                  </measurement_list>
                </category>
              </category_list>
            </class>
            <class>
              <title>6-month</title>
              <category_list>
                <category>
                  <measurement_list>
                    <measurement group_id="O1" value="39.9" spread="9.9"/>
                    <measurement group_id="O2" value="42.3" spread="8.4"/>
                  </measurement_list>
                </category>
              </category_list>
            </class>
          </class_list>
        </measure>
        <analysis_list>
          <analysis>
            <group_id_list>
              <group_id>O1</group_id>
              <group_id>O2</group_id>
            </group_id_list>
            <groups_desc>Mixed Model Regression; Data from all 171 patients at all time points used in this intent-to-treat analytic approach.
We hypothesize intervention patients will demonstrate diminished outcome severity over time when compared to nurse notification patients, as evidenced by a significant group by time interaction effect.</groups_desc>
            <non_inferiority_type>Superiority</non_inferiority_type>
            <p_value>=0.32</p_value>
            <method>Wald Chi-Square=3.52, df=3; p=0.32</method>
          </analysis>
        </analysis_list>
      </outcome>
      <outcome>
        <type>Secondary</type>
        <title>Number of Participants With Suicidal Ideation</title>
        <description>The investigators used PHQ-9 item 9 to assess suicidal ideation. For the analysis, a score of &gt; 0 on item 9 of PHQ-9 was considered a positive endorsement and a worse outcome.</description>
        <time_frame>The investigators assessed at baseline, 1-, 3-, and 6-month.</time_frame>
        <group_list>
          <group group_id="O1">
            <title>Enhanced Usual Care - Nurse Notification of Patient Concerns</title>
            <description>Randomized, nurse notified of high levels of psychological distress.
Will be blindly assessed.</description>
          </group>
          <group group_id="O2">
            <title>Patient-centered Care Transition</title>
            <description>Randomized, case management, information technology/mHealth innovations, stepped-up psychopharmacology and psychotherapy elements.
Will be blindly assessed.</description>
          </group>
        </group_list>
        <measure>
          <title>Number of Participants With Suicidal Ideation</title>
          <description>The investigators used PHQ-9 item 9 to assess suicidal ideation. For the analysis, a score of &gt; 0 on item 9 of PHQ-9 was considered a positive endorsement and a worse outcome.</description>
          <units>Participants</units>
          <param>Count of Participants</param>
          <analyzed_list>
            <analyzed>
              <units>Participants</units>
              <scope>Measure</scope>
              <count_list>
                <count group_id="O1" value="86"/>
                <count group_id="O2" value="85"/>
              </count_list>
            </analyzed>
          </analyzed_list>
          <class_list>
            <class>
              <title>Baseline</title>
              <category_list>
                <category>
                  <measurement_list>
                    <measurement group_id="O1" value="19"/>
                    <measurement group_id="O2" value="22"/>
                  </measurement_list>
                </category>
              </category_list>
            </class>
            <class>
              <title>1-month</title>
              <category_list>
                <category>
                  <measurement_list>
                    <measurement group_id="O1" value="13"/>
                    <measurement group_id="O2" value="18"/>
                  </measurement_list>
                </category>
              </category_list>
            </class>
            <class>
              <title>3-month</title>
              <category_list>
                <category>
                  <measurement_list>
                    <measurement group_id="O1" value="21"/>
                    <measurement group_id="O2" value="14"/>
                  </measurement_list>
                </category>
              </category_list>
            </class>
            <class>
              <title>6-month</title>
              <category_list>
                <category>
                  <measurement_list>
                    <measurement group_id="O1" value="16"/>
                    <measurement group_id="O2" value="17"/>
                  </measurement_list>
                </category>
              </category_list>
            </class>
          </class_list>
        </measure>
        <analysis_list>
          <analysis>
            <group_id_list>
              <group_id>O1</group_id>
              <group_id>O2</group_id>
            </group_id_list>
            <groups_desc>Mixed Model Regression; Data from all 171 patients at all time points used in this intent-to-treat analytic approach.
We hypothesize intervention patients will demonstrate diminished outcome severity over time when compared to nurse notification patients, as evidenced by a significant group by time interaction effect.</groups_desc>
            <non_inferiority_type>Superiority</non_inferiority_type>
            <p_value>=0.26</p_value>
            <method>Wald Chi-Square=4.02, df=3, p=0.26</method>
          </analysis>
        </analysis_list>
      </outcome>
      <outcome>
        <type>Secondary</type>
        <title>Number of Patients Carrying a Weapon</title>
        <description>The investigation used a single yes/no item to assess whether the patient was carrying a weapon.</description>
        <time_frame>The investigators assessed at baseline, 1-, 3-, and 6-month.</time_frame>
        <group_list>
          <group group_id="O1">
            <title>Enhanced Usual Care - Nurse Notification of Patient Concerns</title>
            <description>Randomized, nurse notified of high levels of psychological distress.
Will be blindly assessed.</description>
          </group>
          <group group_id="O2">
            <title>Patient-centered Care Transition</title>
            <description>Randomized, case management, information technology/mHealth innovations, stepped-up psychopharmacology and psychotherapy elements.
Will be blindly assessed.</description>
          </group>
        </group_list>
        <measure>
          <title>Number of Patients Carrying a Weapon</title>
          <description>The investigation used a single yes/no item to assess whether the patient was carrying a weapon.</description>
          <units>Participants</units>
          <param>Count of Participants</param>
          <analyzed_list>
            <analyzed>
              <units>Participants</units>
              <scope>Measure</scope>
              <count_list>
                <count group_id="O1" value="86"/>
                <count group_id="O2" value="85"/>
              </count_list>
            </analyzed>
          </analyzed_list>
          <class_list>
            <class>
              <title>Baseline</title>
              <category_list>
                <category>
                  <measurement_list>
                    <measurement group_id="O1" value="7"/>
                    <measurement group_id="O2" value="12"/>
                  </measurement_list>
                </category>
              </category_list>
            </class>
            <class>
              <title>1-month</title>
              <category_list>
                <category>
                  <measurement_list>
                    <measurement group_id="O1" value="4"/>
                    <measurement group_id="O2" value="3"/>
                  </measurement_list>
                </category>
              </category_list>
            </class>
            <class>
              <title>3-month</title>
              <category_list>
                <category>
                  <measurement_list>
                    <measurement group_id="O1" value="7"/>
                    <measurement group_id="O2" value="5"/>
                  </measurement_list>
                </category>
              </category_list>
            </class>
            <class>
              <title>6-month</title>
              <category_list>
                <category>
                  <measurement_list>
                    <measurement group_id="O1" value="5"/>
                    <measurement group_id="O2" value="9"/>
                  </measurement_list>
                </category>
              </category_list>
            </class>
          </class_list>
        </measure>
        <analysis_list>
          <analysis>
            <group_id_list>
              <group_id>O1</group_id>
              <group_id>O2</group_id>
            </group_id_list>
            <groups_desc>Mixed Model Regression; Data from all 171 patients at all time points used in this intent-to-treat analytic approach.
We hypothesize intervention patients will demonstrate diminished outcome severity over time when compared to nurse notification patients, as evidenced by a significant group by time interaction effect.</groups_desc>
            <non_inferiority_type>Superiority</non_inferiority_type>
            <p_value>=0.22</p_value>
            <method>Wald Chi-Square=4.44, df=3, p=0.22</method>
          </analysis>
        </analysis_list>
      </outcome>
      <outcome>
        <type>Secondary</type>
        <title>Number of Participants With One or More Emergency Department Visits Over Time</title>
        <description>The investigators used population level data on emergency department health service use for the intent-to-treat sample</description>
        <time_frame>The investigators assessed emergency department service use over the course of the study.</time_frame>
        <group_list>
          <group group_id="O1">
            <title>Enhanced Usual Care - Nurse Notification of Patient Concerns</title>
            <description>Randomized, nurse notified of high levels of psychological distress.
Will be blindly assessed.</description>
          </group>
          <group group_id="O2">
            <title>Patient-centered Care Transition</title>
            <description>Randomized, case management, information technology/mHealth innovations, stepped-up psychopharmacology and psychotherapy elements.
Will be blindly assessed.</description>
          </group>
        </group_list>
        <measure>
          <title>Number of Participants With One or More Emergency Department Visits Over Time</title>
          <description>The investigators used population level data on emergency department health service use for the intent-to-treat sample</description>
          <units>Participants</units>
          <param>Count of Participants</param>
          <analyzed_list>
            <analyzed>
              <units>Participants</units>
              <scope>Measure</scope>
              <count_list>
                <count group_id="O1" value="86"/>
                <count group_id="O2" value="85"/>
              </count_list>
            </analyzed>
          </analyzed_list>
          <class_list>
            <class>
              <title>Baseline</title>
              <category_list>
                <category>
                  <measurement_list>
                    <measurement group_id="O1" value="41"/>
                    <measurement group_id="O2" value="44"/>
                  </measurement_list>
                </category>
              </category_list>
            </class>
            <class>
              <title>3-6 month</title>
              <category_list>
                <category>
                  <measurement_list>
                    <measurement group_id="O1" value="26"/>
                    <measurement group_id="O2" value="14"/>
                  </measurement_list>
                </category>
              </category_list>
            </class>
            <class>
              <title>6-9 month</title>
              <category_list>
                <category>
                  <measurement_list>
                    <measurement group_id="O1" value="27"/>
                    <measurement group_id="O2" value="18"/>
                  </measurement_list>
                </category>
              </category_list>
            </class>
            <class>
              <title>9-12 month</title>
              <category_list>
                <category>
                  <measurement_list>
                    <measurement group_id="O1" value="26"/>
                    <measurement group_id="O2" value="19"/>
                  </measurement_list>
                </category>
              </category_list>
            </class>
          </class_list>
        </measure>
        <analysis_list>
          <analysis>
            <group_id_list>
              <group_id>O1</group_id>
              <group_id>O2</group_id>
            </group_id_list>
            <groups_desc>Mixed Model Regression; Data from all 171 patients at all time points used in this intent-to-treat analytic approach.
We hypothesize intervention patients will demonstrate diminished outcome severity over time when compared to nurse notification patients, as evidenced by a significant group by time interaction effect.</groups_desc>
            <non_inferiority_type>Superiority</non_inferiority_type>
            <p_value>=0.08</p_value>
            <p_value_desc>F(3,507)=2.24, P=0.08</p_value_desc>
            <method>Regression Poisson</method>
          </analysis>
        </analysis_list>
      </outcome>
      <outcome>
        <type>Secondary</type>
        <title>Drug Use Problems</title>
        <description>The investigators used the Drug Abuse Screening Test (DAST-10) as a continuous outcome measure. DAST-10 scale scores range from 0 to 10, with higher scores representing a worse outcome. No subscales were used.</description>
        <time_frame>The investigators assessed at baseline, 1-, 3-, and 6-month.</time_frame>
        <group_list>
          <group group_id="O1">
            <title>Enhanced Usual Care - Nurse Notification of Patient Concerns</title>
            <description>Randomized, nurse notified of high levels of psychological distress.
Will be blindly assessed.</description>
          </group>
          <group group_id="O2">
            <title>Patient-centered Care Transition</title>
            <description>Randomized, case management, information technology/mHealth innovations, stepped-up psychopharmacology and psychotherapy elements.
Will be blindly assessed.</description>
          </group>
        </group_list>
        <measure>
          <title>Drug Use Problems</title>
          <description>The investigators used the Drug Abuse Screening Test (DAST-10) as a continuous outcome measure. DAST-10 scale scores range from 0 to 10, with higher scores representing a worse outcome. No subscales were used.</description>
          <units>units on a scale</units>
          <param>Mean</param>
          <dispersion>Standard Deviation</dispersion>
          <analyzed_list>
            <analyzed>
              <units>Participants</units>
              <scope>Measure</scope>
              <count_list>
                <count group_id="O1" value="86"/>
                <count group_id="O2" value="85"/>
              </count_list>
            </analyzed>
          </analyzed_list>
          <class_list>
            <class>
              <title>Baseline</title>
              <category_list>
                <category>
                  <measurement_list>
                    <measurement group_id="O1" value="2.0" spread="1.9"/>
                    <measurement group_id="O2" value="2.2" spread="2.0"/>
                  </measurement_list>
                </category>
              </category_list>
            </class>
            <class>
              <title>1-month</title>
              <category_list>
                <category>
                  <measurement_list>
                    <measurement group_id="O1" value="1.4" spread="1.2"/>
                    <measurement group_id="O2" value="1.3" spread="1.2"/>
                  </measurement_list>
                </category>
              </category_list>
            </class>
            <class>
              <title>3-month</title>
              <category_list>
                <category>
                  <measurement_list>
                    <measurement group_id="O1" value="1.4" spread="1.4"/>
                    <measurement group_id="O2" value="1.3" spread="1.1"/>
                  </measurement_list>
                </category>
              </category_list>
            </class>
            <class>
              <title>6-month</title>
              <category_list>
                <category>
                  <measurement_list>
                    <measurement group_id="O1" value="1.3" spread="1.0"/>
                    <measurement group_id="O2" value="1.5" spread="1.4"/>
                  </measurement_list>
                </category>
              </category_list>
            </class>
          </class_list>
        </measure>
        <analysis_list>
          <analysis>
            <group_id_list>
              <group_id>O1</group_id>
              <group_id>O2</group_id>
            </group_id_list>
            <groups_desc>Mixed Model Regression; Data from all 171 patients at all time points used in this intent-to-treat analytic approach.
We hypothesize intervention patients will demonstrate diminished outcome severity over time when compared to nurse notification patients, as evidenced by a significant group by time interaction effect.</groups_desc>
            <non_inferiority_type>Superiority</non_inferiority_type>
            <p_value>0.36</p_value>
            <method>Wald Chi-Square=3.24, df=3, p=0.36</method>
          </analysis>
        </analysis_list>
      </outcome>
    </outcome_list>

    <reported_events>
      <time_frame>1 year, 6 months</time_frame>
      <desc>Serious adverse event = Any documented suicide attempt Adverse event = Any PHQ-9, item 9, score &gt;0</desc>
      <group_list>
        <group group_id="E1">
          <title>Enhanced Usual Care - Nurse Notification of Patient Concerns</title>
          <description>Randomized, nurse notified of high levels of psychological distress.
Will be blindly assessed.</description>
        </group>
        <group group_id="E2">
          <title>Patient-centered Care Transition</title>
          <description>Randomized, case management, information technology/mHealth innovations, stepped-up psychopharmacology and psychotherapy elements.
Will be blindly assessed.</description>
        </group>
      </group_list>
      <serious_events>
        <default_assessment>Systematic Assessment</default_assessment>
        <category_list>
          <category>
            <title>Total</title>
            <event_list>
              <event>
                <sub_title>Total, all-cause mortality</sub_title>
                <counts group_id="E1" subjects_affected="0" subjects_at_risk="86"/>
                <counts group_id="E2" subjects_affected="2" subjects_at_risk="85"/>
              </event>
              <event>
                <sub_title>Total, serious adverse events</sub_title>
                <counts group_id="E1" subjects_affected="1" subjects_at_risk="86"/>
                <counts group_id="E2" subjects_affected="2" subjects_at_risk="85"/>
              </event>
            </event_list>
          </category>
          <category>
            <title>Psychiatric disorders</title>
            <event_list>
              <event>
                <sub_title>Suicide Attempt</sub_title>
                <counts group_id="E1" events="1" subjects_affected="1" subjects_at_risk="86"/>
                <counts group_id="E2" events="2" subjects_affected="2" subjects_at_risk="85"/>
              </event>
            </event_list>
          </category>
        </category_list>
      </serious_events>
      <other_events>
        <frequency_threshold>0</frequency_threshold>
        <default_assessment>Systematic Assessment</default_assessment>
        <category_list>
          <category>
            <title>Total</title>
            <event_list>
              <event>
                <sub_title>Total, other adverse events</sub_title>
                <counts group_id="E1" subjects_affected="39" subjects_at_risk="86"/>
                <counts group_id="E2" subjects_affected="39" subjects_at_risk="85"/>
              </event>
            </event_list>
          </category>
          <category>
            <title>Psychiatric disorders</title>
            <event_list>
              <event>
                <sub_title>PHQ-9 Score of &gt;0</sub_title>
                <counts group_id="E1" subjects_affected="39" subjects_at_risk="86"/>
                <counts group_id="E2" subjects_affected="39" subjects_at_risk="85"/>
              </event>
            </event_list>
          </category>
        </category_list>
      </other_events>
    </reported_events>

    <certain_agreements>
      <pi_employee>Principal Investigators are NOT employed by the organization sponsoring the study.</pi_employee>
      <restrictive_agreement>There is NOT an agreement between Principal Investigators and the Sponsor (or its agents) that restricts the PI's rights to discuss or publish trial results after the trial is completed. </restrictive_agreement>
    </certain_agreements>
    <limitations_and_caveats>Because this was a multifaceted intervention, the investigation did not yield information regarding which components of the treatment were effective in targeting specific outcomes. The intervention extended up until the 6-month injury time point.</limitations_and_caveats>
    <point_of_contact>
      <name_or_title>Douglas Zatzick</name_or_title>
      <organization>University of Washington</organization>
      <phone>2067446701</phone>
      <email>dzatzick@uw.edu</email>
    </point_of_contact>
  </clinical_results>
</clinical_study>

