<?xml version="1.0" encoding="UTF-8"?>
<clinical_study rank="123">
  <!-- This xml conforms to an XML Schema at:
    https://clinicaltrials.gov/ct2/html/images/info/public.xsd -->
  <required_header>
    <download_date>ClinicalTrials.gov processed this data on September 01, 2017</download_date>
    <link_text>Link to the current ClinicalTrials.gov record.</link_text>
    <url>https://clinicaltrials.gov/show/NCT02128880</url>
  </required_header>
  <id_info>
    <org_study_id>17319</org_study_id>
    <secondary_id>R34AA020853</secondary_id>
    <nct_id>NCT02128880</nct_id>
  </id_info>
  <brief_title>Contraception and Alcohol Risk Reduction Internet Intervention Randomized Trial</brief_title>
  <acronym>CARRII</acronym>
  <official_title>A Randomized Clinical Trial of the Contraception and Alcohol Risk Reduction Internet Intervention to Reduce AEP Risk in Community Women</official_title>
  <sponsors>
    <lead_sponsor>
      <agency>University of Virginia</agency>
      <agency_class>Other</agency_class>
    </lead_sponsor>
    <collaborator>
      <agency>National Institute on Alcohol Abuse and Alcoholism (NIAAA)</agency>
      <agency_class>NIH</agency_class>
    </collaborator>
  </sponsors>
  <source>University of Virginia</source>
  <oversight_info>
    <has_dmc>No</has_dmc>
  </oversight_info>
  <brief_summary>
    <textblock>
      The goal of the proposed research is to develop and pilot test a novel Internet intervention
      to reduce the risk of Alcohol-exposed pregnancy (AEP). Efficacious interventions to reduce
      the risk of AEP have been developed, but are not widely available. In this project, we will
      develop a novel Internet intervention to reduce AEP risk by combining the resources of two
      research teams focused on primary prevention of Fetal Alcohol Spectrum Disorders (FASD) and
      robust Internet interventions, respectively. We will use our evidence-based AEP risk
      reduction intervention materials and our existing Internet intervention development platform
      to build and pilot test an Internet intervention (Contraception and Alcohol Risk Reduction
      Internet Intervention, CARRIII) in a stage 1 behavioral and integrative therapies development
      project.

      This three year R34 project will develop and program the new Internet intervention, and will
      determine the feasibility and preliminary efficacy of the intervention in a pilot RCT. In
      this protocol, we will assess the feasibility and preliminary efficacy of CARRIII against a
      Patient Education Website condition in a pilot randomized clinical trial (RCT) with
      assessments at pre-, post-, and 6 months.The primary hypothesis is that women randomized to
      the CARRIII condition will change more in 3 markers of AEP-related outcomes (risky drinking,
      ineffective contraception, and AEP risk) than women assigned to the Patient Education website
      condition. We will prepare for a future cost effectiveness evaluation in the larger RCT to
      follow by pilot testing proposed measures. The pilot RCT will yield effect size estimates for
      a subsequent fully powered trial. If the Internet intervention is promising, it should be
      tested in a fully powered national trial. The Internet intervention could substantially
      increase the options for AEP prevention, and could lead to a reduction in incident FASD.
    </textblock>
  </brief_summary>
  <detailed_description>
    <textblock>
      As the first study of a fully interactive Internet intervention for reducing AEP risk, the
      proposed project is a significant extension of the growing literature on Internet
      interventions to reduce problem drinking, which established their feasibility and
      acceptability, with evidence of efficacy especially in the university drinking setting. Most
      brief online interventions for problem drinking have incorporated self-assessment and
      tailored normative feedback, and some offer cognitive behavioral exercises. Only one
      web-based intervention to date targeted AEP risk. In that study, a static Internet
      presentation of AEP risk reduction intervention materials was compared to the same
      intervention delivered by mail in a quasi-experimental design. The web delivered and mailed
      versions of this self-guided change intervention significantly reduced AEP risk. The proposed
      intervention will build on this study as well as existing alcohol Internet intervention
      findings and extend the focus to a new population with a new goal (AEP prevention) by
      targeting both drinking AND ineffective contraception. It will also incorporate significant
      enhancements compared to the static web-based self-guided change intervention for AEP by
      adding dynamic, interactive, and feedback elements that mirror the interaction in successful
      face-to-face interventions.
    </textblock>
  </detailed_description>
  <overall_status>Completed</overall_status>
  <start_date>February 2015</start_date>
  <completion_date type="Actual">August 2016</completion_date>
  <primary_completion_date type="Actual">August 2016</primary_completion_date>
  <phase>N/A</phase>
  <study_type>Interventional</study_type>
  <has_expanded_access>No</has_expanded_access>
  <study_design_info>
    <allocation>Randomized</allocation>
    <intervention_model>Parallel Assignment</intervention_model>
    <primary_purpose>Treatment</primary_purpose>
    <masking>Single (Participant)</masking>
  </study_design_info>
  <primary_outcome>
    <measure>Drinks per drinking day (DDD)</measure>
    <time_frame>90 day</time_frame>
    <description>The primary outcome will be drinks per drinking day measured by the combination of prospective self-report diaries and the Time-Line Follow-Back (TLFB) 90 day retrospective self-report, with a secondary outcome of episodes of ineffective contraception.</description>
  </primary_outcome>
  <secondary_outcome>
    <measure>Ineffective contraception rate</measure>
    <time_frame>90 day</time_frame>
    <description>The primary outcome will be drinks per drinking day measured by the combination of prospective self-report diaries and the Time-Line Follow-Back (TLFB) 90 day retrospective self-report, with a secondary outcome of episodes of ineffective contraception.</description>
  </secondary_outcome>
  <other_outcome>
    <measure>Alcohol-exposed pregnancy risk</measure>
    <time_frame>90-day</time_frame>
    <description>This variable is determined by the combination of drinking risk and pregnancy risk.</description>
  </other_outcome>
  <number_of_arms>2</number_of_arms>
  <enrollment type="Actual">74</enrollment>
  <condition>Fetal Alcohol Spectrum Disorders</condition>
  <arm_group>
    <arm_group_label>CARRII</arm_group_label>
    <arm_group_type>Experimental</arm_group_type>
    <description>CARRII: This is a highly interactive Internet intervention consisting of 6 Cores of Intervention material, including Core 1, Overview, Core 2: Your Risk for AEP, Core 3: Drinking, Core 4: Contraception, Core 5: Thoughts and Decisions, and Core 6: Commit to It.</description>
  </arm_group>
  <arm_group>
    <arm_group_label>Patient Education</arm_group_label>
    <arm_group_type>Active Comparator</arm_group_type>
    <description>CARRII Education: This is a static website containing educational information on the following topics: What is Alcohol Exposed Pregnancy (AEP)?, Fetal Alcohol Spectrum Disorders, Impact of AEP, Prevalence of AEP, Causes and Prevention of AEP, Treatment for AEP, and Links to related information.</description>
  </arm_group>
  <intervention>
    <intervention_type>Behavioral</intervention_type>
    <intervention_name>CARRII</intervention_name>
    <description>CARRII is an interactive, personalized and tailored Internet intervention designed to reduce the risk of AEP among drinking women of childbearing age.</description>
    <arm_group_label>CARRII</arm_group_label>
  </intervention>
  <intervention>
    <intervention_type>Behavioral</intervention_type>
    <intervention_name>CARRII Education</intervention_name>
    <description>CARRII Education provides information on women's health related to drinking and contraception in a static website format.</description>
    <arm_group_label>Patient Education</arm_group_label>
    <other_name>Patient Ed</other_name>
  </intervention>
  <eligibility>
    <criteria>
      <textblock>
        Inclusion Criteria:

          -  Women ages 18-44 who are fertile

               -  can provide informed consent

               -  are at risk for unintended pregnancy due to ineffective, inconsistent, or absent
                  contraception in the past 3 months

               -  speak and read English

               -  have more than 1 episode of drinking 4 or more standard drinks/day during the
                  past 3 months

               -  have regular access to a computer, the Internet, and telephone

               -  reside in the US.

        Exclusion Criteria:

          -  • Currently pregnant or planning pregnancy in the next 6 months

               -  cognitive disorders including mental retardation and dementia that could impair
                  ability to understand the intervention material or give informed consent, or
                  psychotic disorder due to the same issues

               -  live outside the US
      </textblock>
    </criteria>
    <gender>Female</gender>
    <minimum_age>18 Years</minimum_age>
    <maximum_age>44 Years</maximum_age>
    <healthy_volunteers>Accepts Healthy Volunteers</healthy_volunteers>
  </eligibility>
  <overall_official>
    <last_name>Karen S Ingersoll, Ph.D.</last_name>
    <role>Principal Investigator</role>
    <affiliation>University of Virginia</affiliation>
  </overall_official>
  <location>
    <facility>
      <name>Behavioral Health and Technology Lab</name>
      <address>
        <city>Charlottesville</city>
        <state>Virginia</state>
        <zip>22903</zip>
        <country>United States</country>
      </address>
    </facility>
  </location>
  <location_countries>
    <country>United States</country>
  </location_countries>
  <link>
    <url>http://bht.virginia.edu/</url>
    <description>Behavioral Health and Technology Lab at University of Virginia</description>
  </link>
  <verification_date>October 2016</verification_date>
  <lastchanged_date>October 24, 2016</lastchanged_date>
  <firstreceived_date>April 29, 2014</firstreceived_date>
  <responsible_party>
    <responsible_party_type>Principal Investigator</responsible_party_type>
    <investigator_affiliation>University of Virginia</investigator_affiliation>
    <investigator_full_name>Karen Ingersoll</investigator_full_name>
    <investigator_title>Associate Professor, Department of Psychiatry and NB Sciences</investigator_title>
  </responsible_party>
  <keyword>AEP, drinking, contraception, FASD, Internet interventions</keyword>
  <condition_browse>
    <!-- CAUTION:  The following MeSH terms are assigned with an imperfect algorithm            -->
    <mesh_term>Fetal Alcohol Spectrum Disorders</mesh_term>
  </condition_browse>
  <intervention_browse>
    <!-- CAUTION:  The following MeSH terms are assigned with an imperfect algorithm            -->
    <mesh_term>Ethanol</mesh_term>
  </intervention_browse>
  <patient_data>
    <sharing_ipd>No</sharing_ipd>
  </patient_data>
  <!-- Results have not yet been posted for this study                                          -->
</clinical_study>

